model,method,feature,mean,std,rank,dataset,task
GradientBoosting,native,f0_max,0.22938450685779926,0.17856527533178007,1.0,MDVR-KCL,ReadText
GradientBoosting,native,mfcc_4_mean,0.08376318293904529,0.1872557149075697,2.0,MDVR-KCL,ReadText
GradientBoosting,native,f1_std,0.07959866884676534,0.1779880159021546,3.0,MDVR-KCL,ReadText
GradientBoosting,native,mfcc_6_mean,0.06551378106754191,0.14290849501206945,4.0,MDVR-KCL,ReadText
GradientBoosting,native,intensity_min,0.06381957131187624,0.12226517655711423,5.0,MDVR-KCL,ReadText
GradientBoosting,native,mfcc_2_mean,0.05948717948717948,0.13301737712306438,6.0,MDVR-KCL,ReadText
GradientBoosting,native,f0_std,0.05474447282500315,0.0810982207568002,7.0,MDVR-KCL,ReadText
GradientBoosting,native,f3_std,0.05348896687280581,0.070423827840625,8.0,MDVR-KCL,ReadText
GradientBoosting,native,delta_mfcc_10_mean,0.046943823392238196,0.10396736493384318,9.0,MDVR-KCL,ReadText
GradientBoosting,native,delta_mfcc_2_mean,0.04134761390114385,0.08336308528791724,10.0,MDVR-KCL,ReadText
GradientBoosting,native,delta_mfcc_1_mean,0.028607246379639784,0.0507771980681113,11.0,MDVR-KCL,ReadText
GradientBoosting,native,f0_mean,0.02402244866992042,0.024154986647502385,12.0,MDVR-KCL,ReadText
GradientBoosting,native,autocorr_harmonicity,0.022000378391898195,0.026065914603368306,13.0,MDVR-KCL,ReadText
GradientBoosting,native,delta_mfcc_9_mean,0.021106873119713876,0.018429422934405325,14.0,MDVR-KCL,ReadText
GradientBoosting,native,mfcc_5_mean,0.016107642477733348,0.02887314048409438,15.0,MDVR-KCL,ReadText
GradientBoosting,native,f2_mean,0.012218552525793033,0.016765498303665607,16.0,MDVR-KCL,ReadText
GradientBoosting,native,intensity_mean,0.00947167753518666,0.02117931482963503,17.0,MDVR-KCL,ReadText
GradientBoosting,native,intensity_max,0.009381766452976694,0.020978267537882976,18.0,MDVR-KCL,ReadText
GradientBoosting,native,f1_mean,0.00901910845301022,0.02016733959737382,19.0,MDVR-KCL,ReadText
GradientBoosting,native,f3_mean,0.008525376770358273,0.01906332199231871,20.0,MDVR-KCL,ReadText
GradientBoosting,native,mfcc_1_mean,0.008002337805994596,0.017879968482706704,21.0,MDVR-KCL,ReadText
GradientBoosting,native,mfcc_10_mean,0.007551602447417512,0.012234296322256017,22.0,MDVR-KCL,ReadText
GradientBoosting,native,delta_mfcc_4_mean,0.0058674822348221915,0.013013111950969655,23.0,MDVR-KCL,ReadText
GradientBoosting,native,mfcc_12_mean,0.005530178814175437,0.00794468765795376,24.0,MDVR-KCL,ReadText
GradientBoosting,native,delta_mfcc_12_mean,0.004432895017214935,0.0061707315072385025,25.0,MDVR-KCL,ReadText
GradientBoosting,native,delta_mfcc_6_mean,0.0043490145002584284,0.009702754489096427,26.0,MDVR-KCL,ReadText
GradientBoosting,native,mfcc_11_mean,0.0030051660684600827,0.006719748166619963,27.0,MDVR-KCL,ReadText
GradientBoosting,native,shimmer_local,0.00298677671465563,0.004832204840941137,28.0,MDVR-KCL,ReadText
GradientBoosting,native,delta_mfcc_7_mean,0.0026034797069682727,0.005821557602822291,29.0,MDVR-KCL,ReadText
GradientBoosting,native,mfcc_7_mean,0.0026018243179760044,0.005817856040506374,30.0,MDVR-KCL,ReadText
GradientBoosting,native,delta_mfcc_3_mean,0.0025966185481910405,0.0058062155853919805,31.0,MDVR-KCL,ReadText
GradientBoosting,native,shimmer_apq3,0.002441677967484666,0.005459757914459234,32.0,MDVR-KCL,ReadText
GradientBoosting,native,hnr_mean,0.002333758038589707,0.005198171267743225,33.0,MDVR-KCL,ReadText
GradientBoosting,native,jitter_ppq5,0.0018770058963498864,0.0025417257895457655,34.0,MDVR-KCL,ReadText
GradientBoosting,native,delta_mfcc_5_mean,0.0011893125667694969,0.0026593836896101285,35.0,MDVR-KCL,ReadText
GradientBoosting,native,delta_mfcc_8_mean,0.0011043084677408578,0.0010336498874578936,36.0,MDVR-KCL,ReadText
GradientBoosting,native,delta_mfcc_0_mean,0.0006527438770020861,0.0014595796808734261,37.0,MDVR-KCL,ReadText
GradientBoosting,native,f2_std,0.0005854303054115552,0.0013059002541141826,38.0,MDVR-KCL,ReadText
GradientBoosting,native,jitter_local,0.00048674549258983894,0.001088378668492735,39.0,MDVR-KCL,ReadText
GradientBoosting,native,delta_mfcc_11_mean,0.00042791138851162175,0.0009545842076517753,40.0,MDVR-KCL,ReadText
GradientBoosting,native,shimmer_apq11,0.000383665235523088,0.0008577802070769818,41.0,MDVR-KCL,ReadText
GradientBoosting,native,mfcc_0_mean,0.00036198488888112407,0.0008094228183659013,42.0,MDVR-KCL,ReadText
GradientBoosting,native,f0_min,3.9009123210441956e-05,8.722705124121305e-05,43.0,MDVR-KCL,ReadText
GradientBoosting,native,mfcc_8_mean,3.6228279707273435e-05,8.100889613333958e-05,44.0,MDVR-KCL,ReadText
GradientBoosting,native,jitter_rap,4.0184651353250386e-09,8.985561207799677e-09,45.0,MDVR-KCL,ReadText
GradientBoosting,native,mfcc_3_mean,0.0,0.0,46.0,MDVR-KCL,ReadText
GradientBoosting,native,mfcc_9_mean,0.0,0.0,46.0,MDVR-KCL,ReadText
LogisticRegression,native,f0_max,0.7535657238648109,0.20272991320330977,1.0,MDVR-KCL,ReadText
LogisticRegression,native,hnr_mean,0.6490877147768427,0.17803817665171306,2.0,MDVR-KCL,ReadText
LogisticRegression,native,shimmer_apq11,0.5532341508633244,0.1452537195621053,3.0,MDVR-KCL,ReadText
LogisticRegression,native,delta_mfcc_4_mean,0.4959325443418197,0.16323236322857998,4.0,MDVR-KCL,ReadText
LogisticRegression,native,delta_mfcc_2_mean,0.49234748791667027,0.10333019629462036,5.0,MDVR-KCL,ReadText
LogisticRegression,native,delta_mfcc_1_mean,0.47357981209197025,0.27332163097013235,6.0,MDVR-KCL,ReadText
LogisticRegression,native,mfcc_5_mean,0.47016313903194507,0.12656735571848968,7.0,MDVR-KCL,ReadText
LogisticRegression,native,mfcc_4_mean,0.4261283029270051,0.2331580327042672,8.0,MDVR-KCL,ReadText
LogisticRegression,native,mfcc_10_mean,0.4184392323015369,0.22075109140497634,9.0,MDVR-KCL,ReadText
LogisticRegression,native,mfcc_11_mean,0.3880319788404794,0.1924671949207323,10.0,MDVR-KCL,ReadText
LogisticRegression,native,f0_min,0.38254464696629176,0.11137512683099539,11.0,MDVR-KCL,ReadText
LogisticRegression,native,delta_mfcc_8_mean,0.3778433388650571,0.2872817838610789,12.0,MDVR-KCL,ReadText
LogisticRegression,native,intensity_min,0.3760527491226716,0.27987191930241107,13.0,MDVR-KCL,ReadText
LogisticRegression,native,intensity_mean,0.3616315083148317,0.05844024089110657,14.0,MDVR-KCL,ReadText
LogisticRegression,native,delta_mfcc_10_mean,0.36128919402945914,0.074183997931798,15.0,MDVR-KCL,ReadText
LogisticRegression,native,jitter_ppq5,0.3263264264791872,0.0643274430895124,16.0,MDVR-KCL,ReadText
LogisticRegression,native,delta_mfcc_7_mean,0.2956512137181846,0.10116323944009643,17.0,MDVR-KCL,ReadText
LogisticRegression,native,mfcc_7_mean,0.2801439639863584,0.11627185111646436,18.0,MDVR-KCL,ReadText
LogisticRegression,native,delta_mfcc_12_mean,0.27569395048422696,0.22884452944293343,19.0,MDVR-KCL,ReadText
LogisticRegression,native,autocorr_harmonicity,0.26721734616940546,0.08761526459461715,20.0,MDVR-KCL,ReadText
LogisticRegression,native,f0_mean,0.26721734616940546,0.08761526459461715,20.0,MDVR-KCL,ReadText
LogisticRegression,native,shimmer_local,0.25261971192868604,0.0950304600154637,22.0,MDVR-KCL,ReadText
LogisticRegression,native,mfcc_12_mean,0.24070629822813147,0.20576270029713484,23.0,MDVR-KCL,ReadText
LogisticRegression,native,f3_std,0.23892125302825037,0.14520956997796974,24.0,MDVR-KCL,ReadText
LogisticRegression,native,intensity_max,0.2286000317631455,0.13772438559669922,25.0,MDVR-KCL,ReadText
LogisticRegression,native,mfcc_1_mean,0.21940919646687201,0.06300264952849947,26.0,MDVR-KCL,ReadText
LogisticRegression,native,mfcc_2_mean,0.21598085989652555,0.12362628758840924,27.0,MDVR-KCL,ReadText
LogisticRegression,native,mfcc_6_mean,0.2092885612323389,0.08940530511973634,28.0,MDVR-KCL,ReadText
LogisticRegression,native,mfcc_8_mean,0.193550460946456,0.0929998161499083,29.0,MDVR-KCL,ReadText
LogisticRegression,native,mfcc_9_mean,0.19144305265923245,0.10203033502469659,30.0,MDVR-KCL,ReadText
LogisticRegression,native,f1_std,0.18893387162722403,0.16775746549173573,31.0,MDVR-KCL,ReadText
LogisticRegression,native,delta_mfcc_0_mean,0.18036133874479404,0.15595171891455298,32.0,MDVR-KCL,ReadText
LogisticRegression,native,f0_std,0.17648422925847698,0.09549741172203556,33.0,MDVR-KCL,ReadText
LogisticRegression,native,f2_std,0.16772206594188246,0.11551614297618315,34.0,MDVR-KCL,ReadText
LogisticRegression,native,delta_mfcc_9_mean,0.15859187717765386,0.1526110956583594,35.0,MDVR-KCL,ReadText
LogisticRegression,native,mfcc_3_mean,0.13936484879867256,0.07209997403685381,36.0,MDVR-KCL,ReadText
LogisticRegression,native,delta_mfcc_3_mean,0.13809334212441246,0.09860736819565204,37.0,MDVR-KCL,ReadText
LogisticRegression,native,f3_mean,0.12085888479710875,0.09259346158932527,38.0,MDVR-KCL,ReadText
LogisticRegression,native,f2_mean,0.12047418881533441,0.015580247961357032,39.0,MDVR-KCL,ReadText
LogisticRegression,native,f1_mean,0.11689048347664233,0.1033820464087914,40.0,MDVR-KCL,ReadText
LogisticRegression,native,delta_mfcc_11_mean,0.11547990297228225,0.1366616033994637,41.0,MDVR-KCL,ReadText
LogisticRegression,native,jitter_local,0.1096077710197874,0.06620399334227162,42.0,MDVR-KCL,ReadText
LogisticRegression,native,delta_mfcc_6_mean,0.09951506024287157,0.03664138036978969,43.0,MDVR-KCL,ReadText
LogisticRegression,native,mfcc_0_mean,0.07710630398534271,0.045072138200546286,44.0,MDVR-KCL,ReadText
LogisticRegression,native,jitter_rap,0.06387472795788776,0.0753383832464364,45.0,MDVR-KCL,ReadText
LogisticRegression,native,shimmer_apq3,0.06374534376774013,0.06294280751300765,46.0,MDVR-KCL,ReadText
LogisticRegression,native,delta_mfcc_5_mean,0.04437511990311778,0.06521403884944552,47.0,MDVR-KCL,ReadText
RandomForest,native,f0_max,0.05156103182448911,0.019237351816836928,1.0,MDVR-KCL,ReadText
RandomForest,native,delta_mfcc_2_mean,0.0386716610850387,0.017799313142735675,2.0,MDVR-KCL,ReadText
RandomForest,native,f3_std,0.03781894193155858,0.011388025735328572,3.0,MDVR-KCL,ReadText
RandomForest,native,autocorr_harmonicity,0.03766597752136462,0.01672501633340619,4.0,MDVR-KCL,ReadText
RandomForest,native,intensity_mean,0.03549953007586905,0.021181534201878145,5.0,MDVR-KCL,ReadText
RandomForest,native,f0_mean,0.03229335087428605,0.012233769011467393,6.0,MDVR-KCL,ReadText
RandomForest,native,shimmer_apq3,0.031518945019032386,0.013284763149085105,7.0,MDVR-KCL,ReadText
RandomForest,native,mfcc_12_mean,0.03089458259862894,0.007195081728252115,8.0,MDVR-KCL,ReadText
RandomForest,native,f1_std,0.03084212863360734,0.021667833658421228,9.0,MDVR-KCL,ReadText
RandomForest,native,mfcc_6_mean,0.02996640568893183,0.023793443701780485,10.0,MDVR-KCL,ReadText
RandomForest,native,intensity_min,0.02904727453136463,0.008578376121862004,11.0,MDVR-KCL,ReadText
RandomForest,native,delta_mfcc_8_mean,0.028619871424762557,0.018866490433396256,12.0,MDVR-KCL,ReadText
RandomForest,native,mfcc_4_mean,0.02545457504652409,0.022653472835776803,13.0,MDVR-KCL,ReadText
RandomForest,native,mfcc_10_mean,0.024459283771988184,0.007863313017268319,14.0,MDVR-KCL,ReadText
RandomForest,native,mfcc_5_mean,0.023764519436788784,0.013231869419510255,15.0,MDVR-KCL,ReadText
RandomForest,native,f3_mean,0.023420236792071735,0.009471663596147574,16.0,MDVR-KCL,ReadText
RandomForest,native,f0_min,0.022441979331508842,0.00844576589748964,17.0,MDVR-KCL,ReadText
RandomForest,native,intensity_max,0.02210981275413751,0.009799798165733136,18.0,MDVR-KCL,ReadText
RandomForest,native,delta_mfcc_1_mean,0.021908070025637418,0.005565387907508365,19.0,MDVR-KCL,ReadText
RandomForest,native,jitter_local,0.021330643554990737,0.005912595331258236,20.0,MDVR-KCL,ReadText
RandomForest,native,mfcc_2_mean,0.021256552469369406,0.008004879261400748,21.0,MDVR-KCL,ReadText
RandomForest,native,mfcc_1_mean,0.019750211457050904,0.00863410984393773,22.0,MDVR-KCL,ReadText
RandomForest,native,shimmer_local,0.019526538795886034,0.005680379981461231,23.0,MDVR-KCL,ReadText
RandomForest,native,jitter_ppq5,0.018802309312810035,0.009262257027747888,24.0,MDVR-KCL,ReadText
RandomForest,native,shimmer_apq11,0.018574279012156948,0.006381263501492461,25.0,MDVR-KCL,ReadText
RandomForest,native,mfcc_11_mean,0.018396519070828274,0.00942928775123596,26.0,MDVR-KCL,ReadText
RandomForest,native,mfcc_8_mean,0.018202746739147357,0.008532636947802284,27.0,MDVR-KCL,ReadText
RandomForest,native,delta_mfcc_3_mean,0.017024787576638337,0.006635623663868259,28.0,MDVR-KCL,ReadText
RandomForest,native,mfcc_3_mean,0.016745485429907343,0.005354149506054519,29.0,MDVR-KCL,ReadText
RandomForest,native,delta_mfcc_10_mean,0.0161262577228668,0.004139927258461998,30.0,MDVR-KCL,ReadText
RandomForest,native,f2_std,0.01577734421814255,0.004944656035384915,31.0,MDVR-KCL,ReadText
RandomForest,native,f2_mean,0.015534449484548357,0.009016261714922893,32.0,MDVR-KCL,ReadText
RandomForest,native,mfcc_0_mean,0.01515078987270727,0.009879064395434114,33.0,MDVR-KCL,ReadText
RandomForest,native,f1_mean,0.014889323296301323,0.004287606820478216,34.0,MDVR-KCL,ReadText
RandomForest,native,f0_std,0.01467589834138439,0.008138195723246656,35.0,MDVR-KCL,ReadText
RandomForest,native,hnr_mean,0.01448384629028875,0.00743615736980387,36.0,MDVR-KCL,ReadText
RandomForest,native,delta_mfcc_12_mean,0.01335279822022337,0.005460823503108825,37.0,MDVR-KCL,ReadText
RandomForest,native,mfcc_7_mean,0.013190146274191624,0.0024782926024166647,38.0,MDVR-KCL,ReadText
RandomForest,native,delta_mfcc_6_mean,0.013044253876799448,0.006649814723761453,39.0,MDVR-KCL,ReadText
RandomForest,native,delta_mfcc_9_mean,0.012913659062124442,0.0018024987497757064,40.0,MDVR-KCL,ReadText
RandomForest,native,delta_mfcc_5_mean,0.012155105652910374,0.00580032994457599,41.0,MDVR-KCL,ReadText
RandomForest,native,jitter_rap,0.011661475485304338,0.006752185632856815,42.0,MDVR-KCL,ReadText
RandomForest,native,delta_mfcc_0_mean,0.011015126919185308,0.003938115341307598,43.0,MDVR-KCL,ReadText
RandomForest,native,delta_mfcc_4_mean,0.010457999642761107,0.004169071906659442,44.0,MDVR-KCL,ReadText
RandomForest,native,mfcc_9_mean,0.010202726259103498,0.005937149907822546,45.0,MDVR-KCL,ReadText
RandomForest,native,delta_mfcc_7_mean,0.009706826274627225,0.0020324288385928863,46.0,MDVR-KCL,ReadText
RandomForest,native,delta_mfcc_11_mean,0.00809372132015421,0.006615929138056454,47.0,MDVR-KCL,ReadText
XGBoost,native,f0_max,0.08291269391775132,0.027907236593917847,1.0,MDVR-KCL,ReadText
XGBoost,native,intensity_min,0.0641086108982563,0.06286918797769156,2.0,MDVR-KCL,ReadText
XGBoost,native,f0_mean,0.06325035840272904,0.044095744024732736,3.0,MDVR-KCL,ReadText
XGBoost,native,f3_std,0.06137706041336059,0.04414365477692863,4.0,MDVR-KCL,ReadText
XGBoost,native,intensity_mean,0.05077400095760822,0.04702041077582457,5.0,MDVR-KCL,ReadText
XGBoost,native,delta_mfcc_10_mean,0.04133554045110941,0.03668769797478057,6.0,MDVR-KCL,ReadText
XGBoost,native,f1_std,0.04087876603007316,0.0748426666560928,7.0,MDVR-KCL,ReadText
XGBoost,native,delta_mfcc_2_mean,0.03777013625949621,0.027968941605633613,8.0,MDVR-KCL,ReadText
XGBoost,native,mfcc_3_mean,0.032491647824645045,0.023180203034130105,9.0,MDVR-KCL,ReadText
XGBoost,native,mfcc_11_mean,0.030757914809510113,0.039990854177332016,10.0,MDVR-KCL,ReadText
XGBoost,native,delta_mfcc_12_mean,0.030470626428723335,0.038641995659736424,11.0,MDVR-KCL,ReadText
XGBoost,native,f1_mean,0.028633827716112135,0.018664829544406358,12.0,MDVR-KCL,ReadText
XGBoost,native,intensity_max,0.027688262145966293,0.03559880515311658,13.0,MDVR-KCL,ReadText
XGBoost,native,shimmer_local,0.027311531640589238,0.019633332707553672,14.0,MDVR-KCL,ReadText
XGBoost,native,f0_min,0.027251228271052242,0.05895481543300817,15.0,MDVR-KCL,ReadText
XGBoost,native,mfcc_2_mean,0.0262320464476943,0.03577153358957327,16.0,MDVR-KCL,ReadText
XGBoost,native,mfcc_6_mean,0.025267643481492998,0.0517240031427727,17.0,MDVR-KCL,ReadText
XGBoost,native,mfcc_5_mean,0.02433405853807926,0.026122475515683787,18.0,MDVR-KCL,ReadText
XGBoost,native,mfcc_1_mean,0.023363862186670303,0.019751962370825108,19.0,MDVR-KCL,ReadText
XGBoost,native,mfcc_4_mean,0.020392189733684063,0.03428253940815329,20.0,MDVR-KCL,ReadText
XGBoost,native,delta_mfcc_5_mean,0.02020818293094635,0.020892845800120168,21.0,MDVR-KCL,ReadText
XGBoost,native,jitter_ppq5,0.01990514397621155,0.044509255032729476,22.0,MDVR-KCL,ReadText
XGBoost,native,shimmer_apq11,0.01770238485187292,0.014566872442319736,23.0,MDVR-KCL,ReadText
XGBoost,native,shimmer_apq3,0.016545315831899644,0.015302299058576703,24.0,MDVR-KCL,ReadText
XGBoost,native,delta_mfcc_7_mean,0.016332212090492248,0.036519936457284616,25.0,MDVR-KCL,ReadText
XGBoost,native,mfcc_9_mean,0.01622581034898758,0.03628201493035581,26.0,MDVR-KCL,ReadText
XGBoost,native,jitter_local,0.015087349712848664,0.03373633955824154,27.0,MDVR-KCL,ReadText
XGBoost,native,delta_mfcc_9_mean,0.015087164752185345,0.02952308668222611,28.0,MDVR-KCL,ReadText
XGBoost,native,mfcc_10_mean,0.015061550214886666,0.01611875782420272,29.0,MDVR-KCL,ReadText
XGBoost,native,delta_mfcc_4_mean,0.01460521500557661,0.018574463796503335,30.0,MDVR-KCL,ReadText
XGBoost,native,f2_std,0.013901125639677048,0.0190683699471286,31.0,MDVR-KCL,ReadText
XGBoost,native,mfcc_12_mean,0.011452683433890342,0.016089387296689562,32.0,MDVR-KCL,ReadText
XGBoost,native,delta_mfcc_1_mean,0.0074053224176168445,0.010311360853144201,33.0,MDVR-KCL,ReadText
XGBoost,native,mfcc_8_mean,0.006739770621061325,0.006925249176239807,34.0,MDVR-KCL,ReadText
XGBoost,native,mfcc_7_mean,0.005587513744831085,0.008696383070258547,35.0,MDVR-KCL,ReadText
XGBoost,native,f2_mean,0.004920901358127594,0.011003469947344337,36.0,MDVR-KCL,ReadText
XGBoost,native,delta_mfcc_8_mean,0.004310102760791778,0.009637682763139931,37.0,MDVR-KCL,ReadText
XGBoost,native,hnr_mean,0.0040997728705406185,0.009167370830838269,38.0,MDVR-KCL,ReadText
XGBoost,native,mfcc_0_mean,0.0032746752724051474,0.004850535007901198,39.0,MDVR-KCL,ReadText
XGBoost,native,f3_mean,0.0026009019929915667,0.004562449199125677,40.0,MDVR-KCL,ReadText
XGBoost,native,jitter_rap,0.0015685660764575005,0.0035074203741591037,41.0,MDVR-KCL,ReadText
XGBoost,native,delta_mfcc_3_mean,0.0007066787220537663,0.001580181660764901,42.0,MDVR-KCL,ReadText
XGBoost,native,delta_mfcc_6_mean,6.95912865921855e-05,0.00015561084746179647,43.0,MDVR-KCL,ReadText
XGBoost,native,autocorr_harmonicity,0.0,0.0,44.0,MDVR-KCL,ReadText
XGBoost,native,delta_mfcc_0_mean,0.0,0.0,44.0,MDVR-KCL,ReadText
XGBoost,native,delta_mfcc_11_mean,0.0,0.0,44.0,MDVR-KCL,ReadText
XGBoost,native,f0_std,0.0,0.0,44.0,MDVR-KCL,ReadText
GradientBoosting,native,mfcc_5_mean,0.342303655060589,0.20443229423166165,1.0,MDVR-KCL,SpontaneousDialogue
GradientBoosting,native,shimmer_apq11,0.13442849849538857,0.13236550755249935,2.0,MDVR-KCL,SpontaneousDialogue
GradientBoosting,native,delta_mfcc_8_mean,0.08590624348538652,0.19189450215426207,3.0,MDVR-KCL,SpontaneousDialogue
GradientBoosting,native,intensity_min,0.05032387068093963,0.09305465806844472,4.0,MDVR-KCL,SpontaneousDialogue
GradientBoosting,native,shimmer_local,0.049581519665688384,0.0892040561970923,5.0,MDVR-KCL,SpontaneousDialogue
GradientBoosting,native,f1_std,0.04008167277732757,0.03246052896491276,6.0,MDVR-KCL,SpontaneousDialogue
GradientBoosting,native,mfcc_11_mean,0.03976415741121623,0.08891535903948154,7.0,MDVR-KCL,SpontaneousDialogue
GradientBoosting,native,mfcc_10_mean,0.026690678711552684,0.01968882621453214,8.0,MDVR-KCL,SpontaneousDialogue
GradientBoosting,native,mfcc_1_mean,0.024116251438780472,0.025738897298976684,9.0,MDVR-KCL,SpontaneousDialogue
GradientBoosting,native,intensity_max,0.02356973915569425,0.03647252239599997,10.0,MDVR-KCL,SpontaneousDialogue
GradientBoosting,native,delta_mfcc_7_mean,0.01584000322922843,0.019495902263593042,11.0,MDVR-KCL,SpontaneousDialogue
GradientBoosting,native,mfcc_3_mean,0.012906243033449566,0.01137612105238176,12.0,MDVR-KCL,SpontaneousDialogue
GradientBoosting,native,mfcc_2_mean,0.012828939790881969,0.023235562098379015,13.0,MDVR-KCL,SpontaneousDialogue
GradientBoosting,native,mfcc_12_mean,0.012369591763055595,0.013330541425112082,14.0,MDVR-KCL,SpontaneousDialogue
GradientBoosting,native,delta_mfcc_0_mean,0.01154284464404093,0.01563476732222838,15.0,MDVR-KCL,SpontaneousDialogue
GradientBoosting,native,delta_mfcc_5_mean,0.0106610078446582,0.02017835700147142,16.0,MDVR-KCL,SpontaneousDialogue
GradientBoosting,native,autocorr_harmonicity,0.01027902212245502,0.011852144372161234,17.0,MDVR-KCL,SpontaneousDialogue
GradientBoosting,native,mfcc_8_mean,0.010257589422503374,0.010060400911277897,18.0,MDVR-KCL,SpontaneousDialogue
GradientBoosting,native,f0_std,0.01022417830191808,0.0141789194949518,19.0,MDVR-KCL,SpontaneousDialogue
GradientBoosting,native,intensity_mean,0.009193298458014343,0.015657096853804762,20.0,MDVR-KCL,SpontaneousDialogue
GradientBoosting,native,delta_mfcc_10_mean,0.009134673092023463,0.012660859277154771,21.0,MDVR-KCL,SpontaneousDialogue
GradientBoosting,native,delta_mfcc_11_mean,0.008834107008318302,0.013933379237103123,22.0,MDVR-KCL,SpontaneousDialogue
GradientBoosting,native,mfcc_4_mean,0.007184153473328125,0.01606384657338731,23.0,MDVR-KCL,SpontaneousDialogue
GradientBoosting,native,delta_mfcc_2_mean,0.006449852169906294,0.013385377413681416,24.0,MDVR-KCL,SpontaneousDialogue
GradientBoosting,native,f0_min,0.00607712781882897,0.008558638982260258,25.0,MDVR-KCL,SpontaneousDialogue
GradientBoosting,native,mfcc_0_mean,0.004131378526094737,0.009085662754095216,26.0,MDVR-KCL,SpontaneousDialogue
GradientBoosting,native,f3_mean,0.0038845267702632387,0.008683550307511822,27.0,MDVR-KCL,SpontaneousDialogue
GradientBoosting,native,f0_mean,0.003122528442441353,0.0036901520182524147,28.0,MDVR-KCL,SpontaneousDialogue
GradientBoosting,native,delta_mfcc_3_mean,0.0027947049555197864,0.005409261957112025,29.0,MDVR-KCL,SpontaneousDialogue
GradientBoosting,native,f3_std,0.0026045233409874072,0.0035720840317128256,30.0,MDVR-KCL,SpontaneousDialogue
GradientBoosting,native,shimmer_apq3,0.0019260401542133855,0.0032816949789389797,31.0,MDVR-KCL,SpontaneousDialogue
GradientBoosting,native,delta_mfcc_6_mean,0.001886558335630242,0.004218100939724651,32.0,MDVR-KCL,SpontaneousDialogue
GradientBoosting,native,f0_max,0.0018794068500308867,0.0028748557603422843,33.0,MDVR-KCL,SpontaneousDialogue
GradientBoosting,native,mfcc_7_mean,0.0017275375275256275,0.003862891345229217,34.0,MDVR-KCL,SpontaneousDialogue
GradientBoosting,native,delta_mfcc_12_mean,0.0015461749896298906,0.003371149192949081,35.0,MDVR-KCL,SpontaneousDialogue
GradientBoosting,native,mfcc_6_mean,0.0015356917302296609,0.0034336231923162664,36.0,MDVR-KCL,SpontaneousDialogue
GradientBoosting,native,delta_mfcc_4_mean,0.0012901601942901207,0.0023350849361478865,37.0,MDVR-KCL,SpontaneousDialogue
GradientBoosting,native,jitter_local,0.0005201615790164198,0.0011294724410941086,38.0,MDVR-KCL,SpontaneousDialogue
GradientBoosting,native,jitter_ppq5,0.00048057875298875344,0.001074606760224933,39.0,MDVR-KCL,SpontaneousDialogue
GradientBoosting,native,jitter_rap,4.167393288413501e-05,9.318574681868976e-05,40.0,MDVR-KCL,SpontaneousDialogue
GradientBoosting,native,mfcc_9_mean,4.112395918772932e-05,9.19559682476898e-05,41.0,MDVR-KCL,SpontaneousDialogue
GradientBoosting,native,f2_mean,1.2336726860617348e-05,1.8270669121103268e-05,42.0,MDVR-KCL,SpontaneousDialogue
GradientBoosting,native,f1_mean,1.1929797208654714e-05,2.66756672640001e-05,43.0,MDVR-KCL,SpontaneousDialogue
GradientBoosting,native,hnr_mean,1.1325683485838631e-05,1.7978935734152858e-05,44.0,MDVR-KCL,SpontaneousDialogue
GradientBoosting,native,delta_mfcc_9_mean,2.3513710592681916e-06,5.257825528849363e-06,45.0,MDVR-KCL,SpontaneousDialogue
GradientBoosting,native,f2_std,2.857186835713652e-07,5.985939913774834e-07,46.0,MDVR-KCL,SpontaneousDialogue
GradientBoosting,native,delta_mfcc_1_mean,8.160659469711131e-08,1.8247789315501477e-07,47.0,MDVR-KCL,SpontaneousDialogue
LogisticRegression,native,mfcc_5_mean,0.7219605189165571,0.03887483004028903,1.0,MDVR-KCL,SpontaneousDialogue
LogisticRegression,native,delta_mfcc_8_mean,0.6145765095902191,0.1214009058557734,2.0,MDVR-KCL,SpontaneousDialogue
LogisticRegression,native,shimmer_apq11,0.5593677978073968,0.1356058472078971,3.0,MDVR-KCL,SpontaneousDialogue
LogisticRegression,native,delta_mfcc_2_mean,0.4934769821718274,0.19550597404211903,4.0,MDVR-KCL,SpontaneousDialogue
LogisticRegression,native,intensity_min,0.458709636687926,0.1701942083027016,5.0,MDVR-KCL,SpontaneousDialogue
LogisticRegression,native,mfcc_3_mean,0.387565604300102,0.2714467671865858,6.0,MDVR-KCL,SpontaneousDialogue
LogisticRegression,native,delta_mfcc_11_mean,0.38130962906204513,0.10244035834155875,7.0,MDVR-KCL,SpontaneousDialogue
LogisticRegression,native,delta_mfcc_7_mean,0.3804743723798621,0.15019631024177352,8.0,MDVR-KCL,SpontaneousDialogue
LogisticRegression,native,hnr_mean,0.3785609081265766,0.17515475530735106,9.0,MDVR-KCL,SpontaneousDialogue
LogisticRegression,native,delta_mfcc_1_mean,0.3521085003593993,0.12259228090086456,10.0,MDVR-KCL,SpontaneousDialogue
LogisticRegression,native,jitter_local,0.35043428838360013,0.1425652122578369,11.0,MDVR-KCL,SpontaneousDialogue
LogisticRegression,native,jitter_ppq5,0.3339663394430571,0.11231000297894679,12.0,MDVR-KCL,SpontaneousDialogue
LogisticRegression,native,f0_min,0.32469292093679103,0.14624522027096307,13.0,MDVR-KCL,SpontaneousDialogue
LogisticRegression,native,delta_mfcc_3_mean,0.3229218011129919,0.17066103795811405,14.0,MDVR-KCL,SpontaneousDialogue
LogisticRegression,native,shimmer_local,0.31338363001655273,0.08588745112494736,15.0,MDVR-KCL,SpontaneousDialogue
LogisticRegression,native,f2_mean,0.2929674575989978,0.0684181462326354,16.0,MDVR-KCL,SpontaneousDialogue
LogisticRegression,native,delta_mfcc_6_mean,0.28995539145350846,0.038963629008139974,17.0,MDVR-KCL,SpontaneousDialogue
LogisticRegression,native,f0_std,0.28641057199531195,0.1496194841391692,18.0,MDVR-KCL,SpontaneousDialogue
LogisticRegression,native,mfcc_0_mean,0.2714363539757293,0.1762474902776064,19.0,MDVR-KCL,SpontaneousDialogue
LogisticRegression,native,delta_mfcc_4_mean,0.2706231457728066,0.1131624946721485,20.0,MDVR-KCL,SpontaneousDialogue
LogisticRegression,native,f0_max,0.2651269290801298,0.2425448434503476,21.0,MDVR-KCL,SpontaneousDialogue
LogisticRegression,native,mfcc_8_mean,0.2580290295293247,0.06618816358351964,22.0,MDVR-KCL,SpontaneousDialogue
LogisticRegression,native,mfcc_4_mean,0.2391156830992248,0.08499633458655735,23.0,MDVR-KCL,SpontaneousDialogue
LogisticRegression,native,mfcc_6_mean,0.23639716321360732,0.10083574832317788,24.0,MDVR-KCL,SpontaneousDialogue
LogisticRegression,native,mfcc_12_mean,0.23328952165541034,0.14226255406548582,25.0,MDVR-KCL,SpontaneousDialogue
LogisticRegression,native,mfcc_11_mean,0.22988529703903446,0.11621504368015459,26.0,MDVR-KCL,SpontaneousDialogue
LogisticRegression,native,delta_mfcc_9_mean,0.22000958050412592,0.059961113507662145,27.0,MDVR-KCL,SpontaneousDialogue
LogisticRegression,native,delta_mfcc_5_mean,0.21208571397622178,0.1757738652295174,28.0,MDVR-KCL,SpontaneousDialogue
LogisticRegression,native,mfcc_1_mean,0.20075271285842292,0.18993549100103949,29.0,MDVR-KCL,SpontaneousDialogue
LogisticRegression,native,mfcc_10_mean,0.19559717798922938,0.12334722251551705,30.0,MDVR-KCL,SpontaneousDialogue
LogisticRegression,native,delta_mfcc_12_mean,0.1951000653056928,0.1838790524928714,31.0,MDVR-KCL,SpontaneousDialogue
LogisticRegression,native,intensity_max,0.19268087479597928,0.1453160190641366,32.0,MDVR-KCL,SpontaneousDialogue
LogisticRegression,native,mfcc_7_mean,0.19083445000281346,0.11143919241401214,33.0,MDVR-KCL,SpontaneousDialogue
LogisticRegression,native,intensity_mean,0.1811355129011769,0.092924319560314,34.0,MDVR-KCL,SpontaneousDialogue
LogisticRegression,native,f1_std,0.171261704308289,0.15358050863618597,35.0,MDVR-KCL,SpontaneousDialogue
LogisticRegression,native,f3_std,0.1642857459340758,0.05147294316913699,36.0,MDVR-KCL,SpontaneousDialogue
LogisticRegression,native,mfcc_9_mean,0.16157632056886806,0.10921211403821601,37.0,MDVR-KCL,SpontaneousDialogue
LogisticRegression,native,shimmer_apq3,0.16007780249593506,0.09943041287095215,38.0,MDVR-KCL,SpontaneousDialogue
LogisticRegression,native,jitter_rap,0.15561479629607444,0.10955918176621512,39.0,MDVR-KCL,SpontaneousDialogue
LogisticRegression,native,delta_mfcc_10_mean,0.1548266240097523,0.1207161568999088,40.0,MDVR-KCL,SpontaneousDialogue
LogisticRegression,native,f2_std,0.12448200042222057,0.08187382647507094,41.0,MDVR-KCL,SpontaneousDialogue
LogisticRegression,native,f1_mean,0.10848056116796048,0.08303961903847197,42.0,MDVR-KCL,SpontaneousDialogue
LogisticRegression,native,f3_mean,0.10841689454363372,0.06625912544145063,43.0,MDVR-KCL,SpontaneousDialogue
LogisticRegression,native,autocorr_harmonicity,0.10608665777892808,0.14754166280252926,44.0,MDVR-KCL,SpontaneousDialogue
LogisticRegression,native,f0_mean,0.10608665777892808,0.14754166280252926,44.0,MDVR-KCL,SpontaneousDialogue
LogisticRegression,native,mfcc_2_mean,0.10090019232713057,0.04345493602285507,46.0,MDVR-KCL,SpontaneousDialogue
LogisticRegression,native,delta_mfcc_0_mean,0.07318516990905206,0.05781910935770359,47.0,MDVR-KCL,SpontaneousDialogue
RandomForest,native,mfcc_5_mean,0.0804596075285698,0.022464908583836582,1.0,MDVR-KCL,SpontaneousDialogue
RandomForest,native,shimmer_apq11,0.0693429679650873,0.006825031240696151,2.0,MDVR-KCL,SpontaneousDialogue
RandomForest,native,delta_mfcc_8_mean,0.050887722285660575,0.014815482579562202,3.0,MDVR-KCL,SpontaneousDialogue
RandomForest,native,jitter_local,0.041260578599383216,0.012473239315343457,4.0,MDVR-KCL,SpontaneousDialogue
RandomForest,native,delta_mfcc_2_mean,0.03953738587621185,0.017708148289051928,5.0,MDVR-KCL,SpontaneousDialogue
RandomForest,native,autocorr_harmonicity,0.03671791675061633,0.011395712502547506,6.0,MDVR-KCL,SpontaneousDialogue
RandomForest,native,shimmer_local,0.0358967039209542,0.017422418586364147,7.0,MDVR-KCL,SpontaneousDialogue
RandomForest,native,mfcc_1_mean,0.03433912337402101,0.009886747932498628,8.0,MDVR-KCL,SpontaneousDialogue
RandomForest,native,f0_std,0.03195520656636756,0.022254234400676014,9.0,MDVR-KCL,SpontaneousDialogue
RandomForest,native,f0_mean,0.03117481492234516,0.012667446407151676,10.0,MDVR-KCL,SpontaneousDialogue
RandomForest,native,jitter_ppq5,0.030831459945530142,0.006229558892291148,11.0,MDVR-KCL,SpontaneousDialogue
RandomForest,native,shimmer_apq3,0.027609174927008845,0.007161080736681471,12.0,MDVR-KCL,SpontaneousDialogue
RandomForest,native,mfcc_2_mean,0.026495076560980456,0.02250794877194549,13.0,MDVR-KCL,SpontaneousDialogue
RandomForest,native,f1_std,0.026392798448330635,0.015121980532604839,14.0,MDVR-KCL,SpontaneousDialogue
RandomForest,native,f3_std,0.023860768004232733,0.012090850598775734,15.0,MDVR-KCL,SpontaneousDialogue
RandomForest,native,delta_mfcc_4_mean,0.021024509550053968,0.012527051957926357,16.0,MDVR-KCL,SpontaneousDialogue
RandomForest,native,intensity_max,0.020999323354460482,0.013777081288678038,17.0,MDVR-KCL,SpontaneousDialogue
RandomForest,native,intensity_min,0.020362911110161995,0.006486231652109928,18.0,MDVR-KCL,SpontaneousDialogue
RandomForest,native,delta_mfcc_1_mean,0.019343148006090286,0.009413930490490904,19.0,MDVR-KCL,SpontaneousDialogue
RandomForest,native,mfcc_4_mean,0.01840554031941025,0.009433020790385774,20.0,MDVR-KCL,SpontaneousDialogue
RandomForest,native,f1_mean,0.01770814949369342,0.014622432012368038,21.0,MDVR-KCL,SpontaneousDialogue
RandomForest,native,mfcc_7_mean,0.017488926234337423,0.010042889103960713,22.0,MDVR-KCL,SpontaneousDialogue
RandomForest,native,f2_mean,0.01737714814706738,0.01460531115759924,23.0,MDVR-KCL,SpontaneousDialogue
RandomForest,native,mfcc_3_mean,0.016624944899765265,0.012244523576614952,24.0,MDVR-KCL,SpontaneousDialogue
RandomForest,native,mfcc_12_mean,0.014895423548099978,0.010240376977698093,25.0,MDVR-KCL,SpontaneousDialogue
RandomForest,native,mfcc_11_mean,0.014862787017696142,0.003633908760268797,26.0,MDVR-KCL,SpontaneousDialogue
RandomForest,native,delta_mfcc_0_mean,0.01411828887729225,0.0071837441819378785,27.0,MDVR-KCL,SpontaneousDialogue
RandomForest,native,jitter_rap,0.01390608705620169,0.0032413344426101835,28.0,MDVR-KCL,SpontaneousDialogue
RandomForest,native,f3_mean,0.012799921232136743,0.003720867130846079,29.0,MDVR-KCL,SpontaneousDialogue
RandomForest,native,f0_min,0.012580166894644631,0.003663507171225133,30.0,MDVR-KCL,SpontaneousDialogue
RandomForest,native,delta_mfcc_5_mean,0.012390113694204199,0.0035999494748895425,31.0,MDVR-KCL,SpontaneousDialogue
RandomForest,native,delta_mfcc_10_mean,0.012140279438307209,0.007580648677236278,32.0,MDVR-KCL,SpontaneousDialogue
RandomForest,native,delta_mfcc_3_mean,0.011739508106082264,0.006048057388377728,33.0,MDVR-KCL,SpontaneousDialogue
RandomForest,native,mfcc_0_mean,0.011627709317497115,0.006462504994340685,34.0,MDVR-KCL,SpontaneousDialogue
RandomForest,native,intensity_mean,0.011341108974288692,0.003164433285174563,35.0,MDVR-KCL,SpontaneousDialogue
RandomForest,native,delta_mfcc_7_mean,0.011269469461125076,0.004027795721870267,36.0,MDVR-KCL,SpontaneousDialogue
RandomForest,native,delta_mfcc_11_mean,0.010868426723449304,0.003105298147608257,37.0,MDVR-KCL,SpontaneousDialogue
RandomForest,native,mfcc_6_mean,0.010784780311372585,0.004312752049298877,38.0,MDVR-KCL,SpontaneousDialogue
RandomForest,native,mfcc_10_mean,0.010234638103812801,0.003902772482304009,39.0,MDVR-KCL,SpontaneousDialogue
RandomForest,native,mfcc_8_mean,0.009296726734797842,0.00397360716775879,40.0,MDVR-KCL,SpontaneousDialogue
RandomForest,native,hnr_mean,0.008689613804905875,0.004765811634086948,41.0,MDVR-KCL,SpontaneousDialogue
RandomForest,native,f2_std,0.008609562431102299,0.005354583913854186,42.0,MDVR-KCL,SpontaneousDialogue
RandomForest,native,delta_mfcc_12_mean,0.007716913631233974,0.0031719777663545647,43.0,MDVR-KCL,SpontaneousDialogue
RandomForest,native,f0_max,0.006573779573133304,0.0005339023066772135,44.0,MDVR-KCL,SpontaneousDialogue
RandomForest,native,delta_mfcc_6_mean,0.0065605756549814865,0.0026051616731393667,45.0,MDVR-KCL,SpontaneousDialogue
RandomForest,native,mfcc_9_mean,0.005860568750582147,0.0036495508610986777,46.0,MDVR-KCL,SpontaneousDialogue
RandomForest,native,delta_mfcc_9_mean,0.005037643872712124,0.0011336417374074855,47.0,MDVR-KCL,SpontaneousDialogue
XGBoost,native,mfcc_5_mean,0.13406241536140442,0.058572241877467915,1.0,MDVR-KCL,SpontaneousDialogue
XGBoost,native,shimmer_apq11,0.10374711900949478,0.070923822820643,2.0,MDVR-KCL,SpontaneousDialogue
XGBoost,native,delta_mfcc_8_mean,0.07891035303473473,0.05193062009868246,3.0,MDVR-KCL,SpontaneousDialogue
XGBoost,native,delta_mfcc_2_mean,0.052813456207513806,0.009347945423613427,4.0,MDVR-KCL,SpontaneousDialogue
XGBoost,native,mfcc_4_mean,0.03479065783321857,0.022388008554245827,5.0,MDVR-KCL,SpontaneousDialogue
XGBoost,native,mfcc_2_mean,0.032823333889245986,0.02168770380839485,6.0,MDVR-KCL,SpontaneousDialogue
XGBoost,native,jitter_local,0.03220931105315685,0.012124188836883622,7.0,MDVR-KCL,SpontaneousDialogue
XGBoost,native,f0_mean,0.03140388985048048,0.03530576787766522,8.0,MDVR-KCL,SpontaneousDialogue
XGBoost,native,shimmer_local,0.03135440490441397,0.054186954384215016,9.0,MDVR-KCL,SpontaneousDialogue
XGBoost,native,intensity_max,0.029938409477472304,0.030155090660994036,10.0,MDVR-KCL,SpontaneousDialogue
XGBoost,native,mfcc_12_mean,0.028227112255990505,0.013637057288337799,11.0,MDVR-KCL,SpontaneousDialogue
XGBoost,native,intensity_mean,0.027529165148735046,0.02978756637763174,12.0,MDVR-KCL,SpontaneousDialogue
XGBoost,native,intensity_min,0.02752288281917572,0.061543036920437964,13.0,MDVR-KCL,SpontaneousDialogue
XGBoost,native,mfcc_1_mean,0.02601191921858117,0.02575462138262466,14.0,MDVR-KCL,SpontaneousDialogue
XGBoost,native,mfcc_9_mean,0.02341369427740574,0.03792935625836084,15.0,MDVR-KCL,SpontaneousDialogue
XGBoost,native,delta_mfcc_4_mean,0.022864629328250886,0.023746323770382178,16.0,MDVR-KCL,SpontaneousDialogue
XGBoost,native,delta_mfcc_11_mean,0.022770048677921297,0.02278889514454309,17.0,MDVR-KCL,SpontaneousDialogue
XGBoost,native,mfcc_11_mean,0.021613897383213045,0.03174118579145847,18.0,MDVR-KCL,SpontaneousDialogue
XGBoost,native,delta_mfcc_7_mean,0.01948719471693039,0.022559923379587645,19.0,MDVR-KCL,SpontaneousDialogue
XGBoost,native,delta_mfcc_9_mean,0.019167627952992917,0.03963991300098504,20.0,MDVR-KCL,SpontaneousDialogue
XGBoost,native,f3_std,0.01837926519292523,0.04107629761664432,21.0,MDVR-KCL,SpontaneousDialogue
XGBoost,native,mfcc_0_mean,0.016318317502737045,0.022474737667733568,22.0,MDVR-KCL,SpontaneousDialogue
XGBoost,native,f2_mean,0.01615658514201641,0.02773647633101538,23.0,MDVR-KCL,SpontaneousDialogue
XGBoost,native,jitter_ppq5,0.016099604216287845,0.017572921585217973,24.0,MDVR-KCL,SpontaneousDialogue
XGBoost,native,delta_mfcc_10_mean,0.014429118391126395,0.02338387574659067,25.0,MDVR-KCL,SpontaneousDialogue
XGBoost,native,delta_mfcc_0_mean,0.01430423087440431,0.018745783785557735,26.0,MDVR-KCL,SpontaneousDialogue
XGBoost,native,f1_mean,0.013976500183343888,0.019186516037720532,27.0,MDVR-KCL,SpontaneousDialogue
XGBoost,native,mfcc_7_mean,0.013602487742900848,0.013698079249200119,28.0,MDVR-KCL,SpontaneousDialogue
XGBoost,native,mfcc_3_mean,0.012013774737715721,0.017746509823336407,29.0,MDVR-KCL,SpontaneousDialogue
XGBoost,native,f0_std,0.009315700456500053,0.009212047565211717,30.0,MDVR-KCL,SpontaneousDialogue
XGBoost,native,mfcc_10_mean,0.009182383492588996,0.012574270614794431,31.0,MDVR-KCL,SpontaneousDialogue
XGBoost,native,f1_std,0.007395697385072708,0.016537282094040016,32.0,MDVR-KCL,SpontaneousDialogue
XGBoost,native,hnr_mean,0.006937167048454285,0.015511977091615359,33.0,MDVR-KCL,SpontaneousDialogue
XGBoost,native,f2_std,0.0067313427105546,0.009273893432279549,34.0,MDVR-KCL,SpontaneousDialogue
XGBoost,native,delta_mfcc_5_mean,0.005905285477638245,0.013204619754541428,35.0,MDVR-KCL,SpontaneousDialogue
XGBoost,native,shimmer_apq3,0.005090969381853938,0.00953680213179885,36.0,MDVR-KCL,SpontaneousDialogue
XGBoost,native,jitter_rap,0.00481114573776722,0.01075804891930588,37.0,MDVR-KCL,SpontaneousDialogue
XGBoost,native,delta_mfcc_3_mean,0.003925373777747154,0.008777402604137789,38.0,MDVR-KCL,SpontaneousDialogue
XGBoost,native,delta_mfcc_1_mean,0.003446322679519653,0.007706211783805168,39.0,MDVR-KCL,SpontaneousDialogue
XGBoost,native,delta_mfcc_6_mean,0.001317169889807701,0.002945281411525927,40.0,MDVR-KCL,SpontaneousDialogue
XGBoost,native,autocorr_harmonicity,0.0,0.0,41.0,MDVR-KCL,SpontaneousDialogue
XGBoost,native,delta_mfcc_12_mean,0.0,0.0,41.0,MDVR-KCL,SpontaneousDialogue
XGBoost,native,f0_max,0.0,0.0,41.0,MDVR-KCL,SpontaneousDialogue
XGBoost,native,f0_min,0.0,0.0,41.0,MDVR-KCL,SpontaneousDialogue
XGBoost,native,f3_mean,0.0,0.0,41.0,MDVR-KCL,SpontaneousDialogue
XGBoost,native,mfcc_6_mean,0.0,0.0,41.0,MDVR-KCL,SpontaneousDialogue
XGBoost,native,mfcc_8_mean,0.0,0.0,41.0,MDVR-KCL,SpontaneousDialogue
GradientBoosting,native,std_delta_delta_log_energy,0.13269881474599088,0.03544177233971921,1.0,PD_SPEECH_FEATURES,N/A
GradientBoosting,native,tqwt_TKEO_mean_dec_12,0.030428776404495213,0.03584409604983672,2.0,PD_SPEECH_FEATURES,N/A
GradientBoosting,native,tqwt_entropy_log_dec_27,0.02937974799105523,0.0076191122239214855,3.0,PD_SPEECH_FEATURES,N/A
GradientBoosting,native,std_7th_delta_delta,0.02812141267324287,0.005333105939420949,4.0,PD_SPEECH_FEATURES,N/A
GradientBoosting,native,tqwt_energy_dec_27,0.024041749985733645,0.027956986246648684,5.0,PD_SPEECH_FEATURES,N/A
GradientBoosting,native,tqwt_entropy_log_dec_35,0.023144118054213087,0.019163075825255775,6.0,PD_SPEECH_FEATURES,N/A
GradientBoosting,native,tqwt_TKEO_std_dec_12,0.02250048290994824,0.026129771921931975,7.0,PD_SPEECH_FEATURES,N/A
GradientBoosting,native,mean_MFCC_2nd_coef,0.020854780429255402,0.023535334016988013,8.0,PD_SPEECH_FEATURES,N/A
GradientBoosting,native,tqwt_entropy_log_dec_33,0.020674473676766787,0.005846902859620294,9.0,PD_SPEECH_FEATURES,N/A
GradientBoosting,native,tqwt_TKEO_std_dec_11,0.02033723957654367,0.020703459902772017,10.0,PD_SPEECH_FEATURES,N/A
GradientBoosting,native,std_9th_delta_delta,0.017358648890533852,0.01834232555189547,11.0,PD_SPEECH_FEATURES,N/A
GradientBoosting,native,tqwt_energy_dec_18,0.01618596082683665,0.010043854927771876,12.0,PD_SPEECH_FEATURES,N/A
GradientBoosting,native,tqwt_energy_dec_6,0.014186799525685845,0.013200567435980142,13.0,PD_SPEECH_FEATURES,N/A
GradientBoosting,native,mean_MFCC_6th_coef,0.012267952708352878,0.005803162012453562,14.0,PD_SPEECH_FEATURES,N/A
GradientBoosting,native,tqwt_TKEO_std_dec_19,0.011571979264673054,0.0068295760242749375,15.0,PD_SPEECH_FEATURES,N/A
GradientBoosting,native,std_6th_delta,0.011074146074134922,0.010055116210748878,16.0,PD_SPEECH_FEATURES,N/A
GradientBoosting,native,std_6th_delta_delta,0.009837174395134589,0.004711746048923392,17.0,PD_SPEECH_FEATURES,N/A
GradientBoosting,native,tqwt_energy_dec_21,0.00858328197857269,0.007545315780550343,18.0,PD_SPEECH_FEATURES,N/A
GradientBoosting,native,tqwt_entropy_log_dec_12,0.008503176058353181,0.012052654164883774,19.0,PD_SPEECH_FEATURES,N/A
GradientBoosting,native,std_10th_delta_delta,0.007737607536769278,0.003270450316290606,20.0,PD_SPEECH_FEATURES,N/A
GradientBoosting,native,tqwt_maxValue_dec_13,0.007566385151019543,0.01688426077798054,21.0,PD_SPEECH_FEATURES,N/A
GradientBoosting,native,tqwt_kurtosisValue_dec_20,0.006835177480253332,0.008184412207966656,22.0,PD_SPEECH_FEATURES,N/A
GradientBoosting,native,tqwt_minValue_dec_17,0.006290917787787911,0.004935298083684718,23.0,PD_SPEECH_FEATURES,N/A
GradientBoosting,native,tqwt_maxValue_dec_21,0.006196400691100861,0.01284939400726415,24.0,PD_SPEECH_FEATURES,N/A
GradientBoosting,native,tqwt_medianValue_dec_31,0.005970942357431972,0.009610242211538127,25.0,PD_SPEECH_FEATURES,N/A
GradientBoosting,native,tqwt_kurtosisValue_dec_32,0.0058938588293940735,0.005145314844578591,26.0,PD_SPEECH_FEATURES,N/A
GradientBoosting,native,DFA,0.005762638759431231,0.005053426263136371,27.0,PD_SPEECH_FEATURES,N/A
GradientBoosting,native,tqwt_energy_dec_26,0.005702226188742132,0.004456557322780071,28.0,PD_SPEECH_FEATURES,N/A
GradientBoosting,native,mean_MFCC_1st_coef,0.005675314068492334,0.005981414862884572,29.0,PD_SPEECH_FEATURES,N/A
GradientBoosting,native,std_delta_log_energy,0.005632838134028465,0.005914313865813468,30.0,PD_SPEECH_FEATURES,N/A
GradientBoosting,native,std_8th_delta,0.005559053221314958,0.004389000925263612,31.0,PD_SPEECH_FEATURES,N/A
GradientBoosting,native,std_MFCC_4th_coef,0.005415980752456207,0.004575246980564655,32.0,PD_SPEECH_FEATURES,N/A
GradientBoosting,native,mean_delta_delta_log_energy,0.0052691731343579426,0.0035603205051207986,33.0,PD_SPEECH_FEATURES,N/A
GradientBoosting,native,Ed2_1_coef,0.005209501773785898,0.009784876112351105,34.0,PD_SPEECH_FEATURES,N/A
GradientBoosting,native,tqwt_entropy_log_dec_16,0.004977000656485314,0.005032420470292334,35.0,PD_SPEECH_FEATURES,N/A
GradientBoosting,native,tqwt_entropy_log_dec_36,0.004912885326735374,0.003842563635594871,36.0,PD_SPEECH_FEATURES,N/A
GradientBoosting,native,tqwt_skewnessValue_dec_24,0.0048515199838189,0.004085831908413004,37.0,PD_SPEECH_FEATURES,N/A
GradientBoosting,native,tqwt_entropy_log_dec_1,0.004774766911181373,0.00449376805433468,38.0,PD_SPEECH_FEATURES,N/A
GradientBoosting,native,tqwt_TKEO_mean_dec_26,0.0047002455169703,0.006843556078171346,39.0,PD_SPEECH_FEATURES,N/A
GradientBoosting,native,tqwt_skewnessValue_dec_25,0.004661016190794413,0.003072205231441951,40.0,PD_SPEECH_FEATURES,N/A
GradientBoosting,native,app_LT_TKEO_std_2_coef,0.004520668330512749,0.005221768822465582,41.0,PD_SPEECH_FEATURES,N/A
GradientBoosting,native,tqwt_minValue_dec_11,0.004512260309613475,0.007913614262321587,42.0,PD_SPEECH_FEATURES,N/A
GradientBoosting,native,std_7th_delta,0.00447151204970629,0.0036102782589108747,43.0,PD_SPEECH_FEATURES,N/A
GradientBoosting,native,tqwt_medianValue_dec_36,0.004395451792077549,0.008299379132744256,44.0,PD_SPEECH_FEATURES,N/A
GradientBoosting,native,tqwt_medianValue_dec_16,0.00432398220312159,0.006548995381327364,45.0,PD_SPEECH_FEATURES,N/A
GradientBoosting,native,tqwt_entropy_log_dec_13,0.004304713600830373,0.005918378437433935,46.0,PD_SPEECH_FEATURES,N/A
GradientBoosting,native,tqwt_entropy_shannon_dec_34,0.004280184382097466,0.006737782832660812,47.0,PD_SPEECH_FEATURES,N/A
GradientBoosting,native,mean_MFCC_3rd_coef,0.004269367060437182,0.003940936832204116,48.0,PD_SPEECH_FEATURES,N/A
GradientBoosting,native,tqwt_stdValue_dec_11,0.004235988286297662,0.005521273676494581,49.0,PD_SPEECH_FEATURES,N/A
GradientBoosting,native,tqwt_energy_dec_12,0.004215615815737582,0.0064588283844363385,50.0,PD_SPEECH_FEATURES,N/A
GradientBoosting,native,GNE_SNR_TKEO,0.004111813601170044,0.0058462786563434465,51.0,PD_SPEECH_FEATURES,N/A
GradientBoosting,native,f2,0.004083121285815751,0.008526602968720145,52.0,PD_SPEECH_FEATURES,N/A
GradientBoosting,native,tqwt_kurtosisValue_dec_29,0.0040340807700825956,0.0016199104545993519,53.0,PD_SPEECH_FEATURES,N/A
GradientBoosting,native,mean_2nd_delta,0.003971609005439785,0.0038579036956084196,54.0,PD_SPEECH_FEATURES,N/A
GradientBoosting,native,meanPeriodPulses,0.003908336341389077,0.004568620571027248,55.0,PD_SPEECH_FEATURES,N/A
GradientBoosting,native,tqwt_entropy_shannon_dec_36,0.003857870821146288,0.004161905763842958,56.0,PD_SPEECH_FEATURES,N/A
GradientBoosting,native,tqwt_energy_dec_11,0.003839185332936302,0.006610608049131605,57.0,PD_SPEECH_FEATURES,N/A
GradientBoosting,native,det_TKEO_mean_1_coef,0.003694195940850283,0.007579031745028396,58.0,PD_SPEECH_FEATURES,N/A
GradientBoosting,native,tqwt_kurtosisValue_dec_31,0.0036732321582002717,0.0012634361962708285,59.0,PD_SPEECH_FEATURES,N/A
GradientBoosting,native,mean_MFCC_5th_coef,0.00365010365081033,0.0056968526527877905,60.0,PD_SPEECH_FEATURES,N/A
GradientBoosting,native,std_8th_delta_delta,0.0036496640091652427,0.003789498704680234,61.0,PD_SPEECH_FEATURES,N/A
GradientBoosting,native,tqwt_TKEO_std_dec_20,0.0036411261374940376,0.00467936049908009,62.0,PD_SPEECH_FEATURES,N/A
GradientBoosting,native,tqwt_entropy_shannon_dec_13,0.0036292768845947064,0.004412277306882829,63.0,PD_SPEECH_FEATURES,N/A
GradientBoosting,native,tqwt_kurtosisValue_dec_26,0.003604461945618161,0.006927364696412757,64.0,PD_SPEECH_FEATURES,N/A
GradientBoosting,native,tqwt_kurtosisValue_dec_25,0.003584418086684983,0.0067221449170205005,65.0,PD_SPEECH_FEATURES,N/A
GradientBoosting,native,app_LT_TKEO_mean_1_coef,0.003565193926028356,0.007962760255403444,66.0,PD_SPEECH_FEATURES,N/A
GradientBoosting,native,tqwt_maxValue_dec_11,0.003533150922652499,0.002170187307602744,67.0,PD_SPEECH_FEATURES,N/A
GradientBoosting,native,meanIntensity,0.0035083341309191177,0.0019134373451941888,68.0,PD_SPEECH_FEATURES,N/A
GradientBoosting,native,tqwt_energy_dec_7,0.0035019443223664832,0.0036072726320739005,69.0,PD_SPEECH_FEATURES,N/A
GradientBoosting,native,tqwt_kurtosisValue_dec_24,0.003499436099583445,0.006726408694007254,70.0,PD_SPEECH_FEATURES,N/A
GradientBoosting,native,tqwt_minValue_dec_7,0.0033811835336300263,0.0031048819394030726,71.0,PD_SPEECH_FEATURES,N/A
GradientBoosting,native,tqwt_kurtosisValue_dec_18,0.00330433552342095,0.00400081611138082,72.0,PD_SPEECH_FEATURES,N/A
GradientBoosting,native,tqwt_TKEO_std_dec_21,0.0032580262242161246,0.003551198964632588,73.0,PD_SPEECH_FEATURES,N/A
GradientBoosting,native,tqwt_meanValue_dec_5,0.0031591242631380774,0.0021388990742996082,74.0,PD_SPEECH_FEATURES,N/A
GradientBoosting,native,tqwt_stdValue_dec_33,0.0031565788809587102,0.0030818408935825224,75.0,PD_SPEECH_FEATURES,N/A
GradientBoosting,native,std_4th_delta_delta,0.0031224352671832952,0.003084040593455659,76.0,PD_SPEECH_FEATURES,N/A
GradientBoosting,native,tqwt_stdValue_dec_17,0.00304336653554502,0.00480099438745497,77.0,PD_SPEECH_FEATURES,N/A
GradientBoosting,native,tqwt_meanValue_dec_34,0.0030363519676755643,0.0036654994629370928,78.0,PD_SPEECH_FEATURES,N/A
GradientBoosting,native,tqwt_maxValue_dec_12,0.0029742263676319582,0.0036592612499068574,79.0,PD_SPEECH_FEATURES,N/A
GradientBoosting,native,GNE_NSR_SEO,0.0029255844811684347,0.0028022636216730014,80.0,PD_SPEECH_FEATURES,N/A
GradientBoosting,native,mean_MFCC_10th_coef,0.002903355446550035,0.004954669354364737,81.0,PD_SPEECH_FEATURES,N/A
GradientBoosting,native,tqwt_TKEO_mean_dec_11,0.0028425480461935944,0.003986389893153984,82.0,PD_SPEECH_FEATURES,N/A
GradientBoosting,native,det_TKEO_std_8_coef,0.002795191027625369,0.002783485935845791,83.0,PD_SPEECH_FEATURES,N/A
GradientBoosting,native,minIntensity,0.0026677373712716114,0.0030090778217651314,84.0,PD_SPEECH_FEATURES,N/A
GradientBoosting,native,tqwt_energy_dec_25,0.0025794300633313954,0.0026872806792209297,85.0,PD_SPEECH_FEATURES,N/A
GradientBoosting,native,GNE_std,0.002564546285261954,0.0015302785755495468,86.0,PD_SPEECH_FEATURES,N/A
GradientBoosting,native,tqwt_TKEO_mean_dec_13,0.00248216480073296,0.005414460341870598,87.0,PD_SPEECH_FEATURES,N/A
GradientBoosting,native,tqwt_medianValue_dec_10,0.0024722247635768995,0.002044568220557379,88.0,PD_SPEECH_FEATURES,N/A
GradientBoosting,native,tqwt_skewnessValue_dec_27,0.002460727621759854,0.0040067553770732275,89.0,PD_SPEECH_FEATURES,N/A
GradientBoosting,native,tqwt_TKEO_std_dec_5,0.0024540592410929865,0.0035114966174729185,90.0,PD_SPEECH_FEATURES,N/A
GradientBoosting,native,tqwt_skewnessValue_dec_23,0.002312840287596649,0.002745927007057165,91.0,PD_SPEECH_FEATURES,N/A
GradientBoosting,native,tqwt_entropy_log_dec_25,0.002307333016219798,0.002714663385586175,92.0,PD_SPEECH_FEATURES,N/A
GradientBoosting,native,tqwt_medianValue_dec_30,0.0022711776426379794,0.00317274579847306,93.0,PD_SPEECH_FEATURES,N/A
GradientBoosting,native,std_MFCC_3rd_coef,0.002262551618801719,0.003101057154368175,94.0,PD_SPEECH_FEATURES,N/A
GradientBoosting,native,app_LT_TKEO_mean_5_coef,0.0021916916109320514,0.00383461107071272,95.0,PD_SPEECH_FEATURES,N/A
GradientBoosting,native,tqwt_entropy_shannon_dec_17,0.0021451091101465187,0.0033817627642855176,96.0,PD_SPEECH_FEATURES,N/A
GradientBoosting,native,mean_6th_delta_delta,0.0021293287714047654,0.004027989302540111,97.0,PD_SPEECH_FEATURES,N/A
GradientBoosting,native,det_entropy_log_1_coef,0.0021270768812232483,0.0023227462428680543,98.0,PD_SPEECH_FEATURES,N/A
GradientBoosting,native,tqwt_entropy_log_dec_31,0.0021022961529499435,0.002366813022709206,99.0,PD_SPEECH_FEATURES,N/A
GradientBoosting,native,tqwt_TKEO_std_dec_13,0.002024773565983268,0.00292454032912585,100.0,PD_SPEECH_FEATURES,N/A
GradientBoosting,native,tqwt_entropy_log_dec_32,0.0020170554126042713,0.0032546687663380916,101.0,PD_SPEECH_FEATURES,N/A
GradientBoosting,native,app_LT_TKEO_std_1_coef,0.0020124431589215804,0.004451889362895313,102.0,PD_SPEECH_FEATURES,N/A
GradientBoosting,native,tqwt_entropy_log_dec_26,0.0019994692298781463,0.001965489632765178,103.0,PD_SPEECH_FEATURES,N/A
GradientBoosting,native,tqwt_entropy_log_dec_11,0.001984595394596818,0.002052130854309056,104.0,PD_SPEECH_FEATURES,N/A
GradientBoosting,native,tqwt_meanValue_dec_36,0.0019819945204327394,0.003889265490257942,105.0,PD_SPEECH_FEATURES,N/A
GradientBoosting,native,apq11Shimmer,0.001971794702725972,0.0018317414709809643,106.0,PD_SPEECH_FEATURES,N/A
GradientBoosting,native,tqwt_kurtosisValue_dec_34,0.0019685928190640526,0.0025943932402247385,107.0,PD_SPEECH_FEATURES,N/A
GradientBoosting,native,det_LT_entropy_log_5_coef,0.0019293682938768503,0.002413643094042297,108.0,PD_SPEECH_FEATURES,N/A
GradientBoosting,native,tqwt_minValue_dec_18,0.0019211452295668095,0.003343721236167612,109.0,PD_SPEECH_FEATURES,N/A
GradientBoosting,native,tqwt_TKEO_mean_dec_25,0.0019125860970614535,0.003069429204780909,110.0,PD_SPEECH_FEATURES,N/A
GradientBoosting,native,tqwt_kurtosisValue_dec_12,0.001907611281442012,0.002984577775493543,111.0,PD_SPEECH_FEATURES,N/A
GradientBoosting,native,std_9th_delta,0.0018968996209804082,0.00281494748276451,112.0,PD_SPEECH_FEATURES,N/A
GradientBoosting,native,tqwt_entropy_shannon_dec_35,0.0018777182628964121,0.00297763639428754,113.0,PD_SPEECH_FEATURES,N/A
GradientBoosting,native,tqwt_entropy_shannon_dec_16,0.001868273661879172,0.0027950270066154363,114.0,PD_SPEECH_FEATURES,N/A
GradientBoosting,native,std_MFCC_8th_coef,0.0018576815206062705,0.003754192106840018,115.0,PD_SPEECH_FEATURES,N/A
GradientBoosting,native,tqwt_skewnessValue_dec_30,0.001841542254963249,0.0026578686166987445,116.0,PD_SPEECH_FEATURES,N/A
GradientBoosting,native,app_entropy_shannon_2_coef,0.0018385928438731662,0.0014440264479067511,117.0,PD_SPEECH_FEATURES,N/A
GradientBoosting,native,std_MFCC_10th_coef,0.0018236712026659257,0.0012515083052025051,118.0,PD_SPEECH_FEATURES,N/A
GradientBoosting,native,tqwt_entropy_shannon_dec_32,0.001806487204035476,0.004035598447645114,119.0,PD_SPEECH_FEATURES,N/A
GradientBoosting,native,tqwt_meanValue_dec_11,0.0017905755927905766,0.0020203658289492895,120.0,PD_SPEECH_FEATURES,N/A
GradientBoosting,native,app_LT_TKEO_mean_3_coef,0.0017856375403264963,0.0021267342341834234,121.0,PD_SPEECH_FEATURES,N/A
GradientBoosting,native,mean_MFCC_4th_coef,0.001775513502133169,0.003970168885738484,122.0,PD_SPEECH_FEATURES,N/A
GradientBoosting,native,mean_5th_delta,0.0017705803106401932,0.0024344805079383625,123.0,PD_SPEECH_FEATURES,N/A
GradientBoosting,native,tqwt_TKEO_std_dec_16,0.0017505847456729356,0.003016478319728512,124.0,PD_SPEECH_FEATURES,N/A
GradientBoosting,native,app_entropy_shannon_1_coef,0.0016266860500912268,0.002571395279187188,125.0,PD_SPEECH_FEATURES,N/A
GradientBoosting,native,tqwt_energy_dec_23,0.0016131035592169547,0.0029890734785208094,126.0,PD_SPEECH_FEATURES,N/A
GradientBoosting,native,VFER_SNR_SEO,0.0016119428849409663,0.0033110609432354093,127.0,PD_SPEECH_FEATURES,N/A
GradientBoosting,native,mean_1st_delta,0.0016104988819876486,0.0007028573846766967,128.0,PD_SPEECH_FEATURES,N/A
GradientBoosting,native,tqwt_entropy_shannon_dec_25,0.0016012018094831316,0.0022530284936042168,129.0,PD_SPEECH_FEATURES,N/A
GradientBoosting,native,std_MFCC_2nd_coef,0.0015966006311203408,0.001669176168904362,130.0,PD_SPEECH_FEATURES,N/A
GradientBoosting,native,tqwt_minValue_dec_21,0.0015836477696359532,0.0027137139212267485,131.0,PD_SPEECH_FEATURES,N/A
GradientBoosting,native,tqwt_entropy_log_dec_30,0.0015733022202266765,0.0006079664334726147,132.0,PD_SPEECH_FEATURES,N/A
GradientBoosting,native,mean_MFCC_7th_coef,0.0015499180892477183,0.0015884987520217405,133.0,PD_SPEECH_FEATURES,N/A
GradientBoosting,native,tqwt_energy_dec_19,0.0015262734169683284,0.0018193108794200034,134.0,PD_SPEECH_FEATURES,N/A
GradientBoosting,native,tqwt_TKEO_mean_dec_23,0.0015018692881503825,0.0022219014585197145,135.0,PD_SPEECH_FEATURES,N/A
GradientBoosting,native,maxIntensity,0.0014951936756377828,0.003268376806228605,136.0,PD_SPEECH_FEATURES,N/A
GradientBoosting,native,tqwt_TKEO_mean_dec_28,0.0014863923649253794,0.0029228257190612923,137.0,PD_SPEECH_FEATURES,N/A
GradientBoosting,native,app_TKEO_std_6_coef,0.0014708700194835985,0.001844913856853704,138.0,PD_SPEECH_FEATURES,N/A
GradientBoosting,native,tqwt_kurtosisValue_dec_33,0.0014421705029768004,0.002075230937112742,139.0,PD_SPEECH_FEATURES,N/A
GradientBoosting,native,tqwt_skewnessValue_dec_28,0.0014389971842753285,0.0009606539911141832,140.0,PD_SPEECH_FEATURES,N/A
GradientBoosting,native,GQ_prc5_95,0.0014289723455732713,0.001849664238894119,141.0,PD_SPEECH_FEATURES,N/A
GradientBoosting,native,mean_7th_delta_delta,0.0014181585777806188,0.001445993483859155,142.0,PD_SPEECH_FEATURES,N/A
GradientBoosting,native,tqwt_minValue_dec_13,0.0013941690628220024,0.003035637657075003,143.0,PD_SPEECH_FEATURES,N/A
GradientBoosting,native,tqwt_stdValue_dec_25,0.001393445727981798,0.0018394899704571401,144.0,PD_SPEECH_FEATURES,N/A
GradientBoosting,native,tqwt_entropy_shannon_dec_33,0.001393244269772343,0.0021971390420463333,145.0,PD_SPEECH_FEATURES,N/A
GradientBoosting,native,tqwt_minValue_dec_2,0.0013701205187467349,0.0029333141271032682,146.0,PD_SPEECH_FEATURES,N/A
GradientBoosting,native,std_4th_delta,0.001369906247740692,0.001694987421358205,147.0,PD_SPEECH_FEATURES,N/A
GradientBoosting,native,tqwt_kurtosisValue_dec_14,0.0013673229192923224,0.002141266233862024,148.0,PD_SPEECH_FEATURES,N/A
GradientBoosting,native,tqwt_energy_dec_3,0.001355910416442193,0.003031907862564792,149.0,PD_SPEECH_FEATURES,N/A
GradientBoosting,native,mean_4th_delta_delta,0.001350687834525542,0.003020229814381099,150.0,PD_SPEECH_FEATURES,N/A
GradientBoosting,native,app_det_TKEO_mean_1_coef,0.0013495754759777498,0.003017742505052883,151.0,PD_SPEECH_FEATURES,N/A
GradientBoosting,native,tqwt_energy_dec_9,0.0013488530174930822,0.0030143296079528496,152.0,PD_SPEECH_FEATURES,N/A
GradientBoosting,native,tqwt_kurtosisValue_dec_35,0.001344922695392061,0.0017810341884839976,153.0,PD_SPEECH_FEATURES,N/A
GradientBoosting,native,tqwt_entropy_log_dec_18,0.0013346231112266217,0.002984308001044989,154.0,PD_SPEECH_FEATURES,N/A
GradientBoosting,native,stdDevPeriodPulses,0.0013179521061117627,0.002507846244691345,155.0,PD_SPEECH_FEATURES,N/A
GradientBoosting,native,std_11th_delta_delta,0.0013059752733955905,0.0019005895463643865,156.0,PD_SPEECH_FEATURES,N/A
GradientBoosting,native,tqwt_kurtosisValue_dec_17,0.0013020250303080812,0.002322911436328238,157.0,PD_SPEECH_FEATURES,N/A
GradientBoosting,native,app_det_TKEO_mean_2_coef,0.0012893194690089386,0.0026819477256006317,158.0,PD_SPEECH_FEATURES,N/A
GradientBoosting,native,tqwt_energy_dec_4,0.0012740903089906617,0.0027352305458695353,159.0,PD_SPEECH_FEATURES,N/A
GradientBoosting,native,tqwt_meanValue_dec_16,0.0012568440674875342,0.0010599804826078947,160.0,PD_SPEECH_FEATURES,N/A
GradientBoosting,native,tqwt_maxValue_dec_20,0.0012446697208237834,0.0027019919880556555,161.0,PD_SPEECH_FEATURES,N/A
GradientBoosting,native,tqwt_skewnessValue_dec_26,0.0012205895034960966,0.0017149384025995865,162.0,PD_SPEECH_FEATURES,N/A
GradientBoosting,native,tqwt_skewnessValue_dec_18,0.0012081628403139348,0.002698856105295861,163.0,PD_SPEECH_FEATURES,N/A
GradientBoosting,native,std_5th_delta,0.0011937822859895506,0.0011738436591974383,164.0,PD_SPEECH_FEATURES,N/A
GradientBoosting,native,tqwt_stdValue_dec_34,0.001184007361586916,0.0026475209463685174,165.0,PD_SPEECH_FEATURES,N/A
GradientBoosting,native,det_LT_entropy_log_1_coef,0.0011747130100928363,0.00255578798185834,166.0,PD_SPEECH_FEATURES,N/A
GradientBoosting,native,tqwt_skewnessValue_dec_35,0.001174662056246662,0.0015514871074885762,167.0,PD_SPEECH_FEATURES,N/A
GradientBoosting,native,tqwt_skewnessValue_dec_9,0.0011630352729665768,0.001092909181821347,168.0,PD_SPEECH_FEATURES,N/A
GradientBoosting,native,tqwt_minValue_dec_4,0.001158766379056521,0.0016370180563449505,169.0,PD_SPEECH_FEATURES,N/A
GradientBoosting,native,mean_MFCC_8th_coef,0.0011447426878975003,0.001373175779719206,170.0,PD_SPEECH_FEATURES,N/A
GradientBoosting,native,std_1st_delta_delta,0.001142096343726012,0.0010755473540521314,171.0,PD_SPEECH_FEATURES,N/A
GradientBoosting,native,tqwt_TKEO_mean_dec_17,0.0011341486500836574,0.0015295342633565245,172.0,PD_SPEECH_FEATURES,N/A
GradientBoosting,native,tqwt_TKEO_mean_dec_16,0.001121400750948606,0.0024087240115784492,173.0,PD_SPEECH_FEATURES,N/A
GradientBoosting,native,tqwt_skewnessValue_dec_10,0.0010904557366184003,0.0010279527909313859,174.0,PD_SPEECH_FEATURES,N/A
GradientBoosting,native,GNE_mean,0.0010865975028434573,0.001067257813792122,175.0,PD_SPEECH_FEATURES,N/A
GradientBoosting,native,tqwt_maxValue_dec_14,0.001056747500487739,0.0007727787814405518,176.0,PD_SPEECH_FEATURES,N/A
GradientBoosting,native,b2,0.0010548308298843172,0.0021564211996086334,177.0,PD_SPEECH_FEATURES,N/A
GradientBoosting,native,tqwt_energy_dec_36,0.0010531939758050691,0.00122660081781199,178.0,PD_SPEECH_FEATURES,N/A
GradientBoosting,native,tqwt_skewnessValue_dec_17,0.00103820166950789,0.0012224854885272527,179.0,PD_SPEECH_FEATURES,N/A
GradientBoosting,native,IMF_SNR_entropy,0.0010375683908343063,0.0011676968234903484,180.0,PD_SPEECH_FEATURES,N/A
GradientBoosting,native,tqwt_minValue_dec_10,0.0010152890948285967,0.0021930772015578753,181.0,PD_SPEECH_FEATURES,N/A
GradientBoosting,native,std_Log_energy,0.0010118246760545235,0.0014351971196291296,182.0,PD_SPEECH_FEATURES,N/A
GradientBoosting,native,tqwt_minValue_dec_8,0.0010069703650220244,0.0015312198664908859,183.0,PD_SPEECH_FEATURES,N/A
GradientBoosting,native,locAbsJitter,0.0009821732860183737,0.002196206233221427,184.0,PD_SPEECH_FEATURES,N/A
GradientBoosting,native,tqwt_minValue_dec_12,0.0009779841363561606,0.0008862148621604635,185.0,PD_SPEECH_FEATURES,N/A
GradientBoosting,native,mean_6th_delta,0.0009702294861718474,0.0014077152537798649,186.0,PD_SPEECH_FEATURES,N/A
GradientBoosting,native,tqwt_medianValue_dec_25,0.0009689731378721468,0.0014703406216542974,187.0,PD_SPEECH_FEATURES,N/A
GradientBoosting,native,tqwt_entropy_shannon_dec_28,0.0009581168056750475,0.0020644758147239607,188.0,PD_SPEECH_FEATURES,N/A
GradientBoosting,native,tqwt_TKEO_std_dec_27,0.0009472465681344959,0.0010207729229572905,189.0,PD_SPEECH_FEATURES,N/A
GradientBoosting,native,tqwt_entropy_log_dec_5,0.000940672245993392,0.002098987892217155,190.0,PD_SPEECH_FEATURES,N/A
GradientBoosting,native,tqwt_skewnessValue_dec_16,0.0009333191998994699,0.0019776367170453134,191.0,PD_SPEECH_FEATURES,N/A
GradientBoosting,native,mean_3rd_delta,0.0009327529733308198,0.0012417704494382736,192.0,PD_SPEECH_FEATURES,N/A
GradientBoosting,native,tqwt_skewnessValue_dec_29,0.0009320431663255302,0.0020335097595731676,193.0,PD_SPEECH_FEATURES,N/A
GradientBoosting,native,tqwt_entropy_shannon_dec_1,0.0009218406540024583,0.0020182745766841427,194.0,PD_SPEECH_FEATURES,N/A
GradientBoosting,native,det_TKEO_std_10_coef,0.0009215856680499137,0.002060728200849163,195.0,PD_SPEECH_FEATURES,N/A
GradientBoosting,native,tqwt_kurtosisValue_dec_28,0.0009174806599987862,0.0014374044128933863,196.0,PD_SPEECH_FEATURES,N/A
GradientBoosting,native,tqwt_energy_dec_34,0.0009035398679670389,0.0014067287171038952,197.0,PD_SPEECH_FEATURES,N/A
GradientBoosting,native,Ed_1_coef,0.0009003489637294372,0.0015189427354122286,198.0,PD_SPEECH_FEATURES,N/A
GradientBoosting,native,GQ_std_cycle_open,0.0008942351404833389,0.001635805808455014,199.0,PD_SPEECH_FEATURES,N/A
GradientBoosting,native,GQ_std_cycle_closed,0.0008913333742148067,0.0008164486242810391,200.0,PD_SPEECH_FEATURES,N/A
GradientBoosting,native,tqwt_entropy_shannon_dec_19,0.0008885735306150789,0.0018999685714203888,201.0,PD_SPEECH_FEATURES,N/A
GradientBoosting,native,tqwt_TKEO_std_dec_7,0.0008768628605100887,0.0012047761765642659,202.0,PD_SPEECH_FEATURES,N/A
GradientBoosting,native,app_LT_TKEO_std_6_coef,0.0008763381391239287,0.0019595516503567727,203.0,PD_SPEECH_FEATURES,N/A
GradientBoosting,native,app_LT_entropy_log_2_coef,0.0008706693051818931,0.001946875752309223,204.0,PD_SPEECH_FEATURES,N/A
GradientBoosting,native,tqwt_energy_dec_33,0.0008593218564233781,0.0011783917400501913,205.0,PD_SPEECH_FEATURES,N/A
GradientBoosting,native,tqwt_energy_dec_15,0.0008414454534983477,0.00127282142408539,206.0,PD_SPEECH_FEATURES,N/A
GradientBoosting,native,tqwt_entropy_log_dec_29,0.0008398633587739431,0.0017095734026176654,207.0,PD_SPEECH_FEATURES,N/A
GradientBoosting,native,tqwt_meanValue_dec_28,0.0008358901649760322,0.0018691072306099218,208.0,PD_SPEECH_FEATURES,N/A
GradientBoosting,native,app_LT_TKEO_std_3_coef,0.0008324174226793931,0.0013092625378253104,209.0,PD_SPEECH_FEATURES,N/A
GradientBoosting,native,tqwt_minValue_dec_15,0.0008135174216186151,0.0012390468690465155,210.0,PD_SPEECH_FEATURES,N/A
GradientBoosting,native,app_det_TKEO_mean_4_coef,0.0008123204172102653,0.0012711036217071582,211.0,PD_SPEECH_FEATURES,N/A
GradientBoosting,native,PPE,0.0007959216249797775,0.0011658229733288175,212.0,PD_SPEECH_FEATURES,N/A
GradientBoosting,native,std_MFCC_12th_coef,0.0007818764792254821,0.0010769490461475363,213.0,PD_SPEECH_FEATURES,N/A
GradientBoosting,native,tqwt_entropy_shannon_dec_26,0.0007667266635498507,0.0014066373421424323,214.0,PD_SPEECH_FEATURES,N/A
GradientBoosting,native,app_LT_TKEO_std_5_coef,0.0007629046717312477,0.0016149377274942034,215.0,PD_SPEECH_FEATURES,N/A
GradientBoosting,native,det_LT_TKEO_std_1_coef,0.000759924346354142,0.0014679254147139085,216.0,PD_SPEECH_FEATURES,N/A
GradientBoosting,native,tqwt_kurtosisValue_dec_27,0.0007500329330702218,0.000923221125654056,217.0,PD_SPEECH_FEATURES,N/A
GradientBoosting,native,apq5Shimmer,0.0007491998329603843,0.0016752617552309068,218.0,PD_SPEECH_FEATURES,N/A
GradientBoosting,native,tqwt_kurtosisValue_dec_23,0.0007480240222183987,0.0007270626750576339,219.0,PD_SPEECH_FEATURES,N/A
GradientBoosting,native,f1,0.0007478592469890991,0.0014947663587601334,220.0,PD_SPEECH_FEATURES,N/A
GradientBoosting,native,mean_0th_delta,0.0007467056558383398,0.0012305877550332434,221.0,PD_SPEECH_FEATURES,N/A
GradientBoosting,native,tqwt_energy_dec_30,0.0007362691178968765,0.0016463477973512229,222.0,PD_SPEECH_FEATURES,N/A
GradientBoosting,native,mean_12th_delta_delta,0.0007285431869315129,0.0016195258201312569,223.0,PD_SPEECH_FEATURES,N/A
GradientBoosting,native,mean_delta_delta_0th,0.0007217744247607434,0.0009886734877610694,224.0,PD_SPEECH_FEATURES,N/A
GradientBoosting,native,tqwt_stdValue_dec_28,0.0007011851271400366,0.0015119123242822372,225.0,PD_SPEECH_FEATURES,N/A
GradientBoosting,native,tqwt_entropy_shannon_dec_27,0.0006957043613380166,0.0010041720040825047,226.0,PD_SPEECH_FEATURES,N/A
GradientBoosting,native,tqwt_minValue_dec_33,0.0006944577236622368,0.0014690851265603134,227.0,PD_SPEECH_FEATURES,N/A
GradientBoosting,native,mean_10th_delta,0.0006906071816133562,0.0009389014561113692,228.0,PD_SPEECH_FEATURES,N/A
GradientBoosting,native,tqwt_TKEO_mean_dec_5,0.0006761663843519452,0.0014879006773746862,229.0,PD_SPEECH_FEATURES,N/A
GradientBoosting,native,mean_12th_delta,0.0006623774545693349,0.0009355536927557111,230.0,PD_SPEECH_FEATURES,N/A
GradientBoosting,native,tqwt_energy_dec_1,0.0006596057103822417,0.0008140780890456294,231.0,PD_SPEECH_FEATURES,N/A
GradientBoosting,native,tqwt_medianValue_dec_12,0.0006551649553571237,0.0010470712566583696,232.0,PD_SPEECH_FEATURES,N/A
GradientBoosting,native,std_delta_delta_0th,0.0006541983259115015,0.0014598798080215495,233.0,PD_SPEECH_FEATURES,N/A
GradientBoosting,native,tqwt_stdValue_dec_15,0.000649903318641294,0.0012945060689532747,234.0,PD_SPEECH_FEATURES,N/A
GradientBoosting,native,tqwt_TKEO_std_dec_25,0.0006429214657031939,0.0008853552389109754,235.0,PD_SPEECH_FEATURES,N/A
GradientBoosting,native,tqwt_maxValue_dec_28,0.0006416784684443215,0.001382868442994437,236.0,PD_SPEECH_FEATURES,N/A
GradientBoosting,native,tqwt_skewnessValue_dec_8,0.0006399381184492494,0.0006414284293337958,237.0,PD_SPEECH_FEATURES,N/A
GradientBoosting,native,tqwt_meanValue_dec_33,0.0006185906505072235,0.0011519809343243407,238.0,PD_SPEECH_FEATURES,N/A
GradientBoosting,native,tqwt_energy_dec_5,0.0006117263767762381,0.0009265710418819967,239.0,PD_SPEECH_FEATURES,N/A
GradientBoosting,native,tqwt_energy_dec_31,0.0006049428759088611,0.0013155533235511292,240.0,PD_SPEECH_FEATURES,N/A
GradientBoosting,native,app_LT_entropy_shannon_4_coef,0.0006031476912265076,0.0013486792380545246,241.0,PD_SPEECH_FEATURES,N/A
GradientBoosting,native,tqwt_skewnessValue_dec_3,0.0005974931756733421,0.0011865730189333334,242.0,PD_SPEECH_FEATURES,N/A
GradientBoosting,native,tqwt_TKEO_std_dec_17,0.0005901476007674738,0.0004988363595094453,243.0,PD_SPEECH_FEATURES,N/A
GradientBoosting,native,tqwt_entropy_log_dec_28,0.000575664005676999,0.0007041819287817165,244.0,PD_SPEECH_FEATURES,N/A
GradientBoosting,native,f4,0.000572058185292636,0.0009541101649415519,245.0,PD_SPEECH_FEATURES,N/A
GradientBoosting,native,tqwt_maxValue_dec_10,0.0005378546236237819,0.0011263543379338278,246.0,PD_SPEECH_FEATURES,N/A
GradientBoosting,native,b4,0.0005317521973681754,0.00046899975389045945,247.0,PD_SPEECH_FEATURES,N/A
GradientBoosting,native,tqwt_stdValue_dec_10,0.0005252139654761798,0.000977001287514532,248.0,PD_SPEECH_FEATURES,N/A
GradientBoosting,native,tqwt_energy_dec_13,0.0005220737205198232,0.0008877833600246899,249.0,PD_SPEECH_FEATURES,N/A
GradientBoosting,native,IMF_NSR_SEO,0.0005164105631311428,0.0011547291234601817,250.0,PD_SPEECH_FEATURES,N/A
GradientBoosting,native,tqwt_kurtosisValue_dec_22,0.0005090559469251128,0.0007622849303798563,251.0,PD_SPEECH_FEATURES,N/A
GradientBoosting,native,tqwt_kurtosisValue_dec_4,0.0005068128421607688,0.0008050645815898664,252.0,PD_SPEECH_FEATURES,N/A
GradientBoosting,native,det_LT_TKEO_std_2_coef,0.0004955646714067208,0.0011081162925127741,253.0,PD_SPEECH_FEATURES,N/A
GradientBoosting,native,tqwt_energy_dec_24,0.0004934772562331803,0.0011001750801889463,254.0,PD_SPEECH_FEATURES,N/A
GradientBoosting,native,tqwt_medianValue_dec_17,0.0004891978658308387,0.0006578737007513593,255.0,PD_SPEECH_FEATURES,N/A
GradientBoosting,native,app_TKEO_std_3_coef,0.00048473439773819135,0.0010117999787145283,256.0,PD_SPEECH_FEATURES,N/A
GradientBoosting,native,tqwt_TKEO_mean_dec_18,0.0004838847763039528,0.0009035041446841506,257.0,PD_SPEECH_FEATURES,N/A
GradientBoosting,native,b3,0.00048120341411567473,0.0009925959589928055,258.0,PD_SPEECH_FEATURES,N/A
GradientBoosting,native,tqwt_medianValue_dec_1,0.0004778128553254319,0.00037165679028825145,259.0,PD_SPEECH_FEATURES,N/A
GradientBoosting,native,tqwt_meanValue_dec_19,0.0004710663879235198,0.0010059194688576089,260.0,PD_SPEECH_FEATURES,N/A
GradientBoosting,native,IMF_NSR_TKEO,0.0004692668855210317,0.0008332568409932663,261.0,PD_SPEECH_FEATURES,N/A
GradientBoosting,native,tqwt_medianValue_dec_19,0.00046775373082460424,0.001038405065029967,262.0,PD_SPEECH_FEATURES,N/A
GradientBoosting,native,tqwt_medianValue_dec_8,0.0004593831211511559,0.0008891460326294055,263.0,PD_SPEECH_FEATURES,N/A
GradientBoosting,native,tqwt_energy_dec_28,0.00045757607675466877,0.0010231712125011007,264.0,PD_SPEECH_FEATURES,N/A
GradientBoosting,native,tqwt_kurtosisValue_dec_19,0.00045747418161368127,0.0007397916074177458,265.0,PD_SPEECH_FEATURES,N/A
GradientBoosting,native,std_10th_delta,0.00044369452718005884,0.0008981879048491536,266.0,PD_SPEECH_FEATURES,N/A
GradientBoosting,native,tqwt_minValue_dec_16,0.0004385255132295715,0.0009805728574493054,267.0,PD_SPEECH_FEATURES,N/A
GradientBoosting,native,tqwt_medianValue_dec_23,0.000431411760702664,0.0005009554201125743,268.0,PD_SPEECH_FEATURES,N/A
GradientBoosting,native,tqwt_kurtosisValue_dec_10,0.00043123656483246703,0.0009642742733488915,269.0,PD_SPEECH_FEATURES,N/A
GradientBoosting,native,tqwt_entropy_log_dec_4,0.0004242671617127762,0.0006563258546092683,270.0,PD_SPEECH_FEATURES,N/A
GradientBoosting,native,tqwt_TKEO_mean_dec_36,0.0004143756610146202,0.0005830821388729705,271.0,PD_SPEECH_FEATURES,N/A
GradientBoosting,native,app_LT_TKEO_std_7_coef,0.0004142280327293703,0.0009260880718360644,272.0,PD_SPEECH_FEATURES,N/A
GradientBoosting,native,app_LT_TKEO_mean_9_coef,0.00040257870373058824,0.0009001933478353435,273.0,PD_SPEECH_FEATURES,N/A
GradientBoosting,native,tqwt_kurtosisValue_dec_36,0.0004011092109107539,0.000679492704103658,274.0,PD_SPEECH_FEATURES,N/A
GradientBoosting,native,det_entropy_shannon_10_coef,0.000398174697641567,0.0005698487845890063,275.0,PD_SPEECH_FEATURES,N/A
GradientBoosting,native,tqwt_entropy_log_dec_17,0.00039540328448289835,0.0008587657608752026,276.0,PD_SPEECH_FEATURES,N/A
GradientBoosting,native,GNE_NSR_TKEO,0.0003890733885606814,0.00039950084170236645,277.0,PD_SPEECH_FEATURES,N/A
GradientBoosting,native,tqwt_skewnessValue_dec_15,0.0003868972982555337,0.0008151636035913429,278.0,PD_SPEECH_FEATURES,N/A
GradientBoosting,native,mean_10th_delta_delta,0.0003843378112523653,0.0008376912538925342,279.0,PD_SPEECH_FEATURES,N/A
GradientBoosting,native,std_MFCC_9th_coef,0.0003828116612204994,0.0007493143737082009,280.0,PD_SPEECH_FEATURES,N/A
GradientBoosting,native,tqwt_TKEO_mean_dec_33,0.00038152460953320007,0.0007347236717114027,281.0,PD_SPEECH_FEATURES,N/A
GradientBoosting,native,det_LT_entropy_log_6_coef,0.00037854782951054957,0.0008464586795205898,282.0,PD_SPEECH_FEATURES,N/A
GradientBoosting,native,tqwt_stdValue_dec_16,0.0003770913931481394,0.0008432019888093381,283.0,PD_SPEECH_FEATURES,N/A
GradientBoosting,native,std_11th_delta,0.00037483612887478625,0.0007012204661289131,284.0,PD_SPEECH_FEATURES,N/A
GradientBoosting,native,tqwt_TKEO_std_dec_6,0.000369230449512701,0.0007205969709343944,285.0,PD_SPEECH_FEATURES,N/A
GradientBoosting,native,tqwt_entropy_log_dec_34,0.00036838776088614475,0.0006996151930887005,286.0,PD_SPEECH_FEATURES,N/A
GradientBoosting,native,tqwt_maxValue_dec_16,0.00036805583699501025,0.0005110573730636884,287.0,PD_SPEECH_FEATURES,N/A
GradientBoosting,native,tqwt_stdValue_dec_19,0.0003670668874918227,0.0005010847686684774,288.0,PD_SPEECH_FEATURES,N/A
GradientBoosting,native,app_LT_entropy_shannon_2_coef,0.0003601939061869811,0.0006981345052389497,289.0,PD_SPEECH_FEATURES,N/A
GradientBoosting,native,mean_MFCC_12th_coef,0.0003562578186805139,0.0005904858994685876,290.0,PD_SPEECH_FEATURES,N/A
GradientBoosting,native,tqwt_TKEO_mean_dec_14,0.0003511699066465447,0.0007852397829139292,291.0,PD_SPEECH_FEATURES,N/A
GradientBoosting,native,det_LT_TKEO_mean_10_coef,0.00034262542726999444,0.0007661337461956178,292.0,PD_SPEECH_FEATURES,N/A
GradientBoosting,native,VFER_NSR_SEO,0.0003402320452414246,0.0006165937146884188,293.0,PD_SPEECH_FEATURES,N/A
GradientBoosting,native,tqwt_TKEO_std_dec_26,0.00033765768442579864,0.0003827274257406096,294.0,PD_SPEECH_FEATURES,N/A
GradientBoosting,native,tqwt_minValue_dec_19,0.0003376319284502885,0.0007549679433891904,295.0,PD_SPEECH_FEATURES,N/A
GradientBoosting,native,tqwt_meanValue_dec_31,0.0003333029736094778,0.0005036203571729327,296.0,PD_SPEECH_FEATURES,N/A
GradientBoosting,native,tqwt_medianValue_dec_20,0.00032883255567118873,0.00042892638048830904,297.0,PD_SPEECH_FEATURES,N/A
GradientBoosting,native,tqwt_meanValue_dec_22,0.00032106306184143005,0.0004872486048924257,298.0,PD_SPEECH_FEATURES,N/A
GradientBoosting,native,tqwt_skewnessValue_dec_32,0.00031575546198555363,0.0004978906884086036,299.0,PD_SPEECH_FEATURES,N/A
GradientBoosting,native,tqwt_skewnessValue_dec_11,0.00031214811859434614,0.0006833274781997381,300.0,PD_SPEECH_FEATURES,N/A
GradientBoosting,native,b1,0.000311473341461739,0.00042957878089756207,301.0,PD_SPEECH_FEATURES,N/A
GradientBoosting,native,std_3rd_delta_delta,0.00030968358850030334,0.0002994947396685096,302.0,PD_SPEECH_FEATURES,N/A
GradientBoosting,native,IMF_SNR_TKEO,0.00030674870208546217,0.0004037880415430609,303.0,PD_SPEECH_FEATURES,N/A
GradientBoosting,native,tqwt_TKEO_std_dec_28,0.0002972565902797078,0.0006646859426252299,304.0,PD_SPEECH_FEATURES,N/A
GradientBoosting,native,std_MFCC_5th_coef,0.0002965812177223948,0.0004916927603490813,305.0,PD_SPEECH_FEATURES,N/A
GradientBoosting,native,tqwt_TKEO_mean_dec_21,0.0002945813390315698,0.0005391873608787364,306.0,PD_SPEECH_FEATURES,N/A
GradientBoosting,native,tqwt_stdValue_dec_13,0.0002903241523343233,0.000649066280724226,307.0,PD_SPEECH_FEATURES,N/A
GradientBoosting,native,tqwt_minValue_dec_28,0.0002893440099378109,0.0004935477002113743,308.0,PD_SPEECH_FEATURES,N/A
GradientBoosting,native,meanNoiseToHarmHarmonicity,0.00028653899720873933,0.0006407206759633637,309.0,PD_SPEECH_FEATURES,N/A
GradientBoosting,native,numPeriodsPulses,0.00028628576679811844,0.0006325935559966987,310.0,PD_SPEECH_FEATURES,N/A
GradientBoosting,native,tqwt_meanValue_dec_23,0.0002803111830215504,0.00042549404111449246,311.0,PD_SPEECH_FEATURES,N/A
GradientBoosting,native,tqwt_maxValue_dec_8,0.0002770035113138348,0.0003589889073556765,312.0,PD_SPEECH_FEATURES,N/A
GradientBoosting,native,tqwt_stdValue_dec_8,0.0002759792063468929,0.000617108265768094,313.0,PD_SPEECH_FEATURES,N/A
GradientBoosting,native,tqwt_entropy_log_dec_2,0.00027459756696691923,0.0006140188261940823,314.0,PD_SPEECH_FEATURES,N/A
GradientBoosting,native,tqwt_skewnessValue_dec_6,0.00027362407535095083,0.0006053429255609656,315.0,PD_SPEECH_FEATURES,N/A
GradientBoosting,native,std_5th_delta_delta,0.0002709374407200048,0.00036294118664729726,316.0,PD_SPEECH_FEATURES,N/A
GradientBoosting,native,tqwt_skewnessValue_dec_19,0.00027089642683950045,0.0005017961069973067,317.0,PD_SPEECH_FEATURES,N/A
GradientBoosting,native,app_entropy_shannon_3_coef,0.00026984665886418686,0.0003699577382502044,318.0,PD_SPEECH_FEATURES,N/A
GradientBoosting,native,det_entropy_log_5_coef,0.0002658942698760937,0.0005215938048145212,319.0,PD_SPEECH_FEATURES,N/A
GradientBoosting,native,app_LT_entropy_log_4_coef,0.00026564425997798537,0.000593998623143402,320.0,PD_SPEECH_FEATURES,N/A
GradientBoosting,native,tqwt_energy_dec_20,0.0002649561145481246,0.0005924598831838277,321.0,PD_SPEECH_FEATURES,N/A
GradientBoosting,native,std_2nd_delta,0.0002646282333014744,0.0004477675760292538,322.0,PD_SPEECH_FEATURES,N/A
GradientBoosting,native,tqwt_medianValue_dec_22,0.0002642078310606022,0.000474759000559809,323.0,PD_SPEECH_FEATURES,N/A
GradientBoosting,native,tqwt_medianValue_dec_24,0.0002637370878415924,0.0005897340566016339,324.0,PD_SPEECH_FEATURES,N/A
GradientBoosting,native,app_TKEO_std_5_coef,0.00026344191591709727,0.00038350261203206384,325.0,PD_SPEECH_FEATURES,N/A
GradientBoosting,native,mean_delta_log_energy,0.000260276545149569,0.0003369919037974863,326.0,PD_SPEECH_FEATURES,N/A
GradientBoosting,native,std_MFCC_11th_coef,0.00026019117742340973,0.0005760326047223692,327.0,PD_SPEECH_FEATURES,N/A
GradientBoosting,native,tqwt_kurtosisValue_dec_7,0.00025570664122352547,0.0004071892548275196,328.0,PD_SPEECH_FEATURES,N/A
GradientBoosting,native,tqwt_minValue_dec_31,0.0002539217841467468,0.0005389061943415832,329.0,PD_SPEECH_FEATURES,N/A
GradientBoosting,native,tqwt_meanValue_dec_27,0.00025352591539026033,0.0005669011808704822,330.0,PD_SPEECH_FEATURES,N/A
GradientBoosting,native,tqwt_skewnessValue_dec_21,0.00025224629049851123,0.0004382733982483883,331.0,PD_SPEECH_FEATURES,N/A
GradientBoosting,native,tqwt_entropy_log_dec_3,0.0002502285691240624,0.0005595280904739085,332.0,PD_SPEECH_FEATURES,N/A
GradientBoosting,native,det_LT_entropy_shannon_4_coef,0.0002500980763279718,0.00026104646410369137,333.0,PD_SPEECH_FEATURES,N/A
GradientBoosting,native,tqwt_energy_dec_17,0.00024644109559580636,0.0003517355499880952,334.0,PD_SPEECH_FEATURES,N/A
GradientBoosting,native,app_TKEO_std_1_coef,0.00024171370748971239,0.000540488281040497,335.0,PD_SPEECH_FEATURES,N/A
GradientBoosting,native,tqwt_meanValue_dec_2,0.00023927290313718622,0.0005349580250175834,336.0,PD_SPEECH_FEATURES,N/A
GradientBoosting,native,tqwt_minValue_dec_20,0.0002391698171884003,0.0003401822964915786,337.0,PD_SPEECH_FEATURES,N/A
GradientBoosting,native,app_entropy_shannon_5_coef,0.00022433707783252915,0.0005016329559071963,338.0,PD_SPEECH_FEATURES,N/A
GradientBoosting,native,tqwt_meanValue_dec_17,0.0002192899244625916,0.0003165197825782233,339.0,PD_SPEECH_FEATURES,N/A
GradientBoosting,native,tqwt_meanValue_dec_32,0.00021888536842222758,0.0003424079826051428,340.0,PD_SPEECH_FEATURES,N/A
GradientBoosting,native,tqwt_skewnessValue_dec_12,0.00021460789871661498,0.00027133473690353063,341.0,PD_SPEECH_FEATURES,N/A
GradientBoosting,native,tqwt_minValue_dec_25,0.00021298320227245088,0.0003019867513441348,342.0,PD_SPEECH_FEATURES,N/A
GradientBoosting,native,tqwt_TKEO_mean_dec_6,0.0002091125355190709,0.0004675898443679818,343.0,PD_SPEECH_FEATURES,N/A
GradientBoosting,native,tqwt_kurtosisValue_dec_5,0.0002067526234017265,0.00034456606860976927,344.0,PD_SPEECH_FEATURES,N/A
GradientBoosting,native,app_LT_entropy_log_1_coef,0.00019592859078310259,0.00027889624003213403,345.0,PD_SPEECH_FEATURES,N/A
GradientBoosting,native,tqwt_stdValue_dec_18,0.00019451188920771323,0.0004349418067003545,346.0,PD_SPEECH_FEATURES,N/A
GradientBoosting,native,app_LT_entropy_shannon_6_coef,0.00019429196339296284,0.00042199573232905383,347.0,PD_SPEECH_FEATURES,N/A
GradientBoosting,native,det_TKEO_std_3_coef,0.0001942040349120766,0.00042462043758471153,348.0,PD_SPEECH_FEATURES,N/A
GradientBoosting,native,tqwt_TKEO_std_dec_31,0.0001891063914694607,0.00040624040165347056,349.0,PD_SPEECH_FEATURES,N/A
GradientBoosting,native,tqwt_TKEO_std_dec_10,0.00018819156336087554,0.0004208091284668765,350.0,PD_SPEECH_FEATURES,N/A
GradientBoosting,native,tqwt_kurtosisValue_dec_8,0.00017415729450849654,0.00023850267352038934,351.0,PD_SPEECH_FEATURES,N/A
GradientBoosting,native,std_MFCC_1st_coef,0.00017228767976791307,0.0003852469636467688,352.0,PD_SPEECH_FEATURES,N/A
GradientBoosting,native,Ed_4_coef,0.00017227227579741632,0.0003852125193216147,353.0,PD_SPEECH_FEATURES,N/A
GradientBoosting,native,tqwt_medianValue_dec_29,0.00016658410324761697,0.00032229454897349035,354.0,PD_SPEECH_FEATURES,N/A
GradientBoosting,native,tqwt_stdValue_dec_12,0.0001636183936512318,0.0003658618505734743,355.0,PD_SPEECH_FEATURES,N/A
GradientBoosting,native,VFER_std,0.00016159760683600994,0.0002690962311266665,356.0,PD_SPEECH_FEATURES,N/A
GradientBoosting,native,tqwt_maxValue_dec_4,0.00016049036391197619,0.000325090675235777,357.0,PD_SPEECH_FEATURES,N/A
GradientBoosting,native,tqwt_entropy_log_dec_15,0.00015642160522190968,0.00030133991842526035,358.0,PD_SPEECH_FEATURES,N/A
GradientBoosting,native,f3,0.0001560683777028328,0.00024536390150029056,359.0,PD_SPEECH_FEATURES,N/A
GradientBoosting,native,tqwt_kurtosisValue_dec_16,0.00015437033544682472,0.00023480917294887174,360.0,PD_SPEECH_FEATURES,N/A
GradientBoosting,native,tqwt_entropy_shannon_dec_10,0.00015361556880108318,0.0003434948542415178,361.0,PD_SPEECH_FEATURES,N/A
GradientBoosting,native,tqwt_entropy_shannon_dec_2,0.00015308346002316283,0.00034230502284266363,362.0,PD_SPEECH_FEATURES,N/A
GradientBoosting,native,tqwt_medianValue_dec_15,0.0001518379416844499,0.00017549721729254633,363.0,PD_SPEECH_FEATURES,N/A
GradientBoosting,native,tqwt_entropy_log_dec_23,0.00015180978601830782,0.00022311259887484877,364.0,PD_SPEECH_FEATURES,N/A
GradientBoosting,native,tqwt_entropy_shannon_dec_24,0.00015017815085069231,0.0002846599365787385,365.0,PD_SPEECH_FEATURES,N/A
GradientBoosting,native,RPDE,0.00014989556228677477,0.0003350628227905158,366.0,PD_SPEECH_FEATURES,N/A
GradientBoosting,native,tqwt_meanValue_dec_12,0.00014574458226914675,0.00014903342660540426,367.0,PD_SPEECH_FEATURES,N/A
GradientBoosting,native,tqwt_kurtosisValue_dec_3,0.0001451517325268493,0.0003245691409819024,368.0,PD_SPEECH_FEATURES,N/A
GradientBoosting,native,VFER_NSR_TKEO,0.0001440465710446256,0.00032209792478153567,369.0,PD_SPEECH_FEATURES,N/A
GradientBoosting,native,det_LT_TKEO_std_3_coef,0.00014237483447545026,0.0003068337947121578,370.0,PD_SPEECH_FEATURES,N/A
GradientBoosting,native,tqwt_maxValue_dec_1,0.00014175651487291328,0.0002768297925823725,371.0,PD_SPEECH_FEATURES,N/A
GradientBoosting,native,tqwt_medianValue_dec_2,0.00013909913401831305,0.00026921496527954,372.0,PD_SPEECH_FEATURES,N/A
GradientBoosting,native,mean_3rd_delta_delta,0.00013823516519321835,0.00025041248730943796,373.0,PD_SPEECH_FEATURES,N/A
GradientBoosting,native,tqwt_maxValue_dec_9,0.0001369782380053308,0.0003062926516180649,374.0,PD_SPEECH_FEATURES,N/A
GradientBoosting,native,tqwt_skewnessValue_dec_34,0.00013660597154620618,0.0002778898591451775,375.0,PD_SPEECH_FEATURES,N/A
GradientBoosting,native,tqwt_energy_dec_32,0.000135701273429082,0.0003034372720207134,376.0,PD_SPEECH_FEATURES,N/A
GradientBoosting,native,tqwt_TKEO_std_dec_18,0.0001355509572961221,0.0003020427623528915,377.0,PD_SPEECH_FEATURES,N/A
GradientBoosting,native,tqwt_TKEO_std_dec_22,0.00013507237789323726,0.0003020310188518184,378.0,PD_SPEECH_FEATURES,N/A
GradientBoosting,native,det_LT_entropy_shannon_8_coef,0.00013389817214425187,0.00022153854302169783,379.0,PD_SPEECH_FEATURES,N/A
GradientBoosting,native,tqwt_kurtosisValue_dec_30,0.00013305433728866566,0.00018313611455690555,380.0,PD_SPEECH_FEATURES,N/A
GradientBoosting,native,tqwt_entropy_log_dec_14,0.00012959545298394921,0.0002897842424469884,381.0,PD_SPEECH_FEATURES,N/A
GradientBoosting,native,tqwt_medianValue_dec_28,0.0001292069194381139,0.0001805916422779133,382.0,PD_SPEECH_FEATURES,N/A
GradientBoosting,native,app_LT_TKEO_mean_4_coef,0.0001258253167409824,0.00026504994646305203,383.0,PD_SPEECH_FEATURES,N/A
GradientBoosting,native,tqwt_TKEO_std_dec_9,0.0001248176612806138,0.00022644806567137358,384.0,PD_SPEECH_FEATURES,N/A
GradientBoosting,native,det_LT_entropy_shannon_6_coef,0.00012355462353664127,0.00027627653716232536,385.0,PD_SPEECH_FEATURES,N/A
GradientBoosting,native,tqwt_meanValue_dec_26,0.00012254275588645245,0.00027401393231227017,386.0,PD_SPEECH_FEATURES,N/A
GradientBoosting,native,std_0th_delta,0.00012130311166654968,0.00020568085279483125,387.0,PD_SPEECH_FEATURES,N/A
GradientBoosting,native,tqwt_maxValue_dec_18,0.00012119710694297799,0.00025515066767254875,388.0,PD_SPEECH_FEATURES,N/A
GradientBoosting,native,tqwt_TKEO_mean_dec_4,0.00012028381825441633,0.00026896279421010505,389.0,PD_SPEECH_FEATURES,N/A
GradientBoosting,native,tqwt_entropy_shannon_dec_15,0.00011989510487387894,0.00026809360466745967,390.0,PD_SPEECH_FEATURES,N/A
GradientBoosting,native,tqwt_TKEO_std_dec_36,0.0001193991709305446,0.000265981208487593,391.0,PD_SPEECH_FEATURES,N/A
GradientBoosting,native,tqwt_TKEO_std_dec_2,0.00011822533998850889,0.00016189549185779452,392.0,PD_SPEECH_FEATURES,N/A
GradientBoosting,native,std_2nd_delta_delta,0.00011426926479224221,0.00025551384381437695,393.0,PD_SPEECH_FEATURES,N/A
GradientBoosting,native,std_MFCC_6th_coef,0.00011221104028120102,0.0002043270061238741,394.0,PD_SPEECH_FEATURES,N/A
GradientBoosting,native,tqwt_meanValue_dec_29,0.0001121561255221574,0.00017709726668738157,395.0,PD_SPEECH_FEATURES,N/A
GradientBoosting,native,tqwt_entropy_shannon_dec_20,0.00011214707853194445,0.0002479427431156558,396.0,PD_SPEECH_FEATURES,N/A
GradientBoosting,native,tqwt_skewnessValue_dec_31,0.00011183287066727536,0.00020054358062789661,397.0,PD_SPEECH_FEATURES,N/A
GradientBoosting,native,tqwt_maxValue_dec_24,0.00010895672993048828,0.00024363465473065774,398.0,PD_SPEECH_FEATURES,N/A
GradientBoosting,native,tqwt_entropy_log_dec_8,0.00010800393549715721,0.00020280774886013894,399.0,PD_SPEECH_FEATURES,N/A
GradientBoosting,native,mean_MFCC_0th_coef,0.00010797856026544064,0.000241447400866083,400.0,PD_SPEECH_FEATURES,N/A
GradientBoosting,native,mean_MFCC_9th_coef,0.00010794240579043912,0.00011398207515615576,401.0,PD_SPEECH_FEATURES,N/A
GradientBoosting,native,tqwt_TKEO_std_dec_35,0.00010683870895072604,0.00023889861584213865,402.0,PD_SPEECH_FEATURES,N/A
GradientBoosting,native,tqwt_skewnessValue_dec_13,0.00010537144629105945,0.00013026697309935395,403.0,PD_SPEECH_FEATURES,N/A
GradientBoosting,native,tqwt_entropy_shannon_dec_21,0.0001047874121869773,0.00023431177683637115,404.0,PD_SPEECH_FEATURES,N/A
GradientBoosting,native,det_LT_TKEO_mean_9_coef,0.00010296167926594497,0.0002302293139161836,405.0,PD_SPEECH_FEATURES,N/A
GradientBoosting,native,app_entropy_shannon_10_coef,0.00010274192848484837,0.00022917384680613115,406.0,PD_SPEECH_FEATURES,N/A
GradientBoosting,native,tqwt_meanValue_dec_18,0.00010088348995684018,0.000225582341350912,407.0,PD_SPEECH_FEATURES,N/A
GradientBoosting,native,det_TKEO_mean_2_coef,0.00010048143194276906,0.00022468331230055037,408.0,PD_SPEECH_FEATURES,N/A
GradientBoosting,native,tqwt_entropy_shannon_dec_18,9.999869216841442e-05,0.00012038871831321979,409.0,PD_SPEECH_FEATURES,N/A
GradientBoosting,native,tqwt_meanValue_dec_14,9.927007158151124e-05,0.00022197462818752923,410.0,PD_SPEECH_FEATURES,N/A
GradientBoosting,native,numPulses,9.906348440769852e-05,0.00013915702555581042,411.0,PD_SPEECH_FEATURES,N/A
GradientBoosting,native,det_TKEO_std_6_coef,9.759121286381712e-05,0.00021822058597014698,412.0,PD_SPEECH_FEATURES,N/A
GradientBoosting,native,app_LT_entropy_log_5_coef,9.60364592084076e-05,0.00021474405110838502,413.0,PD_SPEECH_FEATURES,N/A
GradientBoosting,native,std_12th_delta,9.374456352845775e-05,0.00020961921657067906,414.0,PD_SPEECH_FEATURES,N/A
GradientBoosting,native,tqwt_kurtosisValue_dec_9,9.345274563304802e-05,9.652371595908067e-05,415.0,PD_SPEECH_FEATURES,N/A
GradientBoosting,native,tqwt_maxValue_dec_19,8.991616903402096e-05,0.00020105866623643245,416.0,PD_SPEECH_FEATURES,N/A
GradientBoosting,native,tqwt_medianValue_dec_13,8.981729667590187e-05,0.00017180572178235516,417.0,PD_SPEECH_FEATURES,N/A
GradientBoosting,native,tqwt_stdValue_dec_5,8.879791987065646e-05,0.00019009468915733466,418.0,PD_SPEECH_FEATURES,N/A
GradientBoosting,native,tqwt_medianValue_dec_14,8.775748193098086e-05,0.00019623169513188272,419.0,PD_SPEECH_FEATURES,N/A
GradientBoosting,native,tqwt_skewnessValue_dec_33,8.609653754367854e-05,0.00014442650632409668,420.0,PD_SPEECH_FEATURES,N/A
GradientBoosting,native,det_TKEO_std_4_coef,8.492370408411959e-05,0.00018989517523316797,421.0,PD_SPEECH_FEATURES,N/A
GradientBoosting,native,tqwt_meanValue_dec_21,8.480461599738275e-05,0.00018962888617591396,422.0,PD_SPEECH_FEATURES,N/A
GradientBoosting,native,tqwt_entropy_shannon_dec_30,8.447771178622852e-05,0.00018889790613764215,423.0,PD_SPEECH_FEATURES,N/A
GradientBoosting,native,tqwt_medianValue_dec_4,8.423633551209068e-05,0.00017650995553315197,424.0,PD_SPEECH_FEATURES,N/A
GradientBoosting,native,tqwt_maxValue_dec_36,8.148913011656052e-05,0.00011158658788041216,425.0,PD_SPEECH_FEATURES,N/A
GradientBoosting,native,tqwt_medianValue_dec_11,8.013791716068432e-05,0.00016211350662910653,426.0,PD_SPEECH_FEATURES,N/A
GradientBoosting,native,tqwt_meanValue_dec_4,7.795640790138106e-05,0.00014232052451161899,427.0,PD_SPEECH_FEATURES,N/A
GradientBoosting,native,std_3rd_delta,7.595350468824504e-05,0.0001698371996122649,428.0,PD_SPEECH_FEATURES,N/A
GradientBoosting,native,det_entropy_log_2_coef,7.561340845273368e-05,0.00014542321823279538,429.0,PD_SPEECH_FEATURES,N/A
GradientBoosting,native,mean_9th_delta_delta,7.531848325647959e-05,0.0001648423910156134,430.0,PD_SPEECH_FEATURES,N/A
GradientBoosting,native,det_LT_entropy_shannon_7_coef,7.531365841862697e-05,0.0001157480766545021,431.0,PD_SPEECH_FEATURES,N/A
GradientBoosting,native,VFER_entropy,7.503099491863454e-05,0.00016777440505750813,432.0,PD_SPEECH_FEATURES,N/A
GradientBoosting,native,tqwt_stdValue_dec_4,7.427952852478765e-05,0.0001408886894420816,433.0,PD_SPEECH_FEATURES,N/A
GradientBoosting,native,tqwt_minValue_dec_34,7.41455218882564e-05,0.00016579442716933984,434.0,PD_SPEECH_FEATURES,N/A
GradientBoosting,native,tqwt_energy_dec_10,7.080737694514528e-05,0.00015833010815779623,435.0,PD_SPEECH_FEATURES,N/A
GradientBoosting,native,tqwt_maxValue_dec_35,7.071449333833114e-05,0.00012646300596307156,436.0,PD_SPEECH_FEATURES,N/A
GradientBoosting,native,tqwt_stdValue_dec_27,6.971906054593955e-05,0.000100024051442057,437.0,PD_SPEECH_FEATURES,N/A
GradientBoosting,native,app_entropy_log_6_coef,6.871829481155867e-05,0.0001536587784965163,438.0,PD_SPEECH_FEATURES,N/A
GradientBoosting,native,app_entropy_shannon_4_coef,6.812970379159663e-05,0.00015234264896493523,439.0,PD_SPEECH_FEATURES,N/A
GradientBoosting,native,tqwt_stdValue_dec_3,6.801997206590016e-05,0.00015209728136698957,440.0,PD_SPEECH_FEATURES,N/A
GradientBoosting,native,tqwt_TKEO_std_dec_15,6.676296315911476e-05,7.936498860282326e-05,441.0,PD_SPEECH_FEATURES,N/A
GradientBoosting,native,tqwt_medianValue_dec_33,6.629076787255012e-05,0.0001482306632436812,442.0,PD_SPEECH_FEATURES,N/A
GradientBoosting,native,VFER_SNR_TKEO,6.627571685928474e-05,7.032922592454785e-05,443.0,PD_SPEECH_FEATURES,N/A
GradientBoosting,native,mean_8th_delta,6.609066945167611e-05,7.53897906342642e-05,444.0,PD_SPEECH_FEATURES,N/A
GradientBoosting,native,tqwt_minValue_dec_3,6.550798073103047e-05,9.869168341919516e-05,445.0,PD_SPEECH_FEATURES,N/A
GradientBoosting,native,tqwt_TKEO_std_dec_14,6.496251300019796e-05,0.00014385336538014256,446.0,PD_SPEECH_FEATURES,N/A
GradientBoosting,native,tqwt_TKEO_std_dec_30,6.390668447452921e-05,0.00014289969070167775,447.0,PD_SPEECH_FEATURES,N/A
GradientBoosting,native,app_LT_TKEO_mean_2_coef,6.2578395884547e-05,0.0001399295471207402,448.0,PD_SPEECH_FEATURES,N/A
GradientBoosting,native,tqwt_medianValue_dec_26,6.251090247726071e-05,0.00013977862727401497,449.0,PD_SPEECH_FEATURES,N/A
GradientBoosting,native,tqwt_TKEO_mean_dec_20,5.9548225524718746e-05,0.0001301923511285026,450.0,PD_SPEECH_FEATURES,N/A
GradientBoosting,native,det_LT_TKEO_std_9_coef,5.944353981424722e-05,0.00013291979584787198,451.0,PD_SPEECH_FEATURES,N/A
GradientBoosting,native,tqwt_stdValue_dec_21,5.8665600209654935e-05,0.00013118027000961436,452.0,PD_SPEECH_FEATURES,N/A
GradientBoosting,native,tqwt_energy_dec_16,5.7055136352258994e-05,7.992033778234705e-05,453.0,PD_SPEECH_FEATURES,N/A
GradientBoosting,native,tqwt_entropy_log_dec_19,5.556788603973475e-05,8.831850641734768e-05,454.0,PD_SPEECH_FEATURES,N/A
GradientBoosting,native,Ed2_8_coef,5.4699091404928195e-05,8.540245367299868e-05,455.0,PD_SPEECH_FEATURES,N/A
GradientBoosting,native,tqwt_minValue_dec_24,5.415244902445196e-05,0.00012108855716676675,456.0,PD_SPEECH_FEATURES,N/A
GradientBoosting,native,tqwt_TKEO_mean_dec_32,5.401362818588863e-05,0.00012077008181483703,457.0,PD_SPEECH_FEATURES,N/A
GradientBoosting,native,tqwt_meanValue_dec_1,5.3226634047572734e-05,0.00011822009436691001,458.0,PD_SPEECH_FEATURES,N/A
GradientBoosting,native,tqwt_meanValue_dec_7,5.250325721280715e-05,0.00011740085216799293,459.0,PD_SPEECH_FEATURES,N/A
GradientBoosting,native,tqwt_stdValue_dec_24,5.16891075115785e-05,0.00011401985758406585,460.0,PD_SPEECH_FEATURES,N/A
GradientBoosting,native,tqwt_entropy_log_dec_9,5.166137041168771e-05,9.799049249577862e-05,461.0,PD_SPEECH_FEATURES,N/A
GradientBoosting,native,rapJitter,5.1534290864602496e-05,9.235841129605106e-05,462.0,PD_SPEECH_FEATURES,N/A
GradientBoosting,native,det_entropy_log_4_coef,5.1386712193829693e-05,0.00011490418160562054,463.0,PD_SPEECH_FEATURES,N/A
GradientBoosting,native,tqwt_stdValue_dec_23,5.10602201102777e-05,0.00011417412311268274,464.0,PD_SPEECH_FEATURES,N/A
GradientBoosting,native,tqwt_entropy_log_dec_24,5.062318735792892e-05,6.9884951170585e-05,465.0,PD_SPEECH_FEATURES,N/A
GradientBoosting,native,tqwt_meanValue_dec_15,5.00289480047975e-05,5.004834263462404e-05,466.0,PD_SPEECH_FEATURES,N/A
GradientBoosting,native,tqwt_meanValue_dec_20,4.935450318854603e-05,0.00011036002412531903,467.0,PD_SPEECH_FEATURES,N/A
GradientBoosting,native,tqwt_medianValue_dec_9,4.907375591387709e-05,0.00010973225413466147,468.0,PD_SPEECH_FEATURES,N/A
GradientBoosting,native,tqwt_medianValue_dec_27,4.818487152398921e-05,0.00010774464821473376,469.0,PD_SPEECH_FEATURES,N/A
GradientBoosting,native,app_entropy_log_3_coef,4.708617273534579e-05,0.00010528788303653041,470.0,PD_SPEECH_FEATURES,N/A
GradientBoosting,native,tqwt_meanValue_dec_24,4.697521755694327e-05,8.828347567315349e-05,471.0,PD_SPEECH_FEATURES,N/A
GradientBoosting,native,tqwt_TKEO_mean_dec_31,4.582974359800113e-05,0.00010247842207651632,472.0,PD_SPEECH_FEATURES,N/A
GradientBoosting,native,tqwt_medianValue_dec_34,4.5386939599105906e-05,0.00010148828223427787,473.0,PD_SPEECH_FEATURES,N/A
GradientBoosting,native,det_LT_entropy_log_8_coef,4.5308018294022554e-05,0.00010131180883123848,474.0,PD_SPEECH_FEATURES,N/A
GradientBoosting,native,tqwt_minValue_dec_5,4.474890580217316e-05,6.804933522554781e-05,475.0,PD_SPEECH_FEATURES,N/A
GradientBoosting,native,mean_11th_delta_delta,4.467258454088627e-05,9.989093576402795e-05,476.0,PD_SPEECH_FEATURES,N/A
GradientBoosting,native,det_entropy_log_6_coef,4.434587233319397e-05,9.086045413344948e-05,477.0,PD_SPEECH_FEATURES,N/A
GradientBoosting,native,tqwt_skewnessValue_dec_7,4.2041830571919644e-05,6.67903447662088e-05,478.0,PD_SPEECH_FEATURES,N/A
GradientBoosting,native,locShimmer,4.19800710533515e-05,9.012605501364644e-05,479.0,PD_SPEECH_FEATURES,N/A
GradientBoosting,native,tqwt_skewnessValue_dec_36,4.14675080268753e-05,9.272416680561134e-05,480.0,PD_SPEECH_FEATURES,N/A
GradientBoosting,native,tqwt_energy_dec_22,4.071733592179805e-05,7.038204757792248e-05,481.0,PD_SPEECH_FEATURES,N/A
GradientBoosting,native,det_LT_TKEO_mean_8_coef,4.068032418271849e-05,9.096397021928712e-05,482.0,PD_SPEECH_FEATURES,N/A
GradientBoosting,native,mean_Log_energy,4.0035452325426035e-05,5.489426604991778e-05,483.0,PD_SPEECH_FEATURES,N/A
GradientBoosting,native,tqwt_TKEO_mean_dec_29,3.824964273899307e-05,7.040257409751919e-05,484.0,PD_SPEECH_FEATURES,N/A
GradientBoosting,native,tqwt_kurtosisValue_dec_15,3.73182974690236e-05,4.945923279468444e-05,485.0,PD_SPEECH_FEATURES,N/A
GradientBoosting,native,tqwt_medianValue_dec_32,3.720825110773666e-05,7.5241050427459e-05,486.0,PD_SPEECH_FEATURES,N/A
GradientBoosting,native,Ed2_7_coef,3.712408105268336e-05,8.301196883601195e-05,487.0,PD_SPEECH_FEATURES,N/A
GradientBoosting,native,Ed2_5_coef,3.705678341354527e-05,8.286148674017393e-05,488.0,PD_SPEECH_FEATURES,N/A
GradientBoosting,native,tqwt_skewnessValue_dec_14,3.6499924863883114e-05,8.16163131692774e-05,489.0,PD_SPEECH_FEATURES,N/A
GradientBoosting,native,tqwt_maxValue_dec_17,3.4469636970894255e-05,7.707645142665949e-05,490.0,PD_SPEECH_FEATURES,N/A
GradientBoosting,native,tqwt_kurtosisValue_dec_13,3.401878150238006e-05,7.606830795103424e-05,491.0,PD_SPEECH_FEATURES,N/A
GradientBoosting,native,tqwt_maxValue_dec_31,3.398262530706444e-05,7.598746024050077e-05,492.0,PD_SPEECH_FEATURES,N/A
GradientBoosting,native,app_LT_entropy_log_7_coef,3.348341804071339e-05,7.487119885807796e-05,493.0,PD_SPEECH_FEATURES,N/A
GradientBoosting,native,tqwt_minValue_dec_6,3.3229693925650526e-05,7.430385448926642e-05,494.0,PD_SPEECH_FEATURES,N/A
GradientBoosting,native,std_1st_delta,3.123522683924901e-05,6.98440905051867e-05,495.0,PD_SPEECH_FEATURES,N/A
GradientBoosting,native,tqwt_minValue_dec_30,3.066013707936221e-05,6.855815070891578e-05,496.0,PD_SPEECH_FEATURES,N/A
GradientBoosting,native,tqwt_stdValue_dec_36,3.060035713337344e-05,6.842447868599362e-05,497.0,PD_SPEECH_FEATURES,N/A
GradientBoosting,native,app_LT_entropy_shannon_8_coef,2.9564227412022753e-05,6.610762219554556e-05,498.0,PD_SPEECH_FEATURES,N/A
GradientBoosting,native,Ed_7_coef,2.944003168779137e-05,6.582991211364938e-05,499.0,PD_SPEECH_FEATURES,N/A
GradientBoosting,native,app_LT_TKEO_mean_8_coef,2.8896157475111072e-05,6.461377240288704e-05,500.0,PD_SPEECH_FEATURES,N/A
GradientBoosting,native,app_LT_entropy_log_3_coef,2.7589406652753913e-05,6.169178873444268e-05,501.0,PD_SPEECH_FEATURES,N/A
GradientBoosting,native,GNE_SNR_SEO,2.7549395181981146e-05,6.160232036591503e-05,502.0,PD_SPEECH_FEATURES,N/A
GradientBoosting,native,tqwt_stdValue_dec_9,2.7507696338714554e-05,3.987368401732337e-05,503.0,PD_SPEECH_FEATURES,N/A
GradientBoosting,native,det_LT_entropy_shannon_10_coef,2.729164974404299e-05,4.1596940506357215e-05,504.0,PD_SPEECH_FEATURES,N/A
GradientBoosting,native,tqwt_stdValue_dec_7,2.7109242189871813e-05,6.061810835505863e-05,505.0,PD_SPEECH_FEATURES,N/A
GradientBoosting,native,det_LT_TKEO_std_4_coef,2.6827373367094792e-05,5.9987830506591375e-05,506.0,PD_SPEECH_FEATURES,N/A
GradientBoosting,native,tqwt_medianValue_dec_18,2.550692297205185e-05,5.7035213662358915e-05,507.0,PD_SPEECH_FEATURES,N/A
GradientBoosting,native,Ea,2.5373561635848643e-05,5.6737008649038336e-05,508.0,PD_SPEECH_FEATURES,N/A
GradientBoosting,native,tqwt_energy_dec_14,2.536485630334592e-05,5.67175429337955e-05,509.0,PD_SPEECH_FEATURES,N/A
GradientBoosting,native,tqwt_stdValue_dec_35,2.461071033033811e-05,5.5031221273192324e-05,510.0,PD_SPEECH_FEATURES,N/A
GradientBoosting,native,IMF_SNR_SEO,2.4601451796646614e-05,5.5010518562486154e-05,511.0,PD_SPEECH_FEATURES,N/A
GradientBoosting,native,std_12th_delta_delta,2.429916195733034e-05,4.770062234336322e-05,512.0,PD_SPEECH_FEATURES,N/A
GradientBoosting,native,tqwt_meanValue_dec_13,2.4199601652136515e-05,5.411195432259347e-05,513.0,PD_SPEECH_FEATURES,N/A
GradientBoosting,native,meanAutoCorrHarmonicity,2.304962074874994e-05,4.904572868309076e-05,514.0,PD_SPEECH_FEATURES,N/A
GradientBoosting,native,app_entropy_log_2_coef,2.2984773160537724e-05,4.687329484900951e-05,515.0,PD_SPEECH_FEATURES,N/A
GradientBoosting,native,tqwt_TKEO_mean_dec_10,2.0418274155499382e-05,4.367364263768814e-05,516.0,PD_SPEECH_FEATURES,N/A
GradientBoosting,native,tqwt_skewnessValue_dec_4,2.037608420833224e-05,4.12790224141306e-05,517.0,PD_SPEECH_FEATURES,N/A
GradientBoosting,native,tqwt_kurtosisValue_dec_11,1.97733564496124e-05,4.4214569164667213e-05,518.0,PD_SPEECH_FEATURES,N/A
GradientBoosting,native,tqwt_TKEO_mean_dec_7,1.9554815846793754e-05,4.3725897520920945e-05,519.0,PD_SPEECH_FEATURES,N/A
GradientBoosting,native,tqwt_minValue_dec_9,1.9529290294606376e-05,4.3668820651066744e-05,520.0,PD_SPEECH_FEATURES,N/A
GradientBoosting,native,tqwt_kurtosisValue_dec_1,1.930241550721357e-05,3.640710408902294e-05,521.0,PD_SPEECH_FEATURES,N/A
GradientBoosting,native,det_LT_entropy_shannon_3_coef,1.8461874267534132e-05,4.128200585426046e-05,522.0,PD_SPEECH_FEATURES,N/A
GradientBoosting,native,mean_9th_delta,1.8153996488690795e-05,4.059357021200511e-05,523.0,PD_SPEECH_FEATURES,N/A
GradientBoosting,native,det_LT_TKEO_mean_5_coef,1.746251036588143e-05,3.90473602359056e-05,524.0,PD_SPEECH_FEATURES,N/A
GradientBoosting,native,tqwt_entropy_shannon_dec_4,1.720471482806482e-05,3.847091188905154e-05,525.0,PD_SPEECH_FEATURES,N/A
GradientBoosting,native,mean_4th_delta,1.6853398911828703e-05,3.768534561876997e-05,526.0,PD_SPEECH_FEATURES,N/A
GradientBoosting,native,det_LT_entropy_log_7_coef,1.6793777405404956e-05,3.7552027877485526e-05,527.0,PD_SPEECH_FEATURES,N/A
GradientBoosting,native,Ed_5_coef,1.6725308530361243e-05,3.410961091353825e-05,528.0,PD_SPEECH_FEATURES,N/A
GradientBoosting,native,tqwt_stdValue_dec_1,1.6458114510072683e-05,3.6801462825998164e-05,529.0,PD_SPEECH_FEATURES,N/A
GradientBoosting,native,det_entropy_log_9_coef,1.59549355714651e-05,2.5999632923893888e-05,530.0,PD_SPEECH_FEATURES,N/A
GradientBoosting,native,tqwt_meanValue_dec_8,1.595426087563389e-05,3.56748118486827e-05,531.0,PD_SPEECH_FEATURES,N/A
GradientBoosting,native,std_MFCC_7th_coef,1.5440276109890466e-05,3.4525506973081096e-05,532.0,PD_SPEECH_FEATURES,N/A
GradientBoosting,native,det_LT_TKEO_mean_1_coef,1.5252554341545137e-05,3.410574833820447e-05,533.0,PD_SPEECH_FEATURES,N/A
GradientBoosting,native,tqwt_stdValue_dec_6,1.4930771408221217e-05,3.0232152692801157e-05,534.0,PD_SPEECH_FEATURES,N/A
GradientBoosting,native,app_LT_entropy_log_10_coef,1.4633477026848337e-05,3.2721449379214396e-05,535.0,PD_SPEECH_FEATURES,N/A
GradientBoosting,native,app_det_TKEO_mean_6_coef,1.3990012673641082e-05,3.128261934434504e-05,536.0,PD_SPEECH_FEATURES,N/A
GradientBoosting,native,mean_2nd_delta_delta,1.3861953435733682e-05,3.099627018323727e-05,537.0,PD_SPEECH_FEATURES,N/A
GradientBoosting,native,tqwt_minValue_dec_22,1.3241352059814862e-05,2.7972572592654158e-05,538.0,PD_SPEECH_FEATURES,N/A
GradientBoosting,native,Ed2_6_coef,1.3114317216709897e-05,2.9324504775059173e-05,539.0,PD_SPEECH_FEATURES,N/A
GradientBoosting,native,det_LT_TKEO_mean_4_coef,1.3056241844507221e-05,2.9194644294995386e-05,540.0,PD_SPEECH_FEATURES,N/A
GradientBoosting,native,app_LT_TKEO_std_10_coef,1.2746972687544938e-05,2.8503097436683665e-05,541.0,PD_SPEECH_FEATURES,N/A
GradientBoosting,native,tqwt_medianValue_dec_35,1.2320462510297933e-05,2.754939168726388e-05,542.0,PD_SPEECH_FEATURES,N/A
GradientBoosting,native,tqwt_maxValue_dec_34,1.191706928132903e-05,1.6858647235670634e-05,543.0,PD_SPEECH_FEATURES,N/A
GradientBoosting,native,ppq5Jitter,1.1688362235064647e-05,2.6135972503245925e-05,544.0,PD_SPEECH_FEATURES,N/A
GradientBoosting,native,tqwt_entropy_shannon_dec_23,1.1002774424420303e-05,2.4602951554099922e-05,545.0,PD_SPEECH_FEATURES,N/A
GradientBoosting,native,app_LT_entropy_shannon_1_coef,1.0933207480470467e-05,2.444739513844117e-05,546.0,PD_SPEECH_FEATURES,N/A
GradientBoosting,native,tqwt_medianValue_dec_5,1.09282166969446e-05,2.443623540721634e-05,547.0,PD_SPEECH_FEATURES,N/A
GradientBoosting,native,Ed2_2_coef,1.0682812174521957e-05,2.388749421309344e-05,548.0,PD_SPEECH_FEATURES,N/A
GradientBoosting,native,Ed2_10_coef,1.0374827542115696e-05,2.3198819639007758e-05,549.0,PD_SPEECH_FEATURES,N/A
GradientBoosting,native,app_entropy_log_9_coef,1.0359533734541224e-05,1.536840864416549e-05,550.0,PD_SPEECH_FEATURES,N/A
GradientBoosting,native,app_entropy_log_10_coef,1.0024579339344443e-05,1.7620439377142028e-05,551.0,PD_SPEECH_FEATURES,N/A
GradientBoosting,native,det_entropy_log_10_coef,9.914113189861958e-06,2.216863102915862e-05,552.0,PD_SPEECH_FEATURES,N/A
GradientBoosting,native,tqwt_minValue_dec_26,9.78753447459334e-06,2.1885592417313395e-05,553.0,PD_SPEECH_FEATURES,N/A
GradientBoosting,native,tqwt_energy_dec_29,9.521900617691978e-06,1.638721812444518e-05,554.0,PD_SPEECH_FEATURES,N/A
GradientBoosting,native,tqwt_minValue_dec_27,9.459166183993582e-06,2.115133859787693e-05,555.0,PD_SPEECH_FEATURES,N/A
GradientBoosting,native,Ed2_4_coef,8.936048208499339e-06,1.9981611244419734e-05,556.0,PD_SPEECH_FEATURES,N/A
GradientBoosting,native,mean_MFCC_11th_coef,8.26662990834352e-06,1.848474641988897e-05,557.0,PD_SPEECH_FEATURES,N/A
GradientBoosting,native,apq3Shimmer,7.906237921241233e-06,1.7678885438182026e-05,558.0,PD_SPEECH_FEATURES,N/A
GradientBoosting,native,tqwt_stdValue_dec_20,7.645422338053536e-06,1.2831387982479617e-05,559.0,PD_SPEECH_FEATURES,N/A
GradientBoosting,native,det_LT_entropy_log_3_coef,7.55638029912281e-06,1.2037676545909715e-05,560.0,PD_SPEECH_FEATURES,N/A
GradientBoosting,native,tqwt_maxValue_dec_15,6.8914590147014184e-06,1.5386647007314215e-05,561.0,PD_SPEECH_FEATURES,N/A
GradientBoosting,native,Ed2_3_coef,6.212079879405566e-06,1.3890632892009541e-05,562.0,PD_SPEECH_FEATURES,N/A
GradientBoosting,native,tqwt_maxValue_dec_27,5.869736851865896e-06,1.3125130610807757e-05,563.0,PD_SPEECH_FEATURES,N/A
GradientBoosting,native,tqwt_meanValue_dec_6,5.440336517587715e-06,1.216496227380061e-05,564.0,PD_SPEECH_FEATURES,N/A
GradientBoosting,native,app_TKEO_std_2_coef,5.218958010962123e-06,1.1669944884228399e-05,565.0,PD_SPEECH_FEATURES,N/A
GradientBoosting,native,tqwt_minValue_dec_14,4.9729441595983585e-06,7.064904353454767e-06,566.0,PD_SPEECH_FEATURES,N/A
GradientBoosting,native,det_LT_TKEO_std_8_coef,4.863275752941676e-06,9.223251378908511e-06,567.0,PD_SPEECH_FEATURES,N/A
GradientBoosting,native,tqwt_entropy_log_dec_22,4.701839791103283e-06,1.051363339222035e-05,568.0,PD_SPEECH_FEATURES,N/A
GradientBoosting,native,IMF_NSR_entropy,4.688305559054211e-06,1.0483369929335372e-05,569.0,PD_SPEECH_FEATURES,N/A
GradientBoosting,native,app_LT_entropy_log_6_coef,4.525941639164864e-06,1.0120313167369461e-05,570.0,PD_SPEECH_FEATURES,N/A
GradientBoosting,native,tqwt_entropy_shannon_dec_3,4.390991155221728e-06,6.0142971465188074e-06,571.0,PD_SPEECH_FEATURES,N/A
GradientBoosting,native,det_TKEO_std_5_coef,4.348649720396863e-06,9.723876385142838e-06,572.0,PD_SPEECH_FEATURES,N/A
GradientBoosting,native,tqwt_TKEO_mean_dec_35,3.7621161860726547e-06,5.83336893051808e-06,573.0,PD_SPEECH_FEATURES,N/A
GradientBoosting,native,ddpJitter,3.5573171486623376e-06,7.954402961934712e-06,574.0,PD_SPEECH_FEATURES,N/A
GradientBoosting,native,det_LT_TKEO_mean_6_coef,3.4689238496039078e-06,7.756749536484596e-06,575.0,PD_SPEECH_FEATURES,N/A
GradientBoosting,native,det_LT_entropy_shannon_1_coef,3.4547753716639773e-06,7.725112578032754e-06,576.0,PD_SPEECH_FEATURES,N/A
GradientBoosting,native,tqwt_minValue_dec_32,2.9899146242334817e-06,6.685652346706806e-06,577.0,PD_SPEECH_FEATURES,N/A
GradientBoosting,native,det_LT_entropy_log_4_coef,2.6551896735440447e-06,5.937184603199959e-06,578.0,PD_SPEECH_FEATURES,N/A
GradientBoosting,native,tqwt_energy_dec_2,2.447254192411355e-06,5.197891267605448e-06,579.0,PD_SPEECH_FEATURES,N/A
GradientBoosting,native,tqwt_stdValue_dec_31,2.421004429360449e-06,5.4135304778780516e-06,580.0,PD_SPEECH_FEATURES,N/A
GradientBoosting,native,app_det_TKEO_mean_9_coef,2.355960589845406e-06,5.2680880312048286e-06,581.0,PD_SPEECH_FEATURES,N/A
GradientBoosting,native,app_LT_TKEO_mean_6_coef,1.8525706348256734e-06,4.142473872590145e-06,582.0,PD_SPEECH_FEATURES,N/A
GradientBoosting,native,tqwt_TKEO_mean_dec_2,1.7389171503570343e-06,3.888336955438551e-06,583.0,PD_SPEECH_FEATURES,N/A
GradientBoosting,native,tqwt_maxValue_dec_29,1.533014024490966e-06,3.4279235692223276e-06,584.0,PD_SPEECH_FEATURES,N/A
GradientBoosting,native,app_LT_TKEO_mean_7_coef,1.4844270240391542e-06,3.3192797333892635e-06,585.0,PD_SPEECH_FEATURES,N/A
GradientBoosting,native,tqwt_skewnessValue_dec_1,1.3573401814148211e-06,3.035104914235437e-06,586.0,PD_SPEECH_FEATURES,N/A
GradientBoosting,native,tqwt_maxValue_dec_26,1.3013398304904388e-06,2.9098843228046753e-06,587.0,PD_SPEECH_FEATURES,N/A
GradientBoosting,native,tqwt_entropy_shannon_dec_29,1.2434248540056222e-06,2.7803824984693227e-06,588.0,PD_SPEECH_FEATURES,N/A
GradientBoosting,native,tqwt_skewnessValue_dec_5,1.1854907170030049e-06,2.6508378299136847e-06,589.0,PD_SPEECH_FEATURES,N/A
GradientBoosting,native,app_entropy_log_8_coef,9.917083596355014e-07,2.2175273059997896e-06,590.0,PD_SPEECH_FEATURES,N/A
GradientBoosting,native,det_entropy_shannon_9_coef,9.862032162472394e-07,2.205217431157752e-06,591.0,PD_SPEECH_FEATURES,N/A
GradientBoosting,native,tqwt_TKEO_std_dec_23,8.765478052256167e-07,1.9600204780127244e-06,592.0,PD_SPEECH_FEATURES,N/A
GradientBoosting,native,tqwt_energy_dec_35,8.102034553723352e-07,1.8116700018177587e-06,593.0,PD_SPEECH_FEATURES,N/A
GradientBoosting,native,app_det_TKEO_mean_10_coef,7.263403184235681e-07,1.6241463267939413e-06,594.0,PD_SPEECH_FEATURES,N/A
GradientBoosting,native,Ed_8_coef,6.387690441738445e-07,1.4283310046952823e-06,595.0,PD_SPEECH_FEATURES,N/A
GradientBoosting,native,tqwt_entropy_log_dec_10,6.140096869922646e-07,1.3729673989580721e-06,596.0,PD_SPEECH_FEATURES,N/A
GradientBoosting,native,tqwt_entropy_log_dec_20,5.000089886685253e-07,1.1180540880237447e-06,597.0,PD_SPEECH_FEATURES,N/A
GradientBoosting,native,det_entropy_log_7_coef,4.838940542305799e-07,1.0820199991675463e-06,598.0,PD_SPEECH_FEATURES,N/A
GradientBoosting,native,Ed_9_coef,4.7283128731178387e-07,1.0572829003178826e-06,599.0,PD_SPEECH_FEATURES,N/A
GradientBoosting,native,app_entropy_shannon_9_coef,4.414819679577244e-07,9.871836911938558e-07,600.0,PD_SPEECH_FEATURES,N/A
GradientBoosting,native,tqwt_maxValue_dec_25,3.7235870210453227e-07,8.326193699193281e-07,601.0,PD_SPEECH_FEATURES,N/A
GradientBoosting,native,det_entropy_shannon_5_coef,3.354993875811308e-07,7.501994370409572e-07,602.0,PD_SPEECH_FEATURES,N/A
GradientBoosting,native,tqwt_medianValue_dec_3,2.267427220814153e-07,5.070121399773872e-07,603.0,PD_SPEECH_FEATURES,N/A
GradientBoosting,native,tqwt_entropy_shannon_dec_12,1.496634634029559e-07,3.3465767791706145e-07,604.0,PD_SPEECH_FEATURES,N/A
GradientBoosting,native,tqwt_maxValue_dec_2,1.287793062928795e-07,2.8795928296614503e-07,605.0,PD_SPEECH_FEATURES,N/A
GradientBoosting,native,tqwt_minValue_dec_35,7.011918407355579e-08,1.5679126211529136e-07,606.0,PD_SPEECH_FEATURES,N/A
GradientBoosting,native,tqwt_maxValue_dec_22,2.5781190908831196e-08,5.764849541304614e-08,607.0,PD_SPEECH_FEATURES,N/A
GradientBoosting,native,tqwt_maxValue_dec_23,1.8986612111431322e-08,4.245535534358124e-08,608.0,PD_SPEECH_FEATURES,N/A
GradientBoosting,native,app_LT_entropy_shannon_10_coef,1.3811655799195161e-08,3.088380124882957e-08,609.0,PD_SPEECH_FEATURES,N/A
GradientBoosting,native,tqwt_minValue_dec_36,1.115203213981229e-08,2.4936701951882723e-08,610.0,PD_SPEECH_FEATURES,N/A
GradientBoosting,native,Ea2,0.0,0.0,611.0,PD_SPEECH_FEATURES,N/A
GradientBoosting,native,Ed2_9_coef,0.0,0.0,611.0,PD_SPEECH_FEATURES,N/A
GradientBoosting,native,Ed_10_coef,0.0,0.0,611.0,PD_SPEECH_FEATURES,N/A
GradientBoosting,native,Ed_2_coef,0.0,0.0,611.0,PD_SPEECH_FEATURES,N/A
GradientBoosting,native,Ed_3_coef,0.0,0.0,611.0,PD_SPEECH_FEATURES,N/A
GradientBoosting,native,Ed_6_coef,0.0,0.0,611.0,PD_SPEECH_FEATURES,N/A
GradientBoosting,native,VFER_mean,0.0,0.0,611.0,PD_SPEECH_FEATURES,N/A
GradientBoosting,native,app_LT_TKEO_mean_10_coef,0.0,0.0,611.0,PD_SPEECH_FEATURES,N/A
GradientBoosting,native,app_LT_TKEO_std_4_coef,0.0,0.0,611.0,PD_SPEECH_FEATURES,N/A
GradientBoosting,native,app_LT_TKEO_std_8_coef,0.0,0.0,611.0,PD_SPEECH_FEATURES,N/A
GradientBoosting,native,app_LT_TKEO_std_9_coef,0.0,0.0,611.0,PD_SPEECH_FEATURES,N/A
GradientBoosting,native,app_LT_entropy_log_8_coef,0.0,0.0,611.0,PD_SPEECH_FEATURES,N/A
GradientBoosting,native,app_LT_entropy_log_9_coef,0.0,0.0,611.0,PD_SPEECH_FEATURES,N/A
GradientBoosting,native,app_LT_entropy_shannon_3_coef,0.0,0.0,611.0,PD_SPEECH_FEATURES,N/A
GradientBoosting,native,app_LT_entropy_shannon_5_coef,0.0,0.0,611.0,PD_SPEECH_FEATURES,N/A
GradientBoosting,native,app_LT_entropy_shannon_7_coef,0.0,0.0,611.0,PD_SPEECH_FEATURES,N/A
GradientBoosting,native,app_LT_entropy_shannon_9_coef,0.0,0.0,611.0,PD_SPEECH_FEATURES,N/A
GradientBoosting,native,app_TKEO_std_10_coef,0.0,0.0,611.0,PD_SPEECH_FEATURES,N/A
GradientBoosting,native,app_TKEO_std_4_coef,0.0,0.0,611.0,PD_SPEECH_FEATURES,N/A
GradientBoosting,native,app_TKEO_std_7_coef,0.0,0.0,611.0,PD_SPEECH_FEATURES,N/A
GradientBoosting,native,app_TKEO_std_8_coef,0.0,0.0,611.0,PD_SPEECH_FEATURES,N/A
GradientBoosting,native,app_TKEO_std_9_coef,0.0,0.0,611.0,PD_SPEECH_FEATURES,N/A
GradientBoosting,native,app_det_TKEO_mean_3_coef,0.0,0.0,611.0,PD_SPEECH_FEATURES,N/A
GradientBoosting,native,app_det_TKEO_mean_5_coef,0.0,0.0,611.0,PD_SPEECH_FEATURES,N/A
GradientBoosting,native,app_det_TKEO_mean_7_coef,0.0,0.0,611.0,PD_SPEECH_FEATURES,N/A
GradientBoosting,native,app_det_TKEO_mean_8_coef,0.0,0.0,611.0,PD_SPEECH_FEATURES,N/A
GradientBoosting,native,app_entropy_log_1_coef,0.0,0.0,611.0,PD_SPEECH_FEATURES,N/A
GradientBoosting,native,app_entropy_log_4_coef,0.0,0.0,611.0,PD_SPEECH_FEATURES,N/A
GradientBoosting,native,app_entropy_log_5_coef,0.0,0.0,611.0,PD_SPEECH_FEATURES,N/A
GradientBoosting,native,app_entropy_log_7_coef,0.0,0.0,611.0,PD_SPEECH_FEATURES,N/A
GradientBoosting,native,app_entropy_shannon_6_coef,0.0,0.0,611.0,PD_SPEECH_FEATURES,N/A
GradientBoosting,native,app_entropy_shannon_7_coef,0.0,0.0,611.0,PD_SPEECH_FEATURES,N/A
GradientBoosting,native,app_entropy_shannon_8_coef,0.0,0.0,611.0,PD_SPEECH_FEATURES,N/A
GradientBoosting,native,ddaShimmer,0.0,0.0,611.0,PD_SPEECH_FEATURES,N/A
GradientBoosting,native,det_LT_TKEO_mean_2_coef,0.0,0.0,611.0,PD_SPEECH_FEATURES,N/A
GradientBoosting,native,det_LT_TKEO_mean_3_coef,0.0,0.0,611.0,PD_SPEECH_FEATURES,N/A
GradientBoosting,native,det_LT_TKEO_mean_7_coef,0.0,0.0,611.0,PD_SPEECH_FEATURES,N/A
GradientBoosting,native,det_LT_TKEO_std_10_coef,0.0,0.0,611.0,PD_SPEECH_FEATURES,N/A
GradientBoosting,native,det_LT_TKEO_std_5_coef,0.0,0.0,611.0,PD_SPEECH_FEATURES,N/A
GradientBoosting,native,det_LT_TKEO_std_6_coef,0.0,0.0,611.0,PD_SPEECH_FEATURES,N/A
GradientBoosting,native,det_LT_TKEO_std_7_coef,0.0,0.0,611.0,PD_SPEECH_FEATURES,N/A
GradientBoosting,native,det_LT_entropy_log_10_coef,0.0,0.0,611.0,PD_SPEECH_FEATURES,N/A
GradientBoosting,native,det_LT_entropy_log_2_coef,0.0,0.0,611.0,PD_SPEECH_FEATURES,N/A
GradientBoosting,native,det_LT_entropy_log_9_coef,0.0,0.0,611.0,PD_SPEECH_FEATURES,N/A
GradientBoosting,native,det_LT_entropy_shannon_2_coef,0.0,0.0,611.0,PD_SPEECH_FEATURES,N/A
GradientBoosting,native,det_LT_entropy_shannon_5_coef,0.0,0.0,611.0,PD_SPEECH_FEATURES,N/A
GradientBoosting,native,det_LT_entropy_shannon_9_coef,0.0,0.0,611.0,PD_SPEECH_FEATURES,N/A
GradientBoosting,native,det_TKEO_mean_10_coef,0.0,0.0,611.0,PD_SPEECH_FEATURES,N/A
GradientBoosting,native,det_TKEO_mean_3_coef,0.0,0.0,611.0,PD_SPEECH_FEATURES,N/A
GradientBoosting,native,det_TKEO_mean_4_coef,0.0,0.0,611.0,PD_SPEECH_FEATURES,N/A
GradientBoosting,native,det_TKEO_mean_5_coef,0.0,0.0,611.0,PD_SPEECH_FEATURES,N/A
GradientBoosting,native,det_TKEO_mean_6_coef,0.0,0.0,611.0,PD_SPEECH_FEATURES,N/A
GradientBoosting,native,det_TKEO_mean_7_coef,0.0,0.0,611.0,PD_SPEECH_FEATURES,N/A
GradientBoosting,native,det_TKEO_mean_8_coef,0.0,0.0,611.0,PD_SPEECH_FEATURES,N/A
GradientBoosting,native,det_TKEO_mean_9_coef,0.0,0.0,611.0,PD_SPEECH_FEATURES,N/A
GradientBoosting,native,det_TKEO_std_1_coef,0.0,0.0,611.0,PD_SPEECH_FEATURES,N/A
GradientBoosting,native,det_TKEO_std_2_coef,0.0,0.0,611.0,PD_SPEECH_FEATURES,N/A
GradientBoosting,native,det_TKEO_std_7_coef,0.0,0.0,611.0,PD_SPEECH_FEATURES,N/A
GradientBoosting,native,det_TKEO_std_9_coef,0.0,0.0,611.0,PD_SPEECH_FEATURES,N/A
GradientBoosting,native,det_entropy_log_3_coef,0.0,0.0,611.0,PD_SPEECH_FEATURES,N/A
GradientBoosting,native,det_entropy_log_8_coef,0.0,0.0,611.0,PD_SPEECH_FEATURES,N/A
GradientBoosting,native,det_entropy_shannon_1_coef,0.0,0.0,611.0,PD_SPEECH_FEATURES,N/A
GradientBoosting,native,det_entropy_shannon_2_coef,0.0,0.0,611.0,PD_SPEECH_FEATURES,N/A
GradientBoosting,native,det_entropy_shannon_3_coef,0.0,0.0,611.0,PD_SPEECH_FEATURES,N/A
GradientBoosting,native,det_entropy_shannon_4_coef,0.0,0.0,611.0,PD_SPEECH_FEATURES,N/A
GradientBoosting,native,det_entropy_shannon_6_coef,0.0,0.0,611.0,PD_SPEECH_FEATURES,N/A
GradientBoosting,native,det_entropy_shannon_7_coef,0.0,0.0,611.0,PD_SPEECH_FEATURES,N/A
GradientBoosting,native,det_entropy_shannon_8_coef,0.0,0.0,611.0,PD_SPEECH_FEATURES,N/A
GradientBoosting,native,locDbShimmer,0.0,0.0,611.0,PD_SPEECH_FEATURES,N/A
GradientBoosting,native,locPctJitter,0.0,0.0,611.0,PD_SPEECH_FEATURES,N/A
GradientBoosting,native,meanHarmToNoiseHarmonicity,0.0,0.0,611.0,PD_SPEECH_FEATURES,N/A
GradientBoosting,native,mean_11th_delta,0.0,0.0,611.0,PD_SPEECH_FEATURES,N/A
GradientBoosting,native,mean_1st_delta_delta,0.0,0.0,611.0,PD_SPEECH_FEATURES,N/A
GradientBoosting,native,mean_5th_delta_delta,0.0,0.0,611.0,PD_SPEECH_FEATURES,N/A
GradientBoosting,native,mean_7th_delta,0.0,0.0,611.0,PD_SPEECH_FEATURES,N/A
GradientBoosting,native,mean_8th_delta_delta,0.0,0.0,611.0,PD_SPEECH_FEATURES,N/A
GradientBoosting,native,std_MFCC_0th_coef,0.0,0.0,611.0,PD_SPEECH_FEATURES,N/A
GradientBoosting,native,tqwt_TKEO_mean_dec_1,0.0,0.0,611.0,PD_SPEECH_FEATURES,N/A
GradientBoosting,native,tqwt_TKEO_mean_dec_15,0.0,0.0,611.0,PD_SPEECH_FEATURES,N/A
GradientBoosting,native,tqwt_TKEO_mean_dec_19,0.0,0.0,611.0,PD_SPEECH_FEATURES,N/A
GradientBoosting,native,tqwt_TKEO_mean_dec_22,0.0,0.0,611.0,PD_SPEECH_FEATURES,N/A
GradientBoosting,native,tqwt_TKEO_mean_dec_24,0.0,0.0,611.0,PD_SPEECH_FEATURES,N/A
GradientBoosting,native,tqwt_TKEO_mean_dec_27,0.0,0.0,611.0,PD_SPEECH_FEATURES,N/A
GradientBoosting,native,tqwt_TKEO_mean_dec_3,0.0,0.0,611.0,PD_SPEECH_FEATURES,N/A
GradientBoosting,native,tqwt_TKEO_mean_dec_30,0.0,0.0,611.0,PD_SPEECH_FEATURES,N/A
GradientBoosting,native,tqwt_TKEO_mean_dec_34,0.0,0.0,611.0,PD_SPEECH_FEATURES,N/A
GradientBoosting,native,tqwt_TKEO_mean_dec_8,0.0,0.0,611.0,PD_SPEECH_FEATURES,N/A
GradientBoosting,native,tqwt_TKEO_mean_dec_9,0.0,0.0,611.0,PD_SPEECH_FEATURES,N/A
GradientBoosting,native,tqwt_TKEO_std_dec_1,0.0,0.0,611.0,PD_SPEECH_FEATURES,N/A
GradientBoosting,native,tqwt_TKEO_std_dec_24,0.0,0.0,611.0,PD_SPEECH_FEATURES,N/A
GradientBoosting,native,tqwt_TKEO_std_dec_29,0.0,0.0,611.0,PD_SPEECH_FEATURES,N/A
GradientBoosting,native,tqwt_TKEO_std_dec_3,0.0,0.0,611.0,PD_SPEECH_FEATURES,N/A
GradientBoosting,native,tqwt_TKEO_std_dec_32,0.0,0.0,611.0,PD_SPEECH_FEATURES,N/A
GradientBoosting,native,tqwt_TKEO_std_dec_33,0.0,0.0,611.0,PD_SPEECH_FEATURES,N/A
GradientBoosting,native,tqwt_TKEO_std_dec_34,0.0,0.0,611.0,PD_SPEECH_FEATURES,N/A
GradientBoosting,native,tqwt_TKEO_std_dec_4,0.0,0.0,611.0,PD_SPEECH_FEATURES,N/A
GradientBoosting,native,tqwt_TKEO_std_dec_8,0.0,0.0,611.0,PD_SPEECH_FEATURES,N/A
GradientBoosting,native,tqwt_energy_dec_8,0.0,0.0,611.0,PD_SPEECH_FEATURES,N/A
GradientBoosting,native,tqwt_entropy_log_dec_21,0.0,0.0,611.0,PD_SPEECH_FEATURES,N/A
GradientBoosting,native,tqwt_entropy_log_dec_6,0.0,0.0,611.0,PD_SPEECH_FEATURES,N/A
GradientBoosting,native,tqwt_entropy_log_dec_7,0.0,0.0,611.0,PD_SPEECH_FEATURES,N/A
GradientBoosting,native,tqwt_entropy_shannon_dec_11,0.0,0.0,611.0,PD_SPEECH_FEATURES,N/A
GradientBoosting,native,tqwt_entropy_shannon_dec_14,0.0,0.0,611.0,PD_SPEECH_FEATURES,N/A
GradientBoosting,native,tqwt_entropy_shannon_dec_22,0.0,0.0,611.0,PD_SPEECH_FEATURES,N/A
GradientBoosting,native,tqwt_entropy_shannon_dec_31,0.0,0.0,611.0,PD_SPEECH_FEATURES,N/A
GradientBoosting,native,tqwt_entropy_shannon_dec_5,0.0,0.0,611.0,PD_SPEECH_FEATURES,N/A
GradientBoosting,native,tqwt_entropy_shannon_dec_6,0.0,0.0,611.0,PD_SPEECH_FEATURES,N/A
GradientBoosting,native,tqwt_entropy_shannon_dec_7,0.0,0.0,611.0,PD_SPEECH_FEATURES,N/A
GradientBoosting,native,tqwt_entropy_shannon_dec_8,0.0,0.0,611.0,PD_SPEECH_FEATURES,N/A
GradientBoosting,native,tqwt_entropy_shannon_dec_9,0.0,0.0,611.0,PD_SPEECH_FEATURES,N/A
GradientBoosting,native,tqwt_kurtosisValue_dec_2,0.0,0.0,611.0,PD_SPEECH_FEATURES,N/A
GradientBoosting,native,tqwt_kurtosisValue_dec_21,0.0,0.0,611.0,PD_SPEECH_FEATURES,N/A
GradientBoosting,native,tqwt_kurtosisValue_dec_6,0.0,0.0,611.0,PD_SPEECH_FEATURES,N/A
GradientBoosting,native,tqwt_maxValue_dec_3,0.0,0.0,611.0,PD_SPEECH_FEATURES,N/A
GradientBoosting,native,tqwt_maxValue_dec_30,0.0,0.0,611.0,PD_SPEECH_FEATURES,N/A
GradientBoosting,native,tqwt_maxValue_dec_32,0.0,0.0,611.0,PD_SPEECH_FEATURES,N/A
GradientBoosting,native,tqwt_maxValue_dec_33,0.0,0.0,611.0,PD_SPEECH_FEATURES,N/A
GradientBoosting,native,tqwt_maxValue_dec_5,0.0,0.0,611.0,PD_SPEECH_FEATURES,N/A
GradientBoosting,native,tqwt_maxValue_dec_6,0.0,0.0,611.0,PD_SPEECH_FEATURES,N/A
GradientBoosting,native,tqwt_maxValue_dec_7,0.0,0.0,611.0,PD_SPEECH_FEATURES,N/A
GradientBoosting,native,tqwt_meanValue_dec_10,0.0,0.0,611.0,PD_SPEECH_FEATURES,N/A
GradientBoosting,native,tqwt_meanValue_dec_25,0.0,0.0,611.0,PD_SPEECH_FEATURES,N/A
GradientBoosting,native,tqwt_meanValue_dec_3,0.0,0.0,611.0,PD_SPEECH_FEATURES,N/A
GradientBoosting,native,tqwt_meanValue_dec_30,0.0,0.0,611.0,PD_SPEECH_FEATURES,N/A
GradientBoosting,native,tqwt_meanValue_dec_35,0.0,0.0,611.0,PD_SPEECH_FEATURES,N/A
GradientBoosting,native,tqwt_meanValue_dec_9,0.0,0.0,611.0,PD_SPEECH_FEATURES,N/A
GradientBoosting,native,tqwt_medianValue_dec_21,0.0,0.0,611.0,PD_SPEECH_FEATURES,N/A
GradientBoosting,native,tqwt_medianValue_dec_6,0.0,0.0,611.0,PD_SPEECH_FEATURES,N/A
GradientBoosting,native,tqwt_medianValue_dec_7,0.0,0.0,611.0,PD_SPEECH_FEATURES,N/A
GradientBoosting,native,tqwt_minValue_dec_1,0.0,0.0,611.0,PD_SPEECH_FEATURES,N/A
GradientBoosting,native,tqwt_minValue_dec_23,0.0,0.0,611.0,PD_SPEECH_FEATURES,N/A
GradientBoosting,native,tqwt_minValue_dec_29,0.0,0.0,611.0,PD_SPEECH_FEATURES,N/A
GradientBoosting,native,tqwt_skewnessValue_dec_2,0.0,0.0,611.0,PD_SPEECH_FEATURES,N/A
GradientBoosting,native,tqwt_skewnessValue_dec_20,0.0,0.0,611.0,PD_SPEECH_FEATURES,N/A
GradientBoosting,native,tqwt_skewnessValue_dec_22,0.0,0.0,611.0,PD_SPEECH_FEATURES,N/A
GradientBoosting,native,tqwt_stdValue_dec_14,0.0,0.0,611.0,PD_SPEECH_FEATURES,N/A
GradientBoosting,native,tqwt_stdValue_dec_2,0.0,0.0,611.0,PD_SPEECH_FEATURES,N/A
GradientBoosting,native,tqwt_stdValue_dec_22,0.0,0.0,611.0,PD_SPEECH_FEATURES,N/A
GradientBoosting,native,tqwt_stdValue_dec_26,0.0,0.0,611.0,PD_SPEECH_FEATURES,N/A
GradientBoosting,native,tqwt_stdValue_dec_29,0.0,0.0,611.0,PD_SPEECH_FEATURES,N/A
GradientBoosting,native,tqwt_stdValue_dec_30,0.0,0.0,611.0,PD_SPEECH_FEATURES,N/A
GradientBoosting,native,tqwt_stdValue_dec_32,0.0,0.0,611.0,PD_SPEECH_FEATURES,N/A
LogisticRegression,native,tqwt_kurtosisValue_dec_33,0.7328926431530205,0.16111524675951294,1.0,PD_SPEECH_FEATURES,N/A
LogisticRegression,native,tqwt_entropy_log_dec_33,0.6938269651375313,0.08423019603238138,2.0,PD_SPEECH_FEATURES,N/A
LogisticRegression,native,mean_MFCC_7th_coef,0.6136474155641443,0.1476335608676076,3.0,PD_SPEECH_FEATURES,N/A
LogisticRegression,native,std_delta_delta_log_energy,0.5878409271147682,0.13272745918561732,4.0,PD_SPEECH_FEATURES,N/A
LogisticRegression,native,std_MFCC_2nd_coef,0.5668325607676558,0.20162335833047346,5.0,PD_SPEECH_FEATURES,N/A
LogisticRegression,native,tqwt_meanValue_dec_16,0.5508902817106484,0.11437658418734585,6.0,PD_SPEECH_FEATURES,N/A
LogisticRegression,native,tqwt_medianValue_dec_25,0.5400223326992999,0.20895800485872365,7.0,PD_SPEECH_FEATURES,N/A
LogisticRegression,native,mean_MFCC_3rd_coef,0.5384476461699811,0.15476470124448732,8.0,PD_SPEECH_FEATURES,N/A
LogisticRegression,native,tqwt_meanValue_dec_22,0.5275220290328122,0.17159040351478916,9.0,PD_SPEECH_FEATURES,N/A
LogisticRegression,native,std_9th_delta,0.5263516564462117,0.10311017887173093,10.0,PD_SPEECH_FEATURES,N/A
LogisticRegression,native,tqwt_kurtosisValue_dec_31,0.5250452822609567,0.06981857085616419,11.0,PD_SPEECH_FEATURES,N/A
LogisticRegression,native,std_9th_delta_delta,0.5170324240754627,0.15746106109015381,12.0,PD_SPEECH_FEATURES,N/A
LogisticRegression,native,tqwt_energy_dec_25,0.5124503509644655,0.08380153343374683,13.0,PD_SPEECH_FEATURES,N/A
LogisticRegression,native,mean_2nd_delta,0.5054929809952909,0.1543834127649999,14.0,PD_SPEECH_FEATURES,N/A
LogisticRegression,native,tqwt_entropy_log_dec_11,0.4902511774852766,0.07991880300578173,15.0,PD_SPEECH_FEATURES,N/A
LogisticRegression,native,tqwt_entropy_shannon_dec_25,0.48534678475443105,0.12582327762252574,16.0,PD_SPEECH_FEATURES,N/A
LogisticRegression,native,tqwt_medianValue_dec_36,0.47505870862291816,0.14011172609069203,17.0,PD_SPEECH_FEATURES,N/A
LogisticRegression,native,b4,0.46981517191283684,0.08308416699276555,18.0,PD_SPEECH_FEATURES,N/A
LogisticRegression,native,tqwt_entropy_shannon_dec_27,0.46909911432809465,0.06938733748119674,19.0,PD_SPEECH_FEATURES,N/A
LogisticRegression,native,tqwt_medianValue_dec_10,0.46748281135176367,0.13928596399107127,20.0,PD_SPEECH_FEATURES,N/A
LogisticRegression,native,tqwt_TKEO_mean_dec_17,0.46379050015546264,0.08405087627885127,21.0,PD_SPEECH_FEATURES,N/A
LogisticRegression,native,tqwt_entropy_log_dec_9,0.4612164836163532,0.11366106739074387,22.0,PD_SPEECH_FEATURES,N/A
LogisticRegression,native,meanPeriodPulses,0.4506539005121989,0.10257465249893805,23.0,PD_SPEECH_FEATURES,N/A
LogisticRegression,native,tqwt_entropy_log_dec_28,0.4442318397974228,0.08071619140022072,24.0,PD_SPEECH_FEATURES,N/A
LogisticRegression,native,tqwt_energy_dec_15,0.4427884984755936,0.11229702458597646,25.0,PD_SPEECH_FEATURES,N/A
LogisticRegression,native,tqwt_kurtosisValue_dec_17,0.44082131614546965,0.09568205521342284,26.0,PD_SPEECH_FEATURES,N/A
LogisticRegression,native,tqwt_meanValue_dec_36,0.440378285071888,0.12110201739626311,27.0,PD_SPEECH_FEATURES,N/A
LogisticRegression,native,IMF_SNR_SEO,0.44032168133716343,0.04093123849204564,28.0,PD_SPEECH_FEATURES,N/A
LogisticRegression,native,mean_delta_delta_log_energy,0.4393609191928397,0.1457781212088739,29.0,PD_SPEECH_FEATURES,N/A
LogisticRegression,native,mean_delta_log_energy,0.43615758654313713,0.06044026125349884,30.0,PD_SPEECH_FEATURES,N/A
LogisticRegression,native,mean_0th_delta,0.434058484285861,0.15141306297349796,31.0,PD_SPEECH_FEATURES,N/A
LogisticRegression,native,tqwt_entropy_log_dec_10,0.4336430367835038,0.07690243261130869,32.0,PD_SPEECH_FEATURES,N/A
LogisticRegression,native,std_7th_delta_delta,0.4314950014144368,0.10974847849686724,33.0,PD_SPEECH_FEATURES,N/A
LogisticRegression,native,std_7th_delta,0.42847520406179085,0.14558468625416654,34.0,PD_SPEECH_FEATURES,N/A
LogisticRegression,native,mean_11th_delta_delta,0.4272285450954893,0.19399135613082663,35.0,PD_SPEECH_FEATURES,N/A
LogisticRegression,native,mean_7th_delta_delta,0.4170587475194883,0.17963982989540997,36.0,PD_SPEECH_FEATURES,N/A
LogisticRegression,native,tqwt_TKEO_std_dec_26,0.41506005969801085,0.15480024980268964,37.0,PD_SPEECH_FEATURES,N/A
LogisticRegression,native,mean_MFCC_1st_coef,0.4133481634776571,0.08032264168812589,38.0,PD_SPEECH_FEATURES,N/A
LogisticRegression,native,tqwt_skewnessValue_dec_17,0.41170865364855863,0.11078684660698841,39.0,PD_SPEECH_FEATURES,N/A
LogisticRegression,native,tqwt_meanValue_dec_11,0.4052051275500044,0.0830640212317765,40.0,PD_SPEECH_FEATURES,N/A
LogisticRegression,native,mean_MFCC_11th_coef,0.39904637276883836,0.09308226773237989,41.0,PD_SPEECH_FEATURES,N/A
LogisticRegression,native,tqwt_entropy_shannon_dec_23,0.39450721138642214,0.14686153702263077,42.0,PD_SPEECH_FEATURES,N/A
LogisticRegression,native,tqwt_entropy_log_dec_32,0.3914339214258941,0.041834888487222346,43.0,PD_SPEECH_FEATURES,N/A
LogisticRegression,native,tqwt_medianValue_dec_11,0.3912423973318589,0.09698877688314356,44.0,PD_SPEECH_FEATURES,N/A
LogisticRegression,native,tqwt_kurtosisValue_dec_18,0.38950027943639515,0.08019725818328481,45.0,PD_SPEECH_FEATURES,N/A
LogisticRegression,native,tqwt_TKEO_mean_dec_20,0.3892400346464543,0.13180349005565317,46.0,PD_SPEECH_FEATURES,N/A
LogisticRegression,native,tqwt_entropy_log_dec_26,0.3891855569502535,0.04651053372231154,47.0,PD_SPEECH_FEATURES,N/A
LogisticRegression,native,tqwt_kurtosisValue_dec_27,0.3877607350659509,0.1621248416513584,48.0,PD_SPEECH_FEATURES,N/A
LogisticRegression,native,std_6th_delta_delta,0.3835566297155751,0.0834810089216131,49.0,PD_SPEECH_FEATURES,N/A
LogisticRegression,native,std_MFCC_10th_coef,0.38031009706617036,0.1843016604684836,50.0,PD_SPEECH_FEATURES,N/A
LogisticRegression,native,mean_1st_delta_delta,0.37265152283128283,0.054447885860004486,51.0,PD_SPEECH_FEATURES,N/A
LogisticRegression,native,tqwt_meanValue_dec_12,0.37224211114144523,0.15499174162646945,52.0,PD_SPEECH_FEATURES,N/A
LogisticRegression,native,tqwt_entropy_log_dec_1,0.3708853868231242,0.019747757502970552,53.0,PD_SPEECH_FEATURES,N/A
LogisticRegression,native,std_delta_log_energy,0.36793682773931524,0.04597711973360168,54.0,PD_SPEECH_FEATURES,N/A
LogisticRegression,native,tqwt_meanValue_dec_3,0.3652460274279505,0.1543337249085827,55.0,PD_SPEECH_FEATURES,N/A
LogisticRegression,native,tqwt_skewnessValue_dec_9,0.35852985500475093,0.18519322521254483,56.0,PD_SPEECH_FEATURES,N/A
LogisticRegression,native,tqwt_TKEO_std_dec_19,0.35802061816084557,0.06666851368830327,57.0,PD_SPEECH_FEATURES,N/A
LogisticRegression,native,tqwt_meanValue_dec_23,0.35378182379044115,0.1900768498913151,58.0,PD_SPEECH_FEATURES,N/A
LogisticRegression,native,tqwt_minValue_dec_17,0.3525440502884989,0.06127527669431763,59.0,PD_SPEECH_FEATURES,N/A
LogisticRegression,native,mean_3rd_delta_delta,0.3476688882330031,0.15067206995780394,60.0,PD_SPEECH_FEATURES,N/A
LogisticRegression,native,tqwt_stdValue_dec_9,0.34614623329122207,0.05244977708157581,61.0,PD_SPEECH_FEATURES,N/A
LogisticRegression,native,tqwt_kurtosisValue_dec_20,0.33922814600474605,0.08211221186017767,62.0,PD_SPEECH_FEATURES,N/A
LogisticRegression,native,tqwt_skewnessValue_dec_25,0.3375179218440291,0.08110799518200777,63.0,PD_SPEECH_FEATURES,N/A
LogisticRegression,native,mean_MFCC_6th_coef,0.334972571112213,0.11755679015680733,64.0,PD_SPEECH_FEATURES,N/A
LogisticRegression,native,tqwt_skewnessValue_dec_23,0.3342116603156171,0.09916020110777453,65.0,PD_SPEECH_FEATURES,N/A
LogisticRegression,native,det_entropy_log_1_coef,0.32757884325469694,0.10247807534537057,66.0,PD_SPEECH_FEATURES,N/A
LogisticRegression,native,tqwt_meanValue_dec_5,0.3267668475592692,0.13979078542344223,67.0,PD_SPEECH_FEATURES,N/A
LogisticRegression,native,tqwt_TKEO_mean_dec_18,0.32525950754813304,0.12296929106019663,68.0,PD_SPEECH_FEATURES,N/A
LogisticRegression,native,tqwt_skewnessValue_dec_27,0.32444881328850117,0.2327979312601689,69.0,PD_SPEECH_FEATURES,N/A
LogisticRegression,native,tqwt_TKEO_mean_dec_27,0.3225486728330978,0.046645182729454615,70.0,PD_SPEECH_FEATURES,N/A
LogisticRegression,native,mean_4th_delta,0.32065479253725865,0.10946905314105347,71.0,PD_SPEECH_FEATURES,N/A
LogisticRegression,native,tqwt_kurtosisValue_dec_16,0.31751679552241957,0.11644648665216915,72.0,PD_SPEECH_FEATURES,N/A
LogisticRegression,native,tqwt_meanValue_dec_7,0.31748119301884464,0.2184958374655434,73.0,PD_SPEECH_FEATURES,N/A
LogisticRegression,native,f2,0.3152434162404533,0.09546247552467478,74.0,PD_SPEECH_FEATURES,N/A
LogisticRegression,native,tqwt_energy_dec_16,0.31436617941234496,0.07915403560282774,75.0,PD_SPEECH_FEATURES,N/A
LogisticRegression,native,tqwt_entropy_log_dec_27,0.30940955410094073,0.10304579839205694,76.0,PD_SPEECH_FEATURES,N/A
LogisticRegression,native,tqwt_skewnessValue_dec_14,0.30835682768256445,0.0699489801096619,77.0,PD_SPEECH_FEATURES,N/A
LogisticRegression,native,tqwt_maxValue_dec_33,0.30663992795394013,0.05607496474027757,78.0,PD_SPEECH_FEATURES,N/A
LogisticRegression,native,det_LT_entropy_log_1_coef,0.3065839443171695,0.09371979007799884,79.0,PD_SPEECH_FEATURES,N/A
LogisticRegression,native,tqwt_medianValue_dec_17,0.3043066997224033,0.11613858125556135,80.0,PD_SPEECH_FEATURES,N/A
LogisticRegression,native,tqwt_energy_dec_19,0.30207561122377125,0.07812148760100834,81.0,PD_SPEECH_FEATURES,N/A
LogisticRegression,native,tqwt_kurtosisValue_dec_22,0.302072146149669,0.1544839895979354,82.0,PD_SPEECH_FEATURES,N/A
LogisticRegression,native,tqwt_entropy_shannon_dec_17,0.2978799000486708,0.05794457686590657,83.0,PD_SPEECH_FEATURES,N/A
LogisticRegression,native,tqwt_entropy_shannon_dec_35,0.2962512232074745,0.056569229160557385,84.0,PD_SPEECH_FEATURES,N/A
LogisticRegression,native,tqwt_energy_dec_24,0.29586058655987413,0.09540167581957044,85.0,PD_SPEECH_FEATURES,N/A
LogisticRegression,native,tqwt_entropy_log_dec_23,0.29213960507177417,0.03375339365850599,86.0,PD_SPEECH_FEATURES,N/A
LogisticRegression,native,tqwt_TKEO_mean_dec_21,0.28964357950973557,0.08736013896502226,87.0,PD_SPEECH_FEATURES,N/A
LogisticRegression,native,tqwt_energy_dec_20,0.2896077347398631,0.12309327578676144,88.0,PD_SPEECH_FEATURES,N/A
LogisticRegression,native,tqwt_medianValue_dec_18,0.28917801257884845,0.12876142933921952,89.0,PD_SPEECH_FEATURES,N/A
LogisticRegression,native,mean_MFCC_9th_coef,0.2870869871748053,0.1296119366735263,90.0,PD_SPEECH_FEATURES,N/A
LogisticRegression,native,tqwt_stdValue_dec_33,0.2859030501816502,0.04153069387380382,91.0,PD_SPEECH_FEATURES,N/A
LogisticRegression,native,tqwt_maxValue_dec_20,0.2857580354173822,0.03027086790734713,92.0,PD_SPEECH_FEATURES,N/A
LogisticRegression,native,tqwt_medianValue_dec_19,0.2848204599633391,0.08441452765500138,93.0,PD_SPEECH_FEATURES,N/A
LogisticRegression,native,tqwt_maxValue_dec_17,0.28438705695656336,0.049940419995032154,94.0,PD_SPEECH_FEATURES,N/A
LogisticRegression,native,tqwt_kurtosisValue_dec_8,0.2831153731598535,0.06979278231292713,95.0,PD_SPEECH_FEATURES,N/A
LogisticRegression,native,tqwt_medianValue_dec_33,0.28278987968190833,0.10640313405864134,96.0,PD_SPEECH_FEATURES,N/A
LogisticRegression,native,IMF_NSR_TKEO,0.28215857438533476,0.09525374072916817,97.0,PD_SPEECH_FEATURES,N/A
LogisticRegression,native,GNE_SNR_TKEO,0.2810957222938576,0.1148696858898311,98.0,PD_SPEECH_FEATURES,N/A
LogisticRegression,native,tqwt_medianValue_dec_1,0.2802919338070236,0.17966953412641293,99.0,PD_SPEECH_FEATURES,N/A
LogisticRegression,native,std_MFCC_12th_coef,0.27953537355806046,0.04466564257985662,100.0,PD_SPEECH_FEATURES,N/A
LogisticRegression,native,tqwt_energy_dec_18,0.2783194526398999,0.1458617126056294,101.0,PD_SPEECH_FEATURES,N/A
LogisticRegression,native,tqwt_kurtosisValue_dec_21,0.2751250593881942,0.14254678302868548,102.0,PD_SPEECH_FEATURES,N/A
LogisticRegression,native,apq11Shimmer,0.2736211918013488,0.0947089725411564,103.0,PD_SPEECH_FEATURES,N/A
LogisticRegression,native,tqwt_kurtosisValue_dec_26,0.27282285301568265,0.0941851575477214,104.0,PD_SPEECH_FEATURES,N/A
LogisticRegression,native,tqwt_TKEO_std_dec_20,0.26777802389892524,0.1191581372126413,105.0,PD_SPEECH_FEATURES,N/A
LogisticRegression,native,tqwt_kurtosisValue_dec_28,0.2674291185372796,0.15542258466045925,106.0,PD_SPEECH_FEATURES,N/A
LogisticRegression,native,tqwt_kurtosisValue_dec_10,0.2627883592795502,0.12251081493967161,107.0,PD_SPEECH_FEATURES,N/A
LogisticRegression,native,GNE_NSR_TKEO,0.2620086957958411,0.0788583456995151,108.0,PD_SPEECH_FEATURES,N/A
LogisticRegression,native,tqwt_maxValue_dec_5,0.2619885176787431,0.04069610264308827,109.0,PD_SPEECH_FEATURES,N/A
LogisticRegression,native,tqwt_skewnessValue_dec_24,0.2615895649311062,0.06906115985103967,110.0,PD_SPEECH_FEATURES,N/A
LogisticRegression,native,det_TKEO_std_6_coef,0.25842946088212715,0.1429915523997619,111.0,PD_SPEECH_FEATURES,N/A
LogisticRegression,native,tqwt_meanValue_dec_28,0.258302545132897,0.10614851745057927,112.0,PD_SPEECH_FEATURES,N/A
LogisticRegression,native,tqwt_minValue_dec_9,0.2566721370448712,0.018870018236936813,113.0,PD_SPEECH_FEATURES,N/A
LogisticRegression,native,tqwt_TKEO_mean_dec_14,0.2565407422850029,0.08458661072524835,114.0,PD_SPEECH_FEATURES,N/A
LogisticRegression,native,tqwt_energy_dec_17,0.2560022887626695,0.11083124778148469,115.0,PD_SPEECH_FEATURES,N/A
LogisticRegression,native,det_LT_entropy_log_7_coef,0.2556256371341986,0.157781277004547,116.0,PD_SPEECH_FEATURES,N/A
LogisticRegression,native,mean_12th_delta_delta,0.2546410181588621,0.13240945587898367,117.0,PD_SPEECH_FEATURES,N/A
LogisticRegression,native,b3,0.25433842973384674,0.17233064588453625,118.0,PD_SPEECH_FEATURES,N/A
LogisticRegression,native,tqwt_entropy_shannon_dec_34,0.25210911300741123,0.05491716080154914,119.0,PD_SPEECH_FEATURES,N/A
LogisticRegression,native,tqwt_minValue_dec_5,0.2510282211978824,0.0541663087156215,120.0,PD_SPEECH_FEATURES,N/A
LogisticRegression,native,tqwt_meanValue_dec_8,0.25053787306936454,0.07482708710744418,121.0,PD_SPEECH_FEATURES,N/A
LogisticRegression,native,tqwt_TKEO_std_dec_17,0.24939460209788206,0.053968981688723966,122.0,PD_SPEECH_FEATURES,N/A
LogisticRegression,native,tqwt_skewnessValue_dec_34,0.2492944667399457,0.08333421122465723,123.0,PD_SPEECH_FEATURES,N/A
LogisticRegression,native,tqwt_skewnessValue_dec_28,0.24823270593176425,0.0841236576509046,124.0,PD_SPEECH_FEATURES,N/A
LogisticRegression,native,tqwt_kurtosisValue_dec_19,0.24482664116928002,0.10807490835191225,125.0,PD_SPEECH_FEATURES,N/A
LogisticRegression,native,tqwt_medianValue_dec_14,0.2428270821109438,0.1289979203839996,126.0,PD_SPEECH_FEATURES,N/A
LogisticRegression,native,GNE_SNR_SEO,0.24226422926642108,0.08105162324561849,127.0,PD_SPEECH_FEATURES,N/A
LogisticRegression,native,tqwt_meanValue_dec_4,0.23910279791973066,0.14065943388610905,128.0,PD_SPEECH_FEATURES,N/A
LogisticRegression,native,tqwt_entropy_log_dec_20,0.23909943702573533,0.05663477657808357,129.0,PD_SPEECH_FEATURES,N/A
LogisticRegression,native,tqwt_skewnessValue_dec_19,0.23816172167384594,0.1672611907942906,130.0,PD_SPEECH_FEATURES,N/A
LogisticRegression,native,tqwt_medianValue_dec_8,0.23778385582441436,0.13148351879060316,131.0,PD_SPEECH_FEATURES,N/A
LogisticRegression,native,VFER_std,0.23499783769937155,0.16541375996513824,132.0,PD_SPEECH_FEATURES,N/A
LogisticRegression,native,tqwt_skewnessValue_dec_6,0.23413881194587538,0.07535398422416463,133.0,PD_SPEECH_FEATURES,N/A
LogisticRegression,native,tqwt_kurtosisValue_dec_30,0.23300571940584963,0.08736575982929312,134.0,PD_SPEECH_FEATURES,N/A
LogisticRegression,native,tqwt_entropy_log_dec_3,0.23156732992889612,0.11470754168240059,135.0,PD_SPEECH_FEATURES,N/A
LogisticRegression,native,GQ_std_cycle_closed,0.23089300182791486,0.12386810341663362,136.0,PD_SPEECH_FEATURES,N/A
LogisticRegression,native,std_MFCC_7th_coef,0.23051576667186507,0.11583577250378159,137.0,PD_SPEECH_FEATURES,N/A
LogisticRegression,native,det_TKEO_mean_5_coef,0.23047457342931263,0.04813799202667055,138.0,PD_SPEECH_FEATURES,N/A
LogisticRegression,native,det_entropy_log_7_coef,0.23032889776779544,0.1621148984495756,139.0,PD_SPEECH_FEATURES,N/A
LogisticRegression,native,tqwt_energy_dec_11,0.22927158727275182,0.07618820676155734,140.0,PD_SPEECH_FEATURES,N/A
LogisticRegression,native,tqwt_stdValue_dec_10,0.22869099093225426,0.06719496756198613,141.0,PD_SPEECH_FEATURES,N/A
LogisticRegression,native,tqwt_meanValue_dec_30,0.22816601515380014,0.14048338522029635,142.0,PD_SPEECH_FEATURES,N/A
LogisticRegression,native,tqwt_entropy_shannon_dec_9,0.22777205188523228,0.04769743698868413,143.0,PD_SPEECH_FEATURES,N/A
LogisticRegression,native,tqwt_medianValue_dec_15,0.22642848166488933,0.10677771611604127,144.0,PD_SPEECH_FEATURES,N/A
LogisticRegression,native,tqwt_stdValue_dec_25,0.22433494633393405,0.061576299157085054,145.0,PD_SPEECH_FEATURES,N/A
LogisticRegression,native,std_MFCC_3rd_coef,0.22418452886205978,0.09362642198732689,146.0,PD_SPEECH_FEATURES,N/A
LogisticRegression,native,GNE_mean,0.22388135571962153,0.22138187499352907,147.0,PD_SPEECH_FEATURES,N/A
LogisticRegression,native,tqwt_skewnessValue_dec_3,0.22371389858312501,0.09110845332167344,148.0,PD_SPEECH_FEATURES,N/A
LogisticRegression,native,tqwt_TKEO_mean_dec_26,0.2228067175172767,0.045946779014956085,149.0,PD_SPEECH_FEATURES,N/A
LogisticRegression,native,mean_12th_delta,0.22245079519783353,0.1400762567884104,150.0,PD_SPEECH_FEATURES,N/A
LogisticRegression,native,RPDE,0.22088155120242242,0.14394882436237225,151.0,PD_SPEECH_FEATURES,N/A
LogisticRegression,native,tqwt_minValue_dec_12,0.22019777951176475,0.04284310611475637,152.0,PD_SPEECH_FEATURES,N/A
LogisticRegression,native,DFA,0.2195257292417701,0.08450628843577569,153.0,PD_SPEECH_FEATURES,N/A
LogisticRegression,native,tqwt_kurtosisValue_dec_25,0.2193421022237783,0.07714797480884582,154.0,PD_SPEECH_FEATURES,N/A
LogisticRegression,native,GNE_std,0.2179293983776529,0.040600842999089844,155.0,PD_SPEECH_FEATURES,N/A
LogisticRegression,native,tqwt_minValue_dec_25,0.21683445263785806,0.06961647563108697,156.0,PD_SPEECH_FEATURES,N/A
LogisticRegression,native,tqwt_skewnessValue_dec_36,0.2150506791130221,0.065229028520295,157.0,PD_SPEECH_FEATURES,N/A
LogisticRegression,native,tqwt_medianValue_dec_5,0.2136010696990422,0.08069706814249723,158.0,PD_SPEECH_FEATURES,N/A
LogisticRegression,native,GQ_std_cycle_open,0.21310433185688443,0.16144382998856943,159.0,PD_SPEECH_FEATURES,N/A
LogisticRegression,native,mean_MFCC_4th_coef,0.2100793899458314,0.12384805370781986,160.0,PD_SPEECH_FEATURES,N/A
LogisticRegression,native,tqwt_meanValue_dec_1,0.21003100999754754,0.12407711807932774,161.0,PD_SPEECH_FEATURES,N/A
LogisticRegression,native,std_6th_delta,0.21002212104875406,0.06092478447538696,162.0,PD_SPEECH_FEATURES,N/A
LogisticRegression,native,tqwt_medianValue_dec_9,0.20981734205211625,0.10461274498123167,163.0,PD_SPEECH_FEATURES,N/A
LogisticRegression,native,std_MFCC_9th_coef,0.2095725069445832,0.11747620343272995,164.0,PD_SPEECH_FEATURES,N/A
LogisticRegression,native,std_10th_delta,0.20840520349878972,0.11223896742935105,165.0,PD_SPEECH_FEATURES,N/A
LogisticRegression,native,b1,0.20832408393773924,0.11082534168417271,166.0,PD_SPEECH_FEATURES,N/A
LogisticRegression,native,tqwt_TKEO_std_dec_12,0.207599857997225,0.07523954374584238,167.0,PD_SPEECH_FEATURES,N/A
LogisticRegression,native,det_TKEO_mean_6_coef,0.20670982636288,0.09872283266653922,168.0,PD_SPEECH_FEATURES,N/A
LogisticRegression,native,tqwt_skewnessValue_dec_22,0.20423454323344736,0.10166489795692946,169.0,PD_SPEECH_FEATURES,N/A
LogisticRegression,native,tqwt_minValue_dec_31,0.20147616968588622,0.07746589006150074,170.0,PD_SPEECH_FEATURES,N/A
LogisticRegression,native,tqwt_maxValue_dec_25,0.20093019583404087,0.06994240324403854,171.0,PD_SPEECH_FEATURES,N/A
LogisticRegression,native,tqwt_skewnessValue_dec_2,0.2002784849187738,0.038560394303149746,172.0,PD_SPEECH_FEATURES,N/A
LogisticRegression,native,tqwt_medianValue_dec_7,0.19931347700592378,0.09017364578267649,173.0,PD_SPEECH_FEATURES,N/A
LogisticRegression,native,tqwt_minValue_dec_13,0.1990162968252416,0.0783521235627282,174.0,PD_SPEECH_FEATURES,N/A
LogisticRegression,native,std_MFCC_8th_coef,0.1979153425197177,0.14487795603350873,175.0,PD_SPEECH_FEATURES,N/A
LogisticRegression,native,tqwt_kurtosisValue_dec_29,0.19757235233996145,0.16724274693878124,176.0,PD_SPEECH_FEATURES,N/A
LogisticRegression,native,std_8th_delta_delta,0.19620169261608877,0.06666155849079124,177.0,PD_SPEECH_FEATURES,N/A
LogisticRegression,native,tqwt_TKEO_mean_dec_23,0.1957681141050739,0.08156797926436916,178.0,PD_SPEECH_FEATURES,N/A
LogisticRegression,native,mean_8th_delta,0.19482588933968792,0.13511199396116097,179.0,PD_SPEECH_FEATURES,N/A
LogisticRegression,native,tqwt_stdValue_dec_18,0.19442275193439706,0.044893374892449864,180.0,PD_SPEECH_FEATURES,N/A
LogisticRegression,native,tqwt_TKEO_std_dec_11,0.19287501121571632,0.06692690364546132,181.0,PD_SPEECH_FEATURES,N/A
LogisticRegression,native,tqwt_meanValue_dec_35,0.19166039404443547,0.08405000356684394,182.0,PD_SPEECH_FEATURES,N/A
LogisticRegression,native,std_8th_delta,0.19136409309164676,0.11572001226828221,183.0,PD_SPEECH_FEATURES,N/A
LogisticRegression,native,tqwt_medianValue_dec_16,0.1899754349756412,0.06866982369233958,184.0,PD_SPEECH_FEATURES,N/A
LogisticRegression,native,IMF_SNR_TKEO,0.18846284469401856,0.1172901029100153,185.0,PD_SPEECH_FEATURES,N/A
LogisticRegression,native,det_entropy_shannon_6_coef,0.1884303542100047,0.1311014275093144,186.0,PD_SPEECH_FEATURES,N/A
LogisticRegression,native,tqwt_energy_dec_23,0.18818040225101346,0.12990102078246582,187.0,PD_SPEECH_FEATURES,N/A
LogisticRegression,native,tqwt_stdValue_dec_34,0.18768636159420732,0.058199358770418035,188.0,PD_SPEECH_FEATURES,N/A
LogisticRegression,native,tqwt_entropy_log_dec_36,0.1875450184846815,0.17169152931816825,189.0,PD_SPEECH_FEATURES,N/A
LogisticRegression,native,GQ_prc5_95,0.18622502775571542,0.10855667341781292,190.0,PD_SPEECH_FEATURES,N/A
LogisticRegression,native,tqwt_minValue_dec_4,0.18572449958987763,0.046491022422251053,191.0,PD_SPEECH_FEATURES,N/A
LogisticRegression,native,tqwt_medianValue_dec_29,0.1847119810049066,0.1670510410753989,192.0,PD_SPEECH_FEATURES,N/A
LogisticRegression,native,std_MFCC_5th_coef,0.18459371760427562,0.05028013687034723,193.0,PD_SPEECH_FEATURES,N/A
LogisticRegression,native,IMF_SNR_entropy,0.1840788293902369,0.06293950646598129,194.0,PD_SPEECH_FEATURES,N/A
LogisticRegression,native,mean_7th_delta,0.18349269964166548,0.1514378472034171,195.0,PD_SPEECH_FEATURES,N/A
LogisticRegression,native,tqwt_meanValue_dec_19,0.18290415940397717,0.11648823520057608,196.0,PD_SPEECH_FEATURES,N/A
LogisticRegression,native,VFER_NSR_TKEO,0.18272442193966884,0.12086964694617021,197.0,PD_SPEECH_FEATURES,N/A
LogisticRegression,native,tqwt_meanValue_dec_15,0.18241955838586132,0.17984832418807045,198.0,PD_SPEECH_FEATURES,N/A
LogisticRegression,native,tqwt_medianValue_dec_27,0.18181645671967991,0.10531626114076698,199.0,PD_SPEECH_FEATURES,N/A
LogisticRegression,native,tqwt_maxValue_dec_6,0.18153230655782784,0.06758547277487792,200.0,PD_SPEECH_FEATURES,N/A
LogisticRegression,native,tqwt_maxValue_dec_11,0.18127984292236635,0.034558349671960364,201.0,PD_SPEECH_FEATURES,N/A
LogisticRegression,native,tqwt_entropy_log_dec_34,0.18103703470421859,0.05870343225349774,202.0,PD_SPEECH_FEATURES,N/A
LogisticRegression,native,tqwt_TKEO_std_dec_8,0.18040728476979795,0.024589104418878478,203.0,PD_SPEECH_FEATURES,N/A
LogisticRegression,native,tqwt_entropy_shannon_dec_3,0.17962047580493917,0.04440515312790565,204.0,PD_SPEECH_FEATURES,N/A
LogisticRegression,native,tqwt_maxValue_dec_22,0.17892191816714814,0.10316245689269606,205.0,PD_SPEECH_FEATURES,N/A
LogisticRegression,native,tqwt_kurtosisValue_dec_15,0.17871544018811178,0.09194309512995455,206.0,PD_SPEECH_FEATURES,N/A
LogisticRegression,native,tqwt_entropy_log_dec_24,0.178208491338794,0.06089851340175577,207.0,PD_SPEECH_FEATURES,N/A
LogisticRegression,native,det_LT_entropy_shannon_4_coef,0.17793014789714853,0.11537127070476653,208.0,PD_SPEECH_FEATURES,N/A
LogisticRegression,native,tqwt_skewnessValue_dec_7,0.17790249360216753,0.12729641731629351,209.0,PD_SPEECH_FEATURES,N/A
LogisticRegression,native,tqwt_meanValue_dec_27,0.17709391087040674,0.09247766753768505,210.0,PD_SPEECH_FEATURES,N/A
LogisticRegression,native,tqwt_skewnessValue_dec_15,0.17618686786611926,0.10603324577041864,211.0,PD_SPEECH_FEATURES,N/A
LogisticRegression,native,mean_5th_delta,0.17565669915922885,0.09959392307758398,212.0,PD_SPEECH_FEATURES,N/A
LogisticRegression,native,mean_9th_delta_delta,0.1754769368236529,0.08830349348851808,213.0,PD_SPEECH_FEATURES,N/A
LogisticRegression,native,tqwt_maxValue_dec_36,0.17482524047271192,0.09085122636189705,214.0,PD_SPEECH_FEATURES,N/A
LogisticRegression,native,tqwt_stdValue_dec_35,0.17436344546528182,0.06881803106863649,215.0,PD_SPEECH_FEATURES,N/A
LogisticRegression,native,tqwt_minValue_dec_20,0.17435927951472308,0.020820332497841574,216.0,PD_SPEECH_FEATURES,N/A
LogisticRegression,native,std_MFCC_11th_coef,0.17381912805234712,0.08404085718830719,217.0,PD_SPEECH_FEATURES,N/A
LogisticRegression,native,tqwt_energy_dec_14,0.17377253318671912,0.11965565012042464,218.0,PD_SPEECH_FEATURES,N/A
LogisticRegression,native,tqwt_skewnessValue_dec_11,0.17338210337924526,0.10132858825863796,219.0,PD_SPEECH_FEATURES,N/A
LogisticRegression,native,det_TKEO_std_5_coef,0.17240067171754567,0.042949389961263906,220.0,PD_SPEECH_FEATURES,N/A
LogisticRegression,native,tqwt_TKEO_std_dec_18,0.17209159278707165,0.1386546147027019,221.0,PD_SPEECH_FEATURES,N/A
LogisticRegression,native,IMF_NSR_SEO,0.171796264806723,0.09611443194446785,222.0,PD_SPEECH_FEATURES,N/A
LogisticRegression,native,tqwt_meanValue_dec_17,0.17173422051012938,0.08856930743911279,223.0,PD_SPEECH_FEATURES,N/A
LogisticRegression,native,tqwt_kurtosisValue_dec_12,0.17165362628899972,0.10939971926564038,224.0,PD_SPEECH_FEATURES,N/A
LogisticRegression,native,GNE_NSR_SEO,0.17157879794364944,0.1269915308368074,225.0,PD_SPEECH_FEATURES,N/A
LogisticRegression,native,tqwt_minValue_dec_36,0.17139443521066178,0.12572138307403727,226.0,PD_SPEECH_FEATURES,N/A
LogisticRegression,native,det_entropy_log_8_coef,0.17080790146163155,0.1052006727670057,227.0,PD_SPEECH_FEATURES,N/A
LogisticRegression,native,tqwt_kurtosisValue_dec_5,0.1707902617368717,0.0285887280617977,228.0,PD_SPEECH_FEATURES,N/A
LogisticRegression,native,tqwt_energy_dec_22,0.17019731240005226,0.1174532100274967,229.0,PD_SPEECH_FEATURES,N/A
LogisticRegression,native,tqwt_meanValue_dec_31,0.1700548270658898,0.1284439637861717,230.0,PD_SPEECH_FEATURES,N/A
LogisticRegression,native,tqwt_medianValue_dec_4,0.16928095132342874,0.17783841939523462,231.0,PD_SPEECH_FEATURES,N/A
LogisticRegression,native,tqwt_minValue_dec_22,0.16798777572941462,0.12321323211302507,232.0,PD_SPEECH_FEATURES,N/A
LogisticRegression,native,tqwt_entropy_shannon_dec_22,0.16623359878321414,0.06803969363023032,233.0,PD_SPEECH_FEATURES,N/A
LogisticRegression,native,IMF_NSR_entropy,0.16606433111689248,0.0960081824876577,234.0,PD_SPEECH_FEATURES,N/A
LogisticRegression,native,tqwt_medianValue_dec_21,0.16528930129686148,0.21894331717631832,235.0,PD_SPEECH_FEATURES,N/A
LogisticRegression,native,tqwt_skewnessValue_dec_32,0.16522067373108484,0.09454363852918359,236.0,PD_SPEECH_FEATURES,N/A
LogisticRegression,native,tqwt_TKEO_std_dec_36,0.16469639888746124,0.08569273735805881,237.0,PD_SPEECH_FEATURES,N/A
LogisticRegression,native,tqwt_skewnessValue_dec_26,0.1641820331600667,0.1730470243183481,238.0,PD_SPEECH_FEATURES,N/A
LogisticRegression,native,det_TKEO_std_4_coef,0.16402541820332484,0.09435575887217369,239.0,PD_SPEECH_FEATURES,N/A
LogisticRegression,native,tqwt_meanValue_dec_34,0.16367259583572352,0.05574997246128476,240.0,PD_SPEECH_FEATURES,N/A
LogisticRegression,native,tqwt_entropy_log_dec_18,0.16319089392326572,0.02638453686812363,241.0,PD_SPEECH_FEATURES,N/A
LogisticRegression,native,mean_MFCC_12th_coef,0.16260914958967126,0.08413057874138827,242.0,PD_SPEECH_FEATURES,N/A
LogisticRegression,native,det_LT_entropy_log_5_coef,0.16256087751148815,0.08463501342311439,243.0,PD_SPEECH_FEATURES,N/A
LogisticRegression,native,minIntensity,0.1625085057862285,0.037618744050064316,244.0,PD_SPEECH_FEATURES,N/A
LogisticRegression,native,tqwt_stdValue_dec_20,0.16245421990350403,0.025773664990357114,245.0,PD_SPEECH_FEATURES,N/A
LogisticRegression,native,tqwt_minValue_dec_33,0.16231951848075613,0.061686712775859215,246.0,PD_SPEECH_FEATURES,N/A
LogisticRegression,native,VFER_SNR_SEO,0.16206564644715746,0.14053929081425084,247.0,PD_SPEECH_FEATURES,N/A
LogisticRegression,native,tqwt_skewnessValue_dec_35,0.1617158572995531,0.08735441374095759,248.0,PD_SPEECH_FEATURES,N/A
LogisticRegression,native,det_LT_entropy_log_8_coef,0.16047334463113733,0.07761661765101036,249.0,PD_SPEECH_FEATURES,N/A
LogisticRegression,native,tqwt_TKEO_mean_dec_3,0.15986811578315635,0.057303038722450815,250.0,PD_SPEECH_FEATURES,N/A
LogisticRegression,native,tqwt_stdValue_dec_36,0.15759749114234453,0.06020679462663583,251.0,PD_SPEECH_FEATURES,N/A
LogisticRegression,native,mean_10th_delta,0.15706059864448604,0.0725265219439311,252.0,PD_SPEECH_FEATURES,N/A
LogisticRegression,native,tqwt_TKEO_std_dec_9,0.15673164807149448,0.1035375779015929,253.0,PD_SPEECH_FEATURES,N/A
LogisticRegression,native,std_0th_delta,0.15669907991999402,0.029346756521849086,254.0,PD_SPEECH_FEATURES,N/A
LogisticRegression,native,Ed_10_coef,0.15528751620899042,0.10236318512491961,255.0,PD_SPEECH_FEATURES,N/A
LogisticRegression,native,det_entropy_shannon_5_coef,0.1551132529808042,0.04642970623603505,256.0,PD_SPEECH_FEATURES,N/A
LogisticRegression,native,tqwt_energy_dec_29,0.15504844145766516,0.05557363546778518,257.0,PD_SPEECH_FEATURES,N/A
LogisticRegression,native,tqwt_TKEO_mean_dec_13,0.1547698281175937,0.038751970102653764,258.0,PD_SPEECH_FEATURES,N/A
LogisticRegression,native,std_3rd_delta_delta,0.15409661738465094,0.15901243966777065,259.0,PD_SPEECH_FEATURES,N/A
LogisticRegression,native,tqwt_entropy_shannon_dec_4,0.15401771356326957,0.05965158275993297,260.0,PD_SPEECH_FEATURES,N/A
LogisticRegression,native,det_entropy_log_5_coef,0.15381889560561776,0.06830270802038704,261.0,PD_SPEECH_FEATURES,N/A
LogisticRegression,native,tqwt_skewnessValue_dec_21,0.15373597423991395,0.16018903606592466,262.0,PD_SPEECH_FEATURES,N/A
LogisticRegression,native,tqwt_TKEO_std_dec_10,0.15267066495577877,0.07562491187528687,263.0,PD_SPEECH_FEATURES,N/A
LogisticRegression,native,tqwt_medianValue_dec_22,0.15262658830163672,0.08110745440801576,264.0,PD_SPEECH_FEATURES,N/A
LogisticRegression,native,std_MFCC_6th_coef,0.15217366251448974,0.07907007005201497,265.0,PD_SPEECH_FEATURES,N/A
LogisticRegression,native,stdDevPeriodPulses,0.15206489847161406,0.13934331459954066,266.0,PD_SPEECH_FEATURES,N/A
LogisticRegression,native,tqwt_kurtosisValue_dec_2,0.15137086502704938,0.06669874193185489,267.0,PD_SPEECH_FEATURES,N/A
LogisticRegression,native,tqwt_TKEO_mean_dec_11,0.15135906273776856,0.04282186998276118,268.0,PD_SPEECH_FEATURES,N/A
LogisticRegression,native,maxIntensity,0.15074433586003091,0.11083226563256625,269.0,PD_SPEECH_FEATURES,N/A
LogisticRegression,native,det_entropy_log_9_coef,0.1505790760130726,0.07291309458171903,270.0,PD_SPEECH_FEATURES,N/A
LogisticRegression,native,PPE,0.15030479896496063,0.0983568839875554,271.0,PD_SPEECH_FEATURES,N/A
LogisticRegression,native,tqwt_meanValue_dec_2,0.14912751046312897,0.12973322625961495,272.0,PD_SPEECH_FEATURES,N/A
LogisticRegression,native,tqwt_kurtosisValue_dec_11,0.14822476806054768,0.09603039880888938,273.0,PD_SPEECH_FEATURES,N/A
LogisticRegression,native,tqwt_TKEO_std_dec_1,0.14773484494245737,0.11727781253188432,274.0,PD_SPEECH_FEATURES,N/A
LogisticRegression,native,det_entropy_log_2_coef,0.14740228300075764,0.07658959849820743,275.0,PD_SPEECH_FEATURES,N/A
LogisticRegression,native,std_4th_delta_delta,0.14719476898387268,0.11091269008580669,276.0,PD_SPEECH_FEATURES,N/A
LogisticRegression,native,tqwt_kurtosisValue_dec_34,0.14702719815822135,0.11709526770031192,277.0,PD_SPEECH_FEATURES,N/A
LogisticRegression,native,std_5th_delta,0.1456497025773677,0.0862758635777388,278.0,PD_SPEECH_FEATURES,N/A
LogisticRegression,native,tqwt_entropy_shannon_dec_11,0.14463817469486234,0.05343262374358805,279.0,PD_SPEECH_FEATURES,N/A
LogisticRegression,native,tqwt_medianValue_dec_32,0.14445523381562292,0.0628172859440906,280.0,PD_SPEECH_FEATURES,N/A
LogisticRegression,native,tqwt_entropy_shannon_dec_33,0.14355795478639202,0.10058452552613117,281.0,PD_SPEECH_FEATURES,N/A
LogisticRegression,native,locPctJitter,0.14349511343283405,0.04055144511115874,282.0,PD_SPEECH_FEATURES,N/A
LogisticRegression,native,tqwt_entropy_log_dec_22,0.14317850190317438,0.05401218500115114,283.0,PD_SPEECH_FEATURES,N/A
LogisticRegression,native,std_5th_delta_delta,0.14252174280543484,0.07527589323255232,284.0,PD_SPEECH_FEATURES,N/A
LogisticRegression,native,mean_MFCC_2nd_coef,0.14249917421072958,0.09747133730843273,285.0,PD_SPEECH_FEATURES,N/A
LogisticRegression,native,tqwt_maxValue_dec_23,0.14226938534454134,0.10925486372299746,286.0,PD_SPEECH_FEATURES,N/A
LogisticRegression,native,tqwt_skewnessValue_dec_12,0.14223553212853438,0.08582521824298592,287.0,PD_SPEECH_FEATURES,N/A
LogisticRegression,native,det_entropy_log_4_coef,0.142048391593735,0.08998253992902992,288.0,PD_SPEECH_FEATURES,N/A
LogisticRegression,native,tqwt_TKEO_mean_dec_15,0.14193890425283168,0.047165550395910465,289.0,PD_SPEECH_FEATURES,N/A
LogisticRegression,native,tqwt_skewnessValue_dec_16,0.14134817798927318,0.1318013184527344,290.0,PD_SPEECH_FEATURES,N/A
LogisticRegression,native,det_LT_entropy_log_4_coef,0.14116234551375761,0.09651558847710308,291.0,PD_SPEECH_FEATURES,N/A
LogisticRegression,native,tqwt_minValue_dec_32,0.14089418686553362,0.05531368499086483,292.0,PD_SPEECH_FEATURES,N/A
LogisticRegression,native,tqwt_entropy_log_dec_7,0.1400979448912822,0.042610519923653924,293.0,PD_SPEECH_FEATURES,N/A
LogisticRegression,native,tqwt_maxValue_dec_12,0.13983647107600256,0.08371357535757971,294.0,PD_SPEECH_FEATURES,N/A
LogisticRegression,native,f1,0.13950581946924775,0.08527467185256181,295.0,PD_SPEECH_FEATURES,N/A
LogisticRegression,native,tqwt_energy_dec_12,0.13892203755115937,0.07028629453508443,296.0,PD_SPEECH_FEATURES,N/A
LogisticRegression,native,tqwt_meanValue_dec_20,0.138600542615045,0.08981208398823926,297.0,PD_SPEECH_FEATURES,N/A
LogisticRegression,native,tqwt_entropy_log_dec_17,0.13794107599662886,0.06275992881172812,298.0,PD_SPEECH_FEATURES,N/A
LogisticRegression,native,mean_6th_delta_delta,0.13712988627673012,0.11136001443213406,299.0,PD_SPEECH_FEATURES,N/A
LogisticRegression,native,tqwt_entropy_log_dec_12,0.13681992486240308,0.058343973169198815,300.0,PD_SPEECH_FEATURES,N/A
LogisticRegression,native,Ed_7_coef,0.1337370542823762,0.10800830593759085,301.0,PD_SPEECH_FEATURES,N/A
LogisticRegression,native,tqwt_TKEO_std_dec_25,0.13356387563938815,0.0793283118577542,302.0,PD_SPEECH_FEATURES,N/A
LogisticRegression,native,tqwt_TKEO_std_dec_33,0.13313607796282464,0.038649388345326725,303.0,PD_SPEECH_FEATURES,N/A
LogisticRegression,native,tqwt_TKEO_std_dec_27,0.1320610276089061,0.04832853244872162,304.0,PD_SPEECH_FEATURES,N/A
LogisticRegression,native,tqwt_entropy_shannon_dec_28,0.13150759940139672,0.0658683813431311,305.0,PD_SPEECH_FEATURES,N/A
LogisticRegression,native,det_LT_entropy_log_9_coef,0.13150068230270542,0.06444632665522612,306.0,PD_SPEECH_FEATURES,N/A
LogisticRegression,native,tqwt_meanValue_dec_14,0.13137033979975743,0.044911318543905406,307.0,PD_SPEECH_FEATURES,N/A
LogisticRegression,native,std_Log_energy,0.1313143206459226,0.05224744340672152,308.0,PD_SPEECH_FEATURES,N/A
LogisticRegression,native,tqwt_skewnessValue_dec_31,0.1311918106005463,0.08670104952112338,309.0,PD_SPEECH_FEATURES,N/A
LogisticRegression,native,tqwt_TKEO_mean_dec_22,0.12969989306422322,0.10164399959149699,310.0,PD_SPEECH_FEATURES,N/A
LogisticRegression,native,tqwt_meanValue_dec_26,0.12938058373481454,0.08789647343700047,311.0,PD_SPEECH_FEATURES,N/A
LogisticRegression,native,mean_4th_delta_delta,0.1291379062942656,0.08592815065328373,312.0,PD_SPEECH_FEATURES,N/A
LogisticRegression,native,tqwt_minValue_dec_16,0.12818156875767608,0.047207638595414395,313.0,PD_SPEECH_FEATURES,N/A
LogisticRegression,native,VFER_SNR_TKEO,0.12813003496703312,0.11666843912486581,314.0,PD_SPEECH_FEATURES,N/A
LogisticRegression,native,det_LT_entropy_log_6_coef,0.12802443710937705,0.05918338680238685,315.0,PD_SPEECH_FEATURES,N/A
LogisticRegression,native,tqwt_entropy_shannon_dec_18,0.12778426125465114,0.09796795844017288,316.0,PD_SPEECH_FEATURES,N/A
LogisticRegression,native,tqwt_entropy_log_dec_35,0.12671733572985594,0.1006615472396668,317.0,PD_SPEECH_FEATURES,N/A
LogisticRegression,native,tqwt_entropy_log_dec_25,0.1259339472797414,0.05316796009700217,318.0,PD_SPEECH_FEATURES,N/A
LogisticRegression,native,tqwt_energy_dec_13,0.125745509489189,0.08560096746087578,319.0,PD_SPEECH_FEATURES,N/A
LogisticRegression,native,tqwt_TKEO_mean_dec_1,0.1254834582215743,0.09421196353148466,320.0,PD_SPEECH_FEATURES,N/A
LogisticRegression,native,tqwt_maxValue_dec_13,0.12541427115217546,0.05526297801115315,321.0,PD_SPEECH_FEATURES,N/A
LogisticRegression,native,meanIntensity,0.12485988845996569,0.08886177643357622,322.0,PD_SPEECH_FEATURES,N/A
LogisticRegression,native,std_10th_delta_delta,0.12458985582445123,0.04733960972752437,323.0,PD_SPEECH_FEATURES,N/A
LogisticRegression,native,tqwt_minValue_dec_23,0.1244284581463119,0.099271891867454,324.0,PD_SPEECH_FEATURES,N/A
LogisticRegression,native,tqwt_medianValue_dec_30,0.12412941969654596,0.07116717392406688,325.0,PD_SPEECH_FEATURES,N/A
LogisticRegression,native,tqwt_minValue_dec_2,0.12294120172239673,0.06880471548253751,326.0,PD_SPEECH_FEATURES,N/A
LogisticRegression,native,tqwt_entropy_log_dec_2,0.12242841657989414,0.05942870679418271,327.0,PD_SPEECH_FEATURES,N/A
LogisticRegression,native,tqwt_kurtosisValue_dec_1,0.1222363932386061,0.0834680299149546,328.0,PD_SPEECH_FEATURES,N/A
LogisticRegression,native,tqwt_TKEO_mean_dec_4,0.12208082989466704,0.05583964587882758,329.0,PD_SPEECH_FEATURES,N/A
LogisticRegression,native,tqwt_meanValue_dec_29,0.1218135133951345,0.08979097824014162,330.0,PD_SPEECH_FEATURES,N/A
LogisticRegression,native,tqwt_maxValue_dec_1,0.12087774064234184,0.11943044503324274,331.0,PD_SPEECH_FEATURES,N/A
LogisticRegression,native,tqwt_maxValue_dec_14,0.12058163048208681,0.0595048614525576,332.0,PD_SPEECH_FEATURES,N/A
LogisticRegression,native,tqwt_kurtosisValue_dec_36,0.1205536559976191,0.11776810382867493,333.0,PD_SPEECH_FEATURES,N/A
LogisticRegression,native,std_MFCC_1st_coef,0.12021670853576796,0.1282726738671604,334.0,PD_SPEECH_FEATURES,N/A
LogisticRegression,native,tqwt_energy_dec_28,0.11985164277692713,0.044429067344977,335.0,PD_SPEECH_FEATURES,N/A
LogisticRegression,native,tqwt_skewnessValue_dec_1,0.11984790009254595,0.07175852631255206,336.0,PD_SPEECH_FEATURES,N/A
LogisticRegression,native,tqwt_skewnessValue_dec_8,0.11953854665333323,0.08914805064822971,337.0,PD_SPEECH_FEATURES,N/A
LogisticRegression,native,tqwt_TKEO_std_dec_5,0.11932073636665494,0.026275826978382676,338.0,PD_SPEECH_FEATURES,N/A
LogisticRegression,native,tqwt_maxValue_dec_4,0.11889669270218546,0.031858804453545116,339.0,PD_SPEECH_FEATURES,N/A
LogisticRegression,native,det_LT_entropy_shannon_6_coef,0.1188330784406888,0.04867739115251111,340.0,PD_SPEECH_FEATURES,N/A
LogisticRegression,native,tqwt_kurtosisValue_dec_23,0.11850210404895253,0.07456907635685008,341.0,PD_SPEECH_FEATURES,N/A
LogisticRegression,native,mean_8th_delta_delta,0.11781801751663332,0.07601045755277376,342.0,PD_SPEECH_FEATURES,N/A
LogisticRegression,native,tqwt_maxValue_dec_21,0.11743918854806101,0.06784796969811017,343.0,PD_SPEECH_FEATURES,N/A
LogisticRegression,native,tqwt_maxValue_dec_2,0.11693614362215861,0.07447664949845298,344.0,PD_SPEECH_FEATURES,N/A
LogisticRegression,native,tqwt_entropy_log_dec_29,0.11655192856512361,0.09346986558936,345.0,PD_SPEECH_FEATURES,N/A
LogisticRegression,native,det_LT_entropy_log_2_coef,0.11601191522357021,0.06506166304829859,346.0,PD_SPEECH_FEATURES,N/A
LogisticRegression,native,tqwt_TKEO_mean_dec_31,0.11593654272771299,0.05808391269571474,347.0,PD_SPEECH_FEATURES,N/A
LogisticRegression,native,tqwt_stdValue_dec_28,0.1153550565012493,0.04416257854580949,348.0,PD_SPEECH_FEATURES,N/A
LogisticRegression,native,tqwt_minValue_dec_10,0.115342305791481,0.04423760190763628,349.0,PD_SPEECH_FEATURES,N/A
LogisticRegression,native,tqwt_minValue_dec_1,0.11488764551421285,0.14693375474669923,350.0,PD_SPEECH_FEATURES,N/A
LogisticRegression,native,tqwt_medianValue_dec_12,0.11461005633474994,0.059113718113479645,351.0,PD_SPEECH_FEATURES,N/A
LogisticRegression,native,tqwt_kurtosisValue_dec_35,0.11409888395823493,0.07543659999453897,352.0,PD_SPEECH_FEATURES,N/A
LogisticRegression,native,tqwt_stdValue_dec_14,0.11270411786827761,0.0381516587781729,353.0,PD_SPEECH_FEATURES,N/A
LogisticRegression,native,tqwt_maxValue_dec_18,0.11267786623083001,0.055979456122081536,354.0,PD_SPEECH_FEATURES,N/A
LogisticRegression,native,tqwt_medianValue_dec_13,0.1126530213336894,0.07523311170067123,355.0,PD_SPEECH_FEATURES,N/A
LogisticRegression,native,tqwt_entropy_shannon_dec_21,0.11215890383765821,0.07446231634716367,356.0,PD_SPEECH_FEATURES,N/A
LogisticRegression,native,mean_11th_delta,0.11180482813551144,0.07961938232152094,357.0,PD_SPEECH_FEATURES,N/A
LogisticRegression,native,tqwt_entropy_log_dec_4,0.11147241291729201,0.08287807292000948,358.0,PD_SPEECH_FEATURES,N/A
LogisticRegression,native,VFER_NSR_SEO,0.11145114403798928,0.06175864590694142,359.0,PD_SPEECH_FEATURES,N/A
LogisticRegression,native,tqwt_entropy_log_dec_19,0.11099439047892642,0.034987865340882975,360.0,PD_SPEECH_FEATURES,N/A
LogisticRegression,native,det_LT_TKEO_std_4_coef,0.1108023083503101,0.08268360142861664,361.0,PD_SPEECH_FEATURES,N/A
LogisticRegression,native,tqwt_entropy_log_dec_16,0.1102346819793489,0.028624756155304503,362.0,PD_SPEECH_FEATURES,N/A
LogisticRegression,native,tqwt_TKEO_std_dec_2,0.11009033964271146,0.06983829495522642,363.0,PD_SPEECH_FEATURES,N/A
LogisticRegression,native,std_MFCC_4th_coef,0.10921784826728095,0.10452752995233902,364.0,PD_SPEECH_FEATURES,N/A
LogisticRegression,native,tqwt_TKEO_mean_dec_9,0.1087862634403673,0.056093316588835276,365.0,PD_SPEECH_FEATURES,N/A
LogisticRegression,native,VFER_entropy,0.10864983158870556,0.09992290356261152,366.0,PD_SPEECH_FEATURES,N/A
LogisticRegression,native,std_2nd_delta_delta,0.10849741458761748,0.058936830246496826,367.0,PD_SPEECH_FEATURES,N/A
LogisticRegression,native,tqwt_meanValue_dec_21,0.10843722449730295,0.13941984376334499,368.0,PD_SPEECH_FEATURES,N/A
LogisticRegression,native,tqwt_medianValue_dec_2,0.10824070856614021,0.08420148563411387,369.0,PD_SPEECH_FEATURES,N/A
LogisticRegression,native,tqwt_TKEO_std_dec_14,0.10817372899335145,0.09131267613096028,370.0,PD_SPEECH_FEATURES,N/A
LogisticRegression,native,tqwt_stdValue_dec_7,0.10806516448697442,0.06009960108052035,371.0,PD_SPEECH_FEATURES,N/A
LogisticRegression,native,det_TKEO_std_3_coef,0.10788687963348012,0.053673557140663186,372.0,PD_SPEECH_FEATURES,N/A
LogisticRegression,native,std_11th_delta,0.10639316840192695,0.050301625484281826,373.0,PD_SPEECH_FEATURES,N/A
LogisticRegression,native,tqwt_entropy_log_dec_31,0.10465716641365216,0.06386658824369458,374.0,PD_SPEECH_FEATURES,N/A
LogisticRegression,native,tqwt_kurtosisValue_dec_32,0.10419866605969638,0.06778086413400529,375.0,PD_SPEECH_FEATURES,N/A
LogisticRegression,native,mean_2nd_delta_delta,0.10389797091364339,0.07474746631253368,376.0,PD_SPEECH_FEATURES,N/A
LogisticRegression,native,std_12th_delta,0.10368514719462534,0.0678786039708479,377.0,PD_SPEECH_FEATURES,N/A
LogisticRegression,native,tqwt_stdValue_dec_21,0.10258400725459563,0.04531989517835239,378.0,PD_SPEECH_FEATURES,N/A
LogisticRegression,native,det_LT_TKEO_mean_6_coef,0.10257777234864443,0.05181072469269502,379.0,PD_SPEECH_FEATURES,N/A
LogisticRegression,native,tqwt_entropy_log_dec_6,0.10238131969623329,0.06562284044830523,380.0,PD_SPEECH_FEATURES,N/A
LogisticRegression,native,tqwt_stdValue_dec_2,0.10238057330287695,0.020505961188130126,381.0,PD_SPEECH_FEATURES,N/A
LogisticRegression,native,tqwt_energy_dec_33,0.10233255784242079,0.056769513130315044,382.0,PD_SPEECH_FEATURES,N/A
LogisticRegression,native,tqwt_entropy_shannon_dec_24,0.10172391014014241,0.09105853327314178,383.0,PD_SPEECH_FEATURES,N/A
LogisticRegression,native,mean_MFCC_8th_coef,0.10164592320259531,0.06561148262007885,384.0,PD_SPEECH_FEATURES,N/A
LogisticRegression,native,tqwt_medianValue_dec_34,0.10134352998238212,0.06178591561255164,385.0,PD_SPEECH_FEATURES,N/A
LogisticRegression,native,std_11th_delta_delta,0.10133118260061387,0.09909299831047708,386.0,PD_SPEECH_FEATURES,N/A
LogisticRegression,native,mean_Log_energy,0.10122764240081587,0.05944851774868158,387.0,PD_SPEECH_FEATURES,N/A
LogisticRegression,native,det_entropy_log_6_coef,0.10110732526363612,0.050506564938583104,388.0,PD_SPEECH_FEATURES,N/A
LogisticRegression,native,mean_MFCC_5th_coef,0.10087642436735274,0.05878535333124807,389.0,PD_SPEECH_FEATURES,N/A
LogisticRegression,native,tqwt_stdValue_dec_31,0.10073508817684951,0.03863782858894867,390.0,PD_SPEECH_FEATURES,N/A
LogisticRegression,native,tqwt_medianValue_dec_3,0.10022938669163346,0.07146769331006395,391.0,PD_SPEECH_FEATURES,N/A
LogisticRegression,native,tqwt_TKEO_std_dec_21,0.09987925216354046,0.05478802668850347,392.0,PD_SPEECH_FEATURES,N/A
LogisticRegression,native,tqwt_TKEO_mean_dec_33,0.09987293928794024,0.02878366374568371,393.0,PD_SPEECH_FEATURES,N/A
LogisticRegression,native,tqwt_skewnessValue_dec_10,0.09977614416700602,0.09764333826336492,394.0,PD_SPEECH_FEATURES,N/A
LogisticRegression,native,tqwt_entropy_shannon_dec_31,0.09957963633437639,0.07382963543709635,395.0,PD_SPEECH_FEATURES,N/A
LogisticRegression,native,det_LT_entropy_log_3_coef,0.09956036035361007,0.0640174020812333,396.0,PD_SPEECH_FEATURES,N/A
LogisticRegression,native,tqwt_kurtosisValue_dec_14,0.0992538103004853,0.07040834862665116,397.0,PD_SPEECH_FEATURES,N/A
LogisticRegression,native,tqwt_meanValue_dec_32,0.09922922623593607,0.09423775254318277,398.0,PD_SPEECH_FEATURES,N/A
LogisticRegression,native,det_LT_entropy_shannon_2_coef,0.09914781327911812,0.052017031566195686,399.0,PD_SPEECH_FEATURES,N/A
LogisticRegression,native,tqwt_maxValue_dec_24,0.09861009953481717,0.05490090534482749,400.0,PD_SPEECH_FEATURES,N/A
LogisticRegression,native,tqwt_maxValue_dec_7,0.09839494713891812,0.07228603669150147,401.0,PD_SPEECH_FEATURES,N/A
LogisticRegression,native,tqwt_energy_dec_31,0.0980400042671496,0.03757612439063487,402.0,PD_SPEECH_FEATURES,N/A
LogisticRegression,native,tqwt_kurtosisValue_dec_13,0.09799024515755839,0.06261423786032777,403.0,PD_SPEECH_FEATURES,N/A
LogisticRegression,native,tqwt_TKEO_mean_dec_28,0.09739266322736988,0.04958234478108393,404.0,PD_SPEECH_FEATURES,N/A
LogisticRegression,native,tqwt_maxValue_dec_16,0.09718315561222948,0.06671424214042714,405.0,PD_SPEECH_FEATURES,N/A
LogisticRegression,native,tqwt_meanValue_dec_10,0.09709430760063036,0.06069496248091349,406.0,PD_SPEECH_FEATURES,N/A
LogisticRegression,native,tqwt_kurtosisValue_dec_24,0.0968644748650902,0.03218593343609304,407.0,PD_SPEECH_FEATURES,N/A
LogisticRegression,native,tqwt_skewnessValue_dec_5,0.09675778146261747,0.0711604806001215,408.0,PD_SPEECH_FEATURES,N/A
LogisticRegression,native,tqwt_skewnessValue_dec_4,0.09667101860079455,0.05107649937483461,409.0,PD_SPEECH_FEATURES,N/A
LogisticRegression,native,mean_MFCC_10th_coef,0.09590812603263132,0.02389886288501846,410.0,PD_SPEECH_FEATURES,N/A
LogisticRegression,native,tqwt_energy_dec_2,0.09590190532423458,0.022411451837277597,411.0,PD_SPEECH_FEATURES,N/A
LogisticRegression,native,Ed2_6_coef,0.09586144404186156,0.06844830300284438,412.0,PD_SPEECH_FEATURES,N/A
LogisticRegression,native,mean_9th_delta,0.09491884063815899,0.03873670668430604,413.0,PD_SPEECH_FEATURES,N/A
LogisticRegression,native,tqwt_minValue_dec_35,0.09483696420035477,0.027967057172594352,414.0,PD_SPEECH_FEATURES,N/A
LogisticRegression,native,tqwt_entropy_shannon_dec_14,0.09474736268886065,0.05658855569251578,415.0,PD_SPEECH_FEATURES,N/A
LogisticRegression,native,tqwt_meanValue_dec_25,0.0946971350374177,0.08882120801036678,416.0,PD_SPEECH_FEATURES,N/A
LogisticRegression,native,std_4th_delta,0.09453612154338818,0.06119837477630422,417.0,PD_SPEECH_FEATURES,N/A
LogisticRegression,native,Ed2_10_coef,0.09361878352129226,0.04893212104933595,418.0,PD_SPEECH_FEATURES,N/A
LogisticRegression,native,tqwt_entropy_log_dec_5,0.09327911137958571,0.05036443676434436,419.0,PD_SPEECH_FEATURES,N/A
LogisticRegression,native,tqwt_TKEO_std_dec_22,0.09326720272391703,0.06626035942550787,420.0,PD_SPEECH_FEATURES,N/A
LogisticRegression,native,tqwt_minValue_dec_11,0.09317978840259128,0.07252500362084731,421.0,PD_SPEECH_FEATURES,N/A
LogisticRegression,native,tqwt_energy_dec_9,0.09299957820821345,0.09132269194244516,422.0,PD_SPEECH_FEATURES,N/A
LogisticRegression,native,tqwt_energy_dec_7,0.09298883345911228,0.03547373162011843,423.0,PD_SPEECH_FEATURES,N/A
LogisticRegression,native,tqwt_TKEO_mean_dec_34,0.09288112747152796,0.03449173683230721,424.0,PD_SPEECH_FEATURES,N/A
LogisticRegression,native,tqwt_entropy_shannon_dec_10,0.09260122078739005,0.03978277296641366,425.0,PD_SPEECH_FEATURES,N/A
LogisticRegression,native,tqwt_minValue_dec_6,0.09252121924961305,0.05504881287626759,426.0,PD_SPEECH_FEATURES,N/A
LogisticRegression,native,tqwt_stdValue_dec_22,0.0922446028029743,0.06035627680080422,427.0,PD_SPEECH_FEATURES,N/A
LogisticRegression,native,tqwt_medianValue_dec_31,0.09218826848380979,0.04677113774212253,428.0,PD_SPEECH_FEATURES,N/A
LogisticRegression,native,Ea,0.09190648196410539,0.06935320887952288,429.0,PD_SPEECH_FEATURES,N/A
LogisticRegression,native,tqwt_TKEO_std_dec_24,0.0919010890771553,0.09934231468000194,430.0,PD_SPEECH_FEATURES,N/A
LogisticRegression,native,det_LT_entropy_shannon_10_coef,0.09153227438335748,0.035740689905007006,431.0,PD_SPEECH_FEATURES,N/A
LogisticRegression,native,app_LT_entropy_log_3_coef,0.09098786818335892,0.028642308502656342,432.0,PD_SPEECH_FEATURES,N/A
LogisticRegression,native,locDbShimmer,0.09068356424629762,0.05942937799732824,433.0,PD_SPEECH_FEATURES,N/A
LogisticRegression,native,det_entropy_log_3_coef,0.09038559012411689,0.06847503449701403,434.0,PD_SPEECH_FEATURES,N/A
LogisticRegression,native,tqwt_minValue_dec_26,0.09028055457021904,0.03400923070866355,435.0,PD_SPEECH_FEATURES,N/A
LogisticRegression,native,locShimmer,0.0898689044501846,0.03085903084312299,436.0,PD_SPEECH_FEATURES,N/A
LogisticRegression,native,b2,0.08942717924492061,0.058353244609144546,437.0,PD_SPEECH_FEATURES,N/A
LogisticRegression,native,det_LT_entropy_shannon_3_coef,0.08912095181213632,0.06247991586585914,438.0,PD_SPEECH_FEATURES,N/A
LogisticRegression,native,tqwt_TKEO_mean_dec_35,0.08902452121116136,0.03217182187549233,439.0,PD_SPEECH_FEATURES,N/A
LogisticRegression,native,tqwt_TKEO_std_dec_16,0.08890163526494592,0.06958290615638683,440.0,PD_SPEECH_FEATURES,N/A
LogisticRegression,native,app_LT_entropy_log_2_coef,0.08774507603638294,0.028928411290525227,441.0,PD_SPEECH_FEATURES,N/A
LogisticRegression,native,mean_6th_delta,0.08757476596746308,0.05774806047719026,442.0,PD_SPEECH_FEATURES,N/A
LogisticRegression,native,tqwt_meanValue_dec_6,0.08686361305218601,0.06261799187617276,443.0,PD_SPEECH_FEATURES,N/A
LogisticRegression,native,tqwt_medianValue_dec_23,0.08666438076415652,0.06811546064056316,444.0,PD_SPEECH_FEATURES,N/A
LogisticRegression,native,tqwt_medianValue_dec_28,0.0866402653681643,0.09039641100384717,445.0,PD_SPEECH_FEATURES,N/A
LogisticRegression,native,tqwt_meanValue_dec_24,0.08653897738045481,0.12005766402662632,446.0,PD_SPEECH_FEATURES,N/A
LogisticRegression,native,tqwt_stdValue_dec_1,0.08607391808582313,0.06667215619723356,447.0,PD_SPEECH_FEATURES,N/A
LogisticRegression,native,tqwt_TKEO_mean_dec_10,0.08560352089240357,0.05921336061929261,448.0,PD_SPEECH_FEATURES,N/A
LogisticRegression,native,tqwt_skewnessValue_dec_29,0.08546846142463846,0.08444132765946949,449.0,PD_SPEECH_FEATURES,N/A
LogisticRegression,native,tqwt_medianValue_dec_24,0.08533240247255981,0.053087489920310135,450.0,PD_SPEECH_FEATURES,N/A
LogisticRegression,native,tqwt_maxValue_dec_9,0.08516203295292299,0.0863142801103064,451.0,PD_SPEECH_FEATURES,N/A
LogisticRegression,native,tqwt_entropy_shannon_dec_30,0.08481759692882797,0.07741810662845676,452.0,PD_SPEECH_FEATURES,N/A
LogisticRegression,native,tqwt_entropy_shannon_dec_36,0.0847611840585122,0.031606685146668055,453.0,PD_SPEECH_FEATURES,N/A
LogisticRegression,native,tqwt_entropy_log_dec_13,0.0845910310324077,0.0649188928272274,454.0,PD_SPEECH_FEATURES,N/A
LogisticRegression,native,det_LT_TKEO_std_7_coef,0.084463278798061,0.04180270598747338,455.0,PD_SPEECH_FEATURES,N/A
LogisticRegression,native,det_LT_TKEO_std_3_coef,0.08444262601048559,0.024996618528345296,456.0,PD_SPEECH_FEATURES,N/A
LogisticRegression,native,mean_5th_delta_delta,0.08417984779267901,0.06231683709539947,457.0,PD_SPEECH_FEATURES,N/A
LogisticRegression,native,det_TKEO_mean_3_coef,0.08414769806677311,0.058511167966809725,458.0,PD_SPEECH_FEATURES,N/A
LogisticRegression,native,det_LT_TKEO_mean_3_coef,0.08410463746551702,0.047979217546183284,459.0,PD_SPEECH_FEATURES,N/A
LogisticRegression,native,tqwt_TKEO_mean_dec_2,0.08393928305415271,0.0728700403345008,460.0,PD_SPEECH_FEATURES,N/A
LogisticRegression,native,tqwt_medianValue_dec_35,0.08379468321146977,0.0854356347987927,461.0,PD_SPEECH_FEATURES,N/A
LogisticRegression,native,tqwt_maxValue_dec_10,0.08377308905204897,0.04553065622912392,462.0,PD_SPEECH_FEATURES,N/A
LogisticRegression,native,tqwt_minValue_dec_7,0.0836644738021189,0.054786909406372916,463.0,PD_SPEECH_FEATURES,N/A
LogisticRegression,native,mean_10th_delta_delta,0.08270365950239836,0.08295111414614385,464.0,PD_SPEECH_FEATURES,N/A
LogisticRegression,native,tqwt_maxValue_dec_35,0.0826266463913536,0.04704657346024796,465.0,PD_SPEECH_FEATURES,N/A
LogisticRegression,native,tqwt_entropy_log_dec_8,0.08191389821263285,0.07594524518619335,466.0,PD_SPEECH_FEATURES,N/A
LogisticRegression,native,mean_3rd_delta,0.08174422123294126,0.04957342492046437,467.0,PD_SPEECH_FEATURES,N/A
LogisticRegression,native,tqwt_energy_dec_26,0.08159070524230674,0.05412915081511216,468.0,PD_SPEECH_FEATURES,N/A
LogisticRegression,native,tqwt_meanValue_dec_18,0.08128945090437827,0.0571164228756691,469.0,PD_SPEECH_FEATURES,N/A
LogisticRegression,native,tqwt_TKEO_std_dec_34,0.08113017320528944,0.052269231256861004,470.0,PD_SPEECH_FEATURES,N/A
LogisticRegression,native,det_LT_TKEO_mean_5_coef,0.08086710050474497,0.03101749200200099,471.0,PD_SPEECH_FEATURES,N/A
LogisticRegression,native,Ed_6_coef,0.08084981418867962,0.06250045304089095,472.0,PD_SPEECH_FEATURES,N/A
LogisticRegression,native,mean_1st_delta,0.08067218461226713,0.06000597152359011,473.0,PD_SPEECH_FEATURES,N/A
LogisticRegression,native,tqwt_medianValue_dec_6,0.08017297672184792,0.0741733083514028,474.0,PD_SPEECH_FEATURES,N/A
LogisticRegression,native,det_LT_entropy_shannon_1_coef,0.07913578758094938,0.049721276994022304,475.0,PD_SPEECH_FEATURES,N/A
LogisticRegression,native,std_delta_delta_0th,0.07912950314357006,0.05690367048095476,476.0,PD_SPEECH_FEATURES,N/A
LogisticRegression,native,tqwt_TKEO_std_dec_15,0.07904169461419792,0.0745622298705076,477.0,PD_SPEECH_FEATURES,N/A
LogisticRegression,native,tqwt_entropy_log_dec_15,0.07886089846942593,0.050419652228496016,478.0,PD_SPEECH_FEATURES,N/A
LogisticRegression,native,tqwt_TKEO_std_dec_23,0.07825672091525379,0.06752016101491395,479.0,PD_SPEECH_FEATURES,N/A
LogisticRegression,native,tqwt_energy_dec_5,0.0782192865882781,0.0203643498911824,480.0,PD_SPEECH_FEATURES,N/A
LogisticRegression,native,tqwt_kurtosisValue_dec_6,0.077829622792687,0.04942577080260947,481.0,PD_SPEECH_FEATURES,N/A
LogisticRegression,native,tqwt_maxValue_dec_28,0.07743247179467658,0.06464306648303139,482.0,PD_SPEECH_FEATURES,N/A
LogisticRegression,native,det_LT_TKEO_mean_10_coef,0.07732778090156966,0.038375389573620314,483.0,PD_SPEECH_FEATURES,N/A
LogisticRegression,native,det_TKEO_mean_9_coef,0.07714741720023699,0.06324652130561524,484.0,PD_SPEECH_FEATURES,N/A
LogisticRegression,native,tqwt_skewnessValue_dec_18,0.07708554018170102,0.08588941951795095,485.0,PD_SPEECH_FEATURES,N/A
LogisticRegression,native,tqwt_maxValue_dec_15,0.07692568666846941,0.0463895024781152,486.0,PD_SPEECH_FEATURES,N/A
LogisticRegression,native,tqwt_stdValue_dec_23,0.0768330260410928,0.040107080882595084,487.0,PD_SPEECH_FEATURES,N/A
LogisticRegression,native,mean_MFCC_0th_coef,0.07652844486194439,0.0713732572966873,488.0,PD_SPEECH_FEATURES,N/A
LogisticRegression,native,tqwt_TKEO_std_dec_7,0.07557865387506717,0.03999762659190464,489.0,PD_SPEECH_FEATURES,N/A
LogisticRegression,native,VFER_mean,0.07552670463336522,0.10452409111489651,490.0,PD_SPEECH_FEATURES,N/A
LogisticRegression,native,tqwt_TKEO_mean_dec_16,0.07550129433903476,0.05625194083893245,491.0,PD_SPEECH_FEATURES,N/A
LogisticRegression,native,det_LT_TKEO_std_10_coef,0.07532087909297633,0.03695760147165878,492.0,PD_SPEECH_FEATURES,N/A
LogisticRegression,native,tqwt_maxValue_dec_8,0.07495019893530608,0.03651558925167462,493.0,PD_SPEECH_FEATURES,N/A
LogisticRegression,native,tqwt_minValue_dec_34,0.07462638942818636,0.05579130658881226,494.0,PD_SPEECH_FEATURES,N/A
LogisticRegression,native,tqwt_minValue_dec_29,0.07436795763916912,0.06790656728062137,495.0,PD_SPEECH_FEATURES,N/A
LogisticRegression,native,f4,0.07424433166701311,0.0992968924100747,496.0,PD_SPEECH_FEATURES,N/A
LogisticRegression,native,tqwt_skewnessValue_dec_33,0.07417825256060329,0.1003486857227287,497.0,PD_SPEECH_FEATURES,N/A
LogisticRegression,native,tqwt_meanValue_dec_9,0.07413235883425184,0.04611854265825776,498.0,PD_SPEECH_FEATURES,N/A
LogisticRegression,native,tqwt_meanValue_dec_33,0.07345481238851267,0.03899976232234058,499.0,PD_SPEECH_FEATURES,N/A
LogisticRegression,native,tqwt_minValue_dec_8,0.07336447253189504,0.052610767926087605,500.0,PD_SPEECH_FEATURES,N/A
LogisticRegression,native,tqwt_entropy_shannon_dec_16,0.0731267944693286,0.0655470239617479,501.0,PD_SPEECH_FEATURES,N/A
LogisticRegression,native,tqwt_stdValue_dec_17,0.07305649899565322,0.037466637569292506,502.0,PD_SPEECH_FEATURES,N/A
LogisticRegression,native,det_entropy_shannon_3_coef,0.07298382803296119,0.04748239453169465,503.0,PD_SPEECH_FEATURES,N/A
LogisticRegression,native,det_LT_TKEO_std_5_coef,0.0717197989264632,0.05208730653491508,504.0,PD_SPEECH_FEATURES,N/A
LogisticRegression,native,det_TKEO_mean_2_coef,0.07155687280733554,0.026381297519052035,505.0,PD_SPEECH_FEATURES,N/A
LogisticRegression,native,tqwt_TKEO_mean_dec_25,0.07135124292024068,0.06703067556829552,506.0,PD_SPEECH_FEATURES,N/A
LogisticRegression,native,det_TKEO_std_9_coef,0.0711555309576665,0.0667643568418535,507.0,PD_SPEECH_FEATURES,N/A
LogisticRegression,native,app_LT_entropy_log_4_coef,0.07082083733424233,0.016845753997771863,508.0,PD_SPEECH_FEATURES,N/A
LogisticRegression,native,tqwt_kurtosisValue_dec_9,0.07078586240553654,0.09193105828436726,509.0,PD_SPEECH_FEATURES,N/A
LogisticRegression,native,det_LT_entropy_shannon_9_coef,0.07071583069945911,0.07005881267488558,510.0,PD_SPEECH_FEATURES,N/A
LogisticRegression,native,det_LT_TKEO_mean_8_coef,0.07066950922005218,0.04321632224892456,511.0,PD_SPEECH_FEATURES,N/A
LogisticRegression,native,app_LT_entropy_log_7_coef,0.06988487605379577,0.025559887028773667,512.0,PD_SPEECH_FEATURES,N/A
LogisticRegression,native,apq5Shimmer,0.06987189697202756,0.048952808767322026,513.0,PD_SPEECH_FEATURES,N/A
LogisticRegression,native,det_TKEO_std_1_coef,0.06972633578462628,0.008356398463811063,514.0,PD_SPEECH_FEATURES,N/A
LogisticRegression,native,det_TKEO_mean_4_coef,0.06863393781372548,0.03928037136525719,515.0,PD_SPEECH_FEATURES,N/A
LogisticRegression,native,tqwt_entropy_shannon_dec_5,0.06860664030609398,0.031466465304160654,516.0,PD_SPEECH_FEATURES,N/A
LogisticRegression,native,det_entropy_shannon_4_coef,0.06844640685151979,0.03986356758623098,517.0,PD_SPEECH_FEATURES,N/A
LogisticRegression,native,det_entropy_shannon_2_coef,0.06839544818412249,0.02135718130881295,518.0,PD_SPEECH_FEATURES,N/A
LogisticRegression,native,tqwt_entropy_shannon_dec_20,0.0681876965523978,0.04130800857417766,519.0,PD_SPEECH_FEATURES,N/A
LogisticRegression,native,det_LT_entropy_shannon_8_coef,0.06801134342033414,0.08778658878122174,520.0,PD_SPEECH_FEATURES,N/A
LogisticRegression,native,det_LT_TKEO_std_6_coef,0.06763709083247944,0.05778559214573781,521.0,PD_SPEECH_FEATURES,N/A
LogisticRegression,native,f3,0.06761821752891575,0.05251458697682702,522.0,PD_SPEECH_FEATURES,N/A
LogisticRegression,native,tqwt_energy_dec_36,0.06747730333074944,0.033573634410092625,523.0,PD_SPEECH_FEATURES,N/A
LogisticRegression,native,Ed_8_coef,0.06689647287637021,0.06231576190199376,524.0,PD_SPEECH_FEATURES,N/A
LogisticRegression,native,tqwt_energy_dec_10,0.06650673192937964,0.03053415724113916,525.0,PD_SPEECH_FEATURES,N/A
LogisticRegression,native,tqwt_TKEO_std_dec_6,0.06626450579246328,0.007416687447475161,526.0,PD_SPEECH_FEATURES,N/A
LogisticRegression,native,tqwt_medianValue_dec_26,0.0662428884878975,0.031868499510598454,527.0,PD_SPEECH_FEATURES,N/A
LogisticRegression,native,app_LT_entropy_log_1_coef,0.0658127490080709,0.035125208532013986,528.0,PD_SPEECH_FEATURES,N/A
LogisticRegression,native,app_entropy_log_2_coef,0.06579347029495498,0.03127936623336753,529.0,PD_SPEECH_FEATURES,N/A
LogisticRegression,native,tqwt_entropy_log_dec_14,0.06578456507004829,0.049572430435471264,530.0,PD_SPEECH_FEATURES,N/A
LogisticRegression,native,tqwt_minValue_dec_19,0.06496744882235046,0.041803347627964435,531.0,PD_SPEECH_FEATURES,N/A
LogisticRegression,native,tqwt_entropy_shannon_dec_1,0.06481651995184355,0.05083539731017293,532.0,PD_SPEECH_FEATURES,N/A
LogisticRegression,native,tqwt_skewnessValue_dec_20,0.06471403598813805,0.032858835941209266,533.0,PD_SPEECH_FEATURES,N/A
LogisticRegression,native,tqwt_stdValue_dec_29,0.06432511590380882,0.024978498861101595,534.0,PD_SPEECH_FEATURES,N/A
LogisticRegression,native,Ed2_7_coef,0.06385860580579109,0.04516779446943991,535.0,PD_SPEECH_FEATURES,N/A
LogisticRegression,native,meanAutoCorrHarmonicity,0.06377829668301326,0.041029846076129556,536.0,PD_SPEECH_FEATURES,N/A
LogisticRegression,native,tqwt_energy_dec_6,0.0636709047384182,0.03322347824435523,537.0,PD_SPEECH_FEATURES,N/A
LogisticRegression,native,tqwt_entropy_shannon_dec_19,0.06363754913761957,0.039255619916736526,538.0,PD_SPEECH_FEATURES,N/A
LogisticRegression,native,std_12th_delta_delta,0.06361586120280713,0.05218913328878714,539.0,PD_SPEECH_FEATURES,N/A
LogisticRegression,native,tqwt_entropy_shannon_dec_13,0.06248693834919753,0.04838465146549119,540.0,PD_SPEECH_FEATURES,N/A
LogisticRegression,native,det_LT_TKEO_std_8_coef,0.06248337873905391,0.0515054671022993,541.0,PD_SPEECH_FEATURES,N/A
LogisticRegression,native,tqwt_meanValue_dec_13,0.06207192943170768,0.06726273677459971,542.0,PD_SPEECH_FEATURES,N/A
LogisticRegression,native,tqwt_TKEO_mean_dec_24,0.06204821644611691,0.03800658871514301,543.0,PD_SPEECH_FEATURES,N/A
LogisticRegression,native,app_LT_entropy_log_5_coef,0.06192391496874063,0.014589663205671387,544.0,PD_SPEECH_FEATURES,N/A
LogisticRegression,native,app_entropy_log_3_coef,0.061614529822216865,0.027685628146703698,545.0,PD_SPEECH_FEATURES,N/A
LogisticRegression,native,tqwt_energy_dec_30,0.06134814106124331,0.04128938672142844,546.0,PD_SPEECH_FEATURES,N/A
LogisticRegression,native,std_1st_delta,0.061206082596113265,0.03749851980758229,547.0,PD_SPEECH_FEATURES,N/A
LogisticRegression,native,tqwt_minValue_dec_21,0.06114532794064183,0.0337142555947252,548.0,PD_SPEECH_FEATURES,N/A
LogisticRegression,native,tqwt_medianValue_dec_20,0.06103907296776706,0.0787700479893098,549.0,PD_SPEECH_FEATURES,N/A
LogisticRegression,native,tqwt_stdValue_dec_6,0.06102942268236174,0.03129422911412411,550.0,PD_SPEECH_FEATURES,N/A
LogisticRegression,native,tqwt_entropy_shannon_dec_26,0.06098321829154511,0.07961297908927911,551.0,PD_SPEECH_FEATURES,N/A
LogisticRegression,native,tqwt_minValue_dec_14,0.06085061366320784,0.027501102581326486,552.0,PD_SPEECH_FEATURES,N/A
LogisticRegression,native,det_LT_TKEO_mean_7_coef,0.060499315252430665,0.04108725424014508,553.0,PD_SPEECH_FEATURES,N/A
LogisticRegression,native,tqwt_entropy_log_dec_30,0.06029070324248087,0.0463539400168392,554.0,PD_SPEECH_FEATURES,N/A
LogisticRegression,native,tqwt_skewnessValue_dec_13,0.0601315431411251,0.058864066329045166,555.0,PD_SPEECH_FEATURES,N/A
LogisticRegression,native,tqwt_stdValue_dec_8,0.06005359809723634,0.04752385647238699,556.0,PD_SPEECH_FEATURES,N/A
LogisticRegression,native,tqwt_TKEO_mean_dec_19,0.05991578374833072,0.055821222112300645,557.0,PD_SPEECH_FEATURES,N/A
LogisticRegression,native,Ed_9_coef,0.05904084353621264,0.045891221705470255,558.0,PD_SPEECH_FEATURES,N/A
LogisticRegression,native,Ed2_8_coef,0.05866251560487208,0.041394402311423294,559.0,PD_SPEECH_FEATURES,N/A
LogisticRegression,native,tqwt_entropy_shannon_dec_2,0.05846058197946933,0.05304221026903167,560.0,PD_SPEECH_FEATURES,N/A
LogisticRegression,native,std_2nd_delta,0.058234232257621456,0.05482518434203667,561.0,PD_SPEECH_FEATURES,N/A
LogisticRegression,native,Ed2_4_coef,0.05811736401684446,0.004603379576578261,562.0,PD_SPEECH_FEATURES,N/A
LogisticRegression,native,det_LT_entropy_log_10_coef,0.057916756576938455,0.03816607988477366,563.0,PD_SPEECH_FEATURES,N/A
LogisticRegression,native,tqwt_TKEO_std_dec_31,0.057670994400030394,0.031433000687129224,564.0,PD_SPEECH_FEATURES,N/A
LogisticRegression,native,tqwt_minValue_dec_24,0.05718566497586127,0.031282516161103745,565.0,PD_SPEECH_FEATURES,N/A
LogisticRegression,native,tqwt_energy_dec_8,0.05703457915681186,0.02663677766140262,566.0,PD_SPEECH_FEATURES,N/A
LogisticRegression,native,tqwt_stdValue_dec_13,0.05679251207720241,0.05184912589675708,567.0,PD_SPEECH_FEATURES,N/A
LogisticRegression,native,tqwt_stdValue_dec_3,0.05679018227191427,0.03712148375886251,568.0,PD_SPEECH_FEATURES,N/A
LogisticRegression,native,tqwt_kurtosisValue_dec_7,0.05678359109158797,0.04649061309019753,569.0,PD_SPEECH_FEATURES,N/A
LogisticRegression,native,tqwt_minValue_dec_30,0.05650095210337628,0.05887690523260387,570.0,PD_SPEECH_FEATURES,N/A
LogisticRegression,native,tqwt_skewnessValue_dec_30,0.05642841430446397,0.048188131445171235,571.0,PD_SPEECH_FEATURES,N/A
LogisticRegression,native,tqwt_stdValue_dec_26,0.05640246333688109,0.04770962882069406,572.0,PD_SPEECH_FEATURES,N/A
LogisticRegression,native,tqwt_TKEO_std_dec_30,0.05583085205933732,0.0171012181319262,573.0,PD_SPEECH_FEATURES,N/A
LogisticRegression,native,tqwt_kurtosisValue_dec_4,0.05573362191187903,0.04005574217024443,574.0,PD_SPEECH_FEATURES,N/A
LogisticRegression,native,tqwt_minValue_dec_28,0.05561984850416295,0.045399616496505604,575.0,PD_SPEECH_FEATURES,N/A
LogisticRegression,native,tqwt_TKEO_std_dec_28,0.055211571759887834,0.04832352969176456,576.0,PD_SPEECH_FEATURES,N/A
LogisticRegression,native,meanNoiseToHarmHarmonicity,0.05512764341139533,0.04282682336666377,577.0,PD_SPEECH_FEATURES,N/A
LogisticRegression,native,tqwt_maxValue_dec_31,0.05503758995554351,0.011606338232365086,578.0,PD_SPEECH_FEATURES,N/A
LogisticRegression,native,tqwt_TKEO_mean_dec_12,0.05477164311724699,0.057814706428727373,579.0,PD_SPEECH_FEATURES,N/A
LogisticRegression,native,tqwt_stdValue_dec_4,0.054722471183059715,0.0332298720168322,580.0,PD_SPEECH_FEATURES,N/A
LogisticRegression,native,tqwt_stdValue_dec_12,0.05453584671059726,0.024993422301458353,581.0,PD_SPEECH_FEATURES,N/A
LogisticRegression,native,tqwt_TKEO_std_dec_3,0.05449778729842216,0.028104786411812882,582.0,PD_SPEECH_FEATURES,N/A
LogisticRegression,native,Ed2_5_coef,0.054493088989954974,0.04615629003678672,583.0,PD_SPEECH_FEATURES,N/A
LogisticRegression,native,std_MFCC_0th_coef,0.054370944115615036,0.060822689980834836,584.0,PD_SPEECH_FEATURES,N/A
LogisticRegression,native,tqwt_energy_dec_27,0.0542648693194272,0.044028906457552086,585.0,PD_SPEECH_FEATURES,N/A
LogisticRegression,native,tqwt_TKEO_mean_dec_32,0.05424212848497947,0.029809348539682198,586.0,PD_SPEECH_FEATURES,N/A
LogisticRegression,native,tqwt_TKEO_mean_dec_7,0.0541829484065654,0.05894088110603536,587.0,PD_SPEECH_FEATURES,N/A
LogisticRegression,native,app_entropy_log_1_coef,0.05401978293067693,0.0321234943683962,588.0,PD_SPEECH_FEATURES,N/A
LogisticRegression,native,apq3Shimmer,0.053413939140258784,0.021009484741951592,589.0,PD_SPEECH_FEATURES,N/A
LogisticRegression,native,ddaShimmer,0.05340619891023439,0.020991379914732076,590.0,PD_SPEECH_FEATURES,N/A
LogisticRegression,native,tqwt_minValue_dec_18,0.05272435525877008,0.029928156708376164,591.0,PD_SPEECH_FEATURES,N/A
LogisticRegression,native,tqwt_entropy_shannon_dec_7,0.05240258943378338,0.04078406638234591,592.0,PD_SPEECH_FEATURES,N/A
LogisticRegression,native,ppq5Jitter,0.05229705787322806,0.05088483346477101,593.0,PD_SPEECH_FEATURES,N/A
LogisticRegression,native,tqwt_stdValue_dec_27,0.05220849020515753,0.038800354967284,594.0,PD_SPEECH_FEATURES,N/A
LogisticRegression,native,Ed_5_coef,0.05160884298624777,0.03771793957905819,595.0,PD_SPEECH_FEATURES,N/A
LogisticRegression,native,det_entropy_shannon_8_coef,0.05154170665094495,0.034644209114414695,596.0,PD_SPEECH_FEATURES,N/A
LogisticRegression,native,det_entropy_shannon_1_coef,0.050978370832947664,0.013578138802350826,597.0,PD_SPEECH_FEATURES,N/A
LogisticRegression,native,det_LT_TKEO_std_9_coef,0.05093019605080984,0.05547368165347766,598.0,PD_SPEECH_FEATURES,N/A
LogisticRegression,native,det_TKEO_std_10_coef,0.049938524696991796,0.043752733448739985,599.0,PD_SPEECH_FEATURES,N/A
LogisticRegression,native,det_TKEO_std_7_coef,0.04982413728145437,0.019510074901477322,600.0,PD_SPEECH_FEATURES,N/A
LogisticRegression,native,std_3rd_delta,0.04974426626247891,0.025260241536733386,601.0,PD_SPEECH_FEATURES,N/A
LogisticRegression,native,Ed2_9_coef,0.04964846019254755,0.03416712527671735,602.0,PD_SPEECH_FEATURES,N/A
LogisticRegression,native,tqwt_energy_dec_21,0.04964132362595304,0.06227976115813958,603.0,PD_SPEECH_FEATURES,N/A
LogisticRegression,native,det_entropy_shannon_9_coef,0.04916277721929219,0.052085865716097635,604.0,PD_SPEECH_FEATURES,N/A
LogisticRegression,native,tqwt_maxValue_dec_19,0.04911474886554874,0.02424742562716416,605.0,PD_SPEECH_FEATURES,N/A
LogisticRegression,native,tqwt_TKEO_mean_dec_29,0.04904133471935038,0.02765123800340244,606.0,PD_SPEECH_FEATURES,N/A
LogisticRegression,native,tqwt_TKEO_std_dec_35,0.048931201143829275,0.034065006753682944,607.0,PD_SPEECH_FEATURES,N/A
LogisticRegression,native,app_TKEO_std_2_coef,0.048824373176152604,0.021942855296067546,608.0,PD_SPEECH_FEATURES,N/A
LogisticRegression,native,tqwt_maxValue_dec_26,0.04837553174795231,0.03693540832582925,609.0,PD_SPEECH_FEATURES,N/A
LogisticRegression,native,tqwt_minValue_dec_27,0.048145148643512256,0.028441857682475057,610.0,PD_SPEECH_FEATURES,N/A
LogisticRegression,native,tqwt_stdValue_dec_19,0.04786611818865296,0.04845985190517742,611.0,PD_SPEECH_FEATURES,N/A
LogisticRegression,native,det_TKEO_mean_8_coef,0.04732940067973272,0.030560578181699913,612.0,PD_SPEECH_FEATURES,N/A
LogisticRegression,native,det_TKEO_mean_10_coef,0.04732352540497982,0.03364274115613428,613.0,PD_SPEECH_FEATURES,N/A
LogisticRegression,native,meanHarmToNoiseHarmonicity,0.047317100069291344,0.0178475628396122,614.0,PD_SPEECH_FEATURES,N/A
LogisticRegression,native,Ed2_3_coef,0.047265666410892374,0.018197311862022614,615.0,PD_SPEECH_FEATURES,N/A
LogisticRegression,native,det_LT_TKEO_mean_4_coef,0.047176527854374026,0.03756482360327316,616.0,PD_SPEECH_FEATURES,N/A
LogisticRegression,native,det_LT_TKEO_mean_9_coef,0.047011578858089854,0.04884186560904076,617.0,PD_SPEECH_FEATURES,N/A
LogisticRegression,native,tqwt_energy_dec_32,0.046721150270198866,0.03409053933374073,618.0,PD_SPEECH_FEATURES,N/A
LogisticRegression,native,tqwt_entropy_shannon_dec_15,0.04645257566845934,0.02791345270834926,619.0,PD_SPEECH_FEATURES,N/A
LogisticRegression,native,tqwt_entropy_shannon_dec_8,0.04642389787966533,0.027196162676902207,620.0,PD_SPEECH_FEATURES,N/A
LogisticRegression,native,numPulses,0.046255132201042194,0.055890631991372036,621.0,PD_SPEECH_FEATURES,N/A
LogisticRegression,native,tqwt_maxValue_dec_27,0.04614347190642168,0.02015924677601562,622.0,PD_SPEECH_FEATURES,N/A
LogisticRegression,native,det_LT_entropy_shannon_5_coef,0.045886936036813236,0.02612104089248835,623.0,PD_SPEECH_FEATURES,N/A
LogisticRegression,native,numPeriodsPulses,0.04585775119544531,0.053922576998696174,624.0,PD_SPEECH_FEATURES,N/A
LogisticRegression,native,app_LT_TKEO_mean_3_coef,0.0457811301895379,0.029379159371695183,625.0,PD_SPEECH_FEATURES,N/A
LogisticRegression,native,tqwt_maxValue_dec_3,0.04575868612164455,0.008027551662428137,626.0,PD_SPEECH_FEATURES,N/A
LogisticRegression,native,det_TKEO_std_8_coef,0.0454052203017204,0.035348402253451684,627.0,PD_SPEECH_FEATURES,N/A
LogisticRegression,native,tqwt_minValue_dec_3,0.04532929268990677,0.026748654169239095,628.0,PD_SPEECH_FEATURES,N/A
LogisticRegression,native,tqwt_maxValue_dec_32,0.04514854220634469,0.02715457426825422,629.0,PD_SPEECH_FEATURES,N/A
LogisticRegression,native,tqwt_entropy_log_dec_21,0.04504753457133609,0.038006764547766386,630.0,PD_SPEECH_FEATURES,N/A
LogisticRegression,native,tqwt_entropy_shannon_dec_6,0.04446753915475911,0.022925938090419033,631.0,PD_SPEECH_FEATURES,N/A
LogisticRegression,native,app_TKEO_std_1_coef,0.043645071220445086,0.02485020409132992,632.0,PD_SPEECH_FEATURES,N/A
LogisticRegression,native,mean_delta_delta_0th,0.04285675774172978,0.0527272922858261,633.0,PD_SPEECH_FEATURES,N/A
LogisticRegression,native,det_entropy_shannon_10_coef,0.042710867007656896,0.031072544952556756,634.0,PD_SPEECH_FEATURES,N/A
LogisticRegression,native,tqwt_maxValue_dec_34,0.04265687444344774,0.05596651063812746,635.0,PD_SPEECH_FEATURES,N/A
LogisticRegression,native,det_TKEO_std_2_coef,0.04265027548039833,0.025849223675892808,636.0,PD_SPEECH_FEATURES,N/A
LogisticRegression,native,app_TKEO_std_7_coef,0.041870704806919234,0.01686843934161078,637.0,PD_SPEECH_FEATURES,N/A
LogisticRegression,native,tqwt_maxValue_dec_30,0.041753916487856854,0.03722228420449746,638.0,PD_SPEECH_FEATURES,N/A
LogisticRegression,native,app_LT_TKEO_std_4_coef,0.041697128590488346,0.03496448695287663,639.0,PD_SPEECH_FEATURES,N/A
LogisticRegression,native,det_TKEO_mean_1_coef,0.04139619165288733,0.020685085075320582,640.0,PD_SPEECH_FEATURES,N/A
LogisticRegression,native,tqwt_stdValue_dec_30,0.04039492488105094,0.04331516800028092,641.0,PD_SPEECH_FEATURES,N/A
LogisticRegression,native,tqwt_TKEO_std_dec_32,0.040370740979451,0.022906699385807926,642.0,PD_SPEECH_FEATURES,N/A
LogisticRegression,native,det_LT_TKEO_std_2_coef,0.04016937500157061,0.028312068512045086,643.0,PD_SPEECH_FEATURES,N/A
LogisticRegression,native,app_det_TKEO_mean_1_coef,0.03929522571259735,0.015122443162044147,644.0,PD_SPEECH_FEATURES,N/A
LogisticRegression,native,Ea2,0.03891668348774564,0.03166607903428638,645.0,PD_SPEECH_FEATURES,N/A
LogisticRegression,native,tqwt_TKEO_std_dec_13,0.038014740187183683,0.02227112062226363,646.0,PD_SPEECH_FEATURES,N/A
LogisticRegression,native,app_LT_TKEO_std_6_coef,0.037720496669096805,0.024709378045381248,647.0,PD_SPEECH_FEATURES,N/A
LogisticRegression,native,tqwt_stdValue_dec_24,0.03743149368998137,0.022019735319177693,648.0,PD_SPEECH_FEATURES,N/A
LogisticRegression,native,app_LT_entropy_log_6_coef,0.03728986063365507,0.011925158944089659,649.0,PD_SPEECH_FEATURES,N/A
LogisticRegression,native,app_entropy_log_4_coef,0.03714219960954674,0.017671635540865902,650.0,PD_SPEECH_FEATURES,N/A
LogisticRegression,native,Ed_3_coef,0.03681359372270031,0.02594231640412082,651.0,PD_SPEECH_FEATURES,N/A
LogisticRegression,native,det_entropy_log_10_coef,0.03643531329175583,0.02497396095199263,652.0,PD_SPEECH_FEATURES,N/A
LogisticRegression,native,tqwt_kurtosisValue_dec_3,0.03599081417500179,0.03353599152734373,653.0,PD_SPEECH_FEATURES,N/A
LogisticRegression,native,app_LT_entropy_shannon_1_coef,0.03585611858341624,0.02598678216091345,654.0,PD_SPEECH_FEATURES,N/A
LogisticRegression,native,app_TKEO_std_8_coef,0.03570585383058551,0.0236667162680442,655.0,PD_SPEECH_FEATURES,N/A
LogisticRegression,native,tqwt_TKEO_mean_dec_36,0.035315209541953614,0.015981505224287953,656.0,PD_SPEECH_FEATURES,N/A
LogisticRegression,native,locAbsJitter,0.03500377282868396,0.02513339028997445,657.0,PD_SPEECH_FEATURES,N/A
LogisticRegression,native,tqwt_entropy_shannon_dec_12,0.034964244101781145,0.02551504473978993,658.0,PD_SPEECH_FEATURES,N/A
LogisticRegression,native,tqwt_TKEO_std_dec_29,0.0349387045685162,0.024124191687377644,659.0,PD_SPEECH_FEATURES,N/A
LogisticRegression,native,tqwt_energy_dec_35,0.03404416147229329,0.024862843915300484,660.0,PD_SPEECH_FEATURES,N/A
LogisticRegression,native,tqwt_entropy_shannon_dec_29,0.033964514844259525,0.023561882781763435,661.0,PD_SPEECH_FEATURES,N/A
LogisticRegression,native,tqwt_entropy_shannon_dec_32,0.03378389957821463,0.03782496330206197,662.0,PD_SPEECH_FEATURES,N/A
LogisticRegression,native,tqwt_energy_dec_34,0.03360519442611689,0.02626664739372862,663.0,PD_SPEECH_FEATURES,N/A
LogisticRegression,native,tqwt_TKEO_mean_dec_8,0.0333615497757942,0.029534774433639596,664.0,PD_SPEECH_FEATURES,N/A
LogisticRegression,native,app_LT_entropy_shannon_2_coef,0.03306278703932933,0.027845964420136905,665.0,PD_SPEECH_FEATURES,N/A
LogisticRegression,native,det_LT_TKEO_mean_2_coef,0.032653209317039134,0.03150621546265246,666.0,PD_SPEECH_FEATURES,N/A
LogisticRegression,native,tqwt_stdValue_dec_11,0.03248680401523254,0.03140088216291961,667.0,PD_SPEECH_FEATURES,N/A
LogisticRegression,native,app_LT_TKEO_mean_4_coef,0.031920228039283204,0.020093382658167833,668.0,PD_SPEECH_FEATURES,N/A
LogisticRegression,native,det_LT_TKEO_std_1_coef,0.03185852163794846,0.01905653963004804,669.0,PD_SPEECH_FEATURES,N/A
LogisticRegression,native,std_1st_delta_delta,0.03164379117129491,0.0043045793235901705,670.0,PD_SPEECH_FEATURES,N/A
LogisticRegression,native,app_TKEO_std_3_coef,0.03153651663627436,0.021850124202681055,671.0,PD_SPEECH_FEATURES,N/A
LogisticRegression,native,tqwt_stdValue_dec_5,0.03151962905990412,0.018057157814818477,672.0,PD_SPEECH_FEATURES,N/A
LogisticRegression,native,tqwt_stdValue_dec_15,0.031517108429959896,0.025674974554874063,673.0,PD_SPEECH_FEATURES,N/A
LogisticRegression,native,tqwt_energy_dec_1,0.030995726267006148,0.0150112038412664,674.0,PD_SPEECH_FEATURES,N/A
LogisticRegression,native,tqwt_minValue_dec_15,0.030720773775792205,0.040840733090516564,675.0,PD_SPEECH_FEATURES,N/A
LogisticRegression,native,app_TKEO_std_5_coef,0.030496613671734736,0.022845730906073846,676.0,PD_SPEECH_FEATURES,N/A
LogisticRegression,native,tqwt_maxValue_dec_29,0.030365837393698324,0.016121471951908956,677.0,PD_SPEECH_FEATURES,N/A
LogisticRegression,native,app_TKEO_std_6_coef,0.029954965251445597,0.022256518657371282,678.0,PD_SPEECH_FEATURES,N/A
LogisticRegression,native,tqwt_energy_dec_4,0.029875676394240804,0.017442651169404286,679.0,PD_SPEECH_FEATURES,N/A
LogisticRegression,native,tqwt_stdValue_dec_32,0.02946699260440146,0.02677657847976955,680.0,PD_SPEECH_FEATURES,N/A
LogisticRegression,native,app_LT_TKEO_std_7_coef,0.029287404770523058,0.01735167027342367,681.0,PD_SPEECH_FEATURES,N/A
LogisticRegression,native,app_det_TKEO_mean_8_coef,0.02928260360707713,0.017489648776531783,682.0,PD_SPEECH_FEATURES,N/A
LogisticRegression,native,app_det_TKEO_mean_6_coef,0.029241784549689544,0.02238371222860781,683.0,PD_SPEECH_FEATURES,N/A
LogisticRegression,native,app_det_TKEO_mean_7_coef,0.02923662861802869,0.020865451075774387,684.0,PD_SPEECH_FEATURES,N/A
LogisticRegression,native,app_det_TKEO_mean_5_coef,0.029094341668440382,0.023543421493660552,685.0,PD_SPEECH_FEATURES,N/A
LogisticRegression,native,app_LT_TKEO_std_5_coef,0.02906172253936835,0.015602062917890902,686.0,PD_SPEECH_FEATURES,N/A
LogisticRegression,native,app_det_TKEO_mean_9_coef,0.028927067448256755,0.016919756936027222,687.0,PD_SPEECH_FEATURES,N/A
LogisticRegression,native,tqwt_TKEO_mean_dec_30,0.028617556426120832,0.022257287936763924,688.0,PD_SPEECH_FEATURES,N/A
LogisticRegression,native,app_det_TKEO_mean_2_coef,0.027682217089538098,0.018670099854569893,689.0,PD_SPEECH_FEATURES,N/A
LogisticRegression,native,app_LT_entropy_shannon_3_coef,0.027150654658245222,0.021439884551539654,690.0,PD_SPEECH_FEATURES,N/A
LogisticRegression,native,Ed_4_coef,0.026688066976581777,0.016706451579554527,691.0,PD_SPEECH_FEATURES,N/A
LogisticRegression,native,app_det_TKEO_mean_10_coef,0.026462993904398678,0.014402990119554473,692.0,PD_SPEECH_FEATURES,N/A
LogisticRegression,native,tqwt_energy_dec_3,0.025887632060210934,0.01697419421115722,693.0,PD_SPEECH_FEATURES,N/A
LogisticRegression,native,app_TKEO_std_10_coef,0.025451609456992087,0.012360032016236663,694.0,PD_SPEECH_FEATURES,N/A
LogisticRegression,native,det_LT_TKEO_mean_1_coef,0.02539096764605791,0.023396364216374636,695.0,PD_SPEECH_FEATURES,N/A
LogisticRegression,native,app_LT_TKEO_mean_5_coef,0.024634090891974842,0.01748006869595557,696.0,PD_SPEECH_FEATURES,N/A
LogisticRegression,native,app_TKEO_std_9_coef,0.02445873563546703,0.010246336094937601,697.0,PD_SPEECH_FEATURES,N/A
LogisticRegression,native,Ed2_2_coef,0.02445616396581183,0.016444341871480035,698.0,PD_SPEECH_FEATURES,N/A
LogisticRegression,native,tqwt_stdValue_dec_16,0.02426330832079885,0.015938500992854814,699.0,PD_SPEECH_FEATURES,N/A
LogisticRegression,native,app_det_TKEO_mean_4_coef,0.02368073688074653,0.02062171582484259,700.0,PD_SPEECH_FEATURES,N/A
LogisticRegression,native,Ed_2_coef,0.02359763426844373,0.019063963123125915,701.0,PD_SPEECH_FEATURES,N/A
LogisticRegression,native,det_LT_entropy_shannon_7_coef,0.0232533920450398,0.020748369855323825,702.0,PD_SPEECH_FEATURES,N/A
LogisticRegression,native,app_det_TKEO_mean_3_coef,0.022967699171454803,0.01582663748701501,703.0,PD_SPEECH_FEATURES,N/A
LogisticRegression,native,app_LT_TKEO_std_1_coef,0.022870544683991235,0.01197012147992925,704.0,PD_SPEECH_FEATURES,N/A
LogisticRegression,native,Ed_1_coef,0.022729089216107837,0.015221746387955603,705.0,PD_SPEECH_FEATURES,N/A
LogisticRegression,native,tqwt_TKEO_mean_dec_5,0.022439030262988633,0.017453410956751746,706.0,PD_SPEECH_FEATURES,N/A
LogisticRegression,native,app_entropy_shannon_9_coef,0.02201582088947938,0.005102568442061119,707.0,PD_SPEECH_FEATURES,N/A
LogisticRegression,native,app_entropy_shannon_8_coef,0.022001994774174995,0.005065499498418094,708.0,PD_SPEECH_FEATURES,N/A
LogisticRegression,native,app_entropy_shannon_10_coef,0.022001024971716698,0.005234461419240274,709.0,PD_SPEECH_FEATURES,N/A
LogisticRegression,native,app_entropy_log_5_coef,0.021847243162452994,0.014337605396159966,710.0,PD_SPEECH_FEATURES,N/A
LogisticRegression,native,app_entropy_shannon_7_coef,0.021650446770111704,0.004220714737359112,711.0,PD_SPEECH_FEATURES,N/A
LogisticRegression,native,app_LT_TKEO_mean_1_coef,0.02143060873612913,0.02135013539674905,712.0,PD_SPEECH_FEATURES,N/A
LogisticRegression,native,app_LT_TKEO_mean_6_coef,0.02124054156730897,0.01126291104427503,713.0,PD_SPEECH_FEATURES,N/A
LogisticRegression,native,app_entropy_shannon_1_coef,0.021133178505828847,0.020303398809180653,714.0,PD_SPEECH_FEATURES,N/A
LogisticRegression,native,app_entropy_shannon_6_coef,0.02084558897259697,0.004138603471124289,715.0,PD_SPEECH_FEATURES,N/A
LogisticRegression,native,app_LT_TKEO_mean_7_coef,0.02076811044538577,0.012848769661713194,716.0,PD_SPEECH_FEATURES,N/A
LogisticRegression,native,app_entropy_shannon_5_coef,0.02035492038779239,0.0075301243537502175,717.0,PD_SPEECH_FEATURES,N/A
LogisticRegression,native,tqwt_TKEO_std_dec_4,0.019225758263017985,0.015764916864339076,718.0,PD_SPEECH_FEATURES,N/A
LogisticRegression,native,app_entropy_shannon_2_coef,0.018942915589601112,0.019188512265132046,719.0,PD_SPEECH_FEATURES,N/A
LogisticRegression,native,app_entropy_log_9_coef,0.01882243832187932,0.01251492353381279,720.0,PD_SPEECH_FEATURES,N/A
LogisticRegression,native,app_entropy_log_8_coef,0.018796459343065407,0.01247776667692407,721.0,PD_SPEECH_FEATURES,N/A
LogisticRegression,native,app_entropy_shannon_4_coef,0.018467480442469687,0.012845793791599827,722.0,PD_SPEECH_FEATURES,N/A
LogisticRegression,native,app_entropy_log_10_coef,0.01838274693658671,0.012448031568811992,723.0,PD_SPEECH_FEATURES,N/A
LogisticRegression,native,det_TKEO_mean_7_coef,0.017609652804861507,0.020842690453403052,724.0,PD_SPEECH_FEATURES,N/A
LogisticRegression,native,app_TKEO_std_4_coef,0.01722774384849963,0.0038261948687973654,725.0,PD_SPEECH_FEATURES,N/A
LogisticRegression,native,Ed2_1_coef,0.017183056081322083,0.01842421344597151,726.0,PD_SPEECH_FEATURES,N/A
LogisticRegression,native,app_LT_TKEO_std_2_coef,0.017027720579735846,0.017145387120373237,727.0,PD_SPEECH_FEATURES,N/A
LogisticRegression,native,app_LT_TKEO_std_8_coef,0.0168277067434491,0.01588412118530312,728.0,PD_SPEECH_FEATURES,N/A
LogisticRegression,native,ddpJitter,0.016670487057872524,0.01585333413312531,729.0,PD_SPEECH_FEATURES,N/A
LogisticRegression,native,app_entropy_shannon_3_coef,0.01640925411858909,0.017807311864625145,730.0,PD_SPEECH_FEATURES,N/A
LogisticRegression,native,rapJitter,0.016305531327469775,0.014969145420545855,731.0,PD_SPEECH_FEATURES,N/A
LogisticRegression,native,det_entropy_shannon_7_coef,0.015812352076763053,0.019211452926083023,732.0,PD_SPEECH_FEATURES,N/A
LogisticRegression,native,app_LT_entropy_shannon_10_coef,0.01564142261822429,0.008415767392223885,733.0,PD_SPEECH_FEATURES,N/A
LogisticRegression,native,app_LT_entropy_shannon_8_coef,0.01563444853954514,0.00847023933342151,734.0,PD_SPEECH_FEATURES,N/A
LogisticRegression,native,app_LT_entropy_shannon_9_coef,0.015599514292282412,0.008438354081461721,735.0,PD_SPEECH_FEATURES,N/A
LogisticRegression,native,tqwt_TKEO_mean_dec_6,0.01554613171227821,0.0021916737933480044,736.0,PD_SPEECH_FEATURES,N/A
LogisticRegression,native,app_LT_entropy_shannon_4_coef,0.015400888326328707,0.014265536159966138,737.0,PD_SPEECH_FEATURES,N/A
LogisticRegression,native,app_LT_TKEO_std_3_coef,0.015095859241616152,0.010653713016324918,738.0,PD_SPEECH_FEATURES,N/A
LogisticRegression,native,app_entropy_log_7_coef,0.0149694870762735,0.010053270761490872,739.0,PD_SPEECH_FEATURES,N/A
LogisticRegression,native,app_LT_TKEO_mean_9_coef,0.012099050144772572,0.008714328955599563,740.0,PD_SPEECH_FEATURES,N/A
LogisticRegression,native,app_LT_TKEO_mean_8_coef,0.011857002117917046,0.00803630065180317,741.0,PD_SPEECH_FEATURES,N/A
LogisticRegression,native,app_LT_entropy_log_8_coef,0.011818904781960472,0.009530185090745371,742.0,PD_SPEECH_FEATURES,N/A
LogisticRegression,native,app_LT_entropy_log_9_coef,0.011818513901428015,0.009519365699471705,743.0,PD_SPEECH_FEATURES,N/A
LogisticRegression,native,app_LT_entropy_log_10_coef,0.011777924872150142,0.009503467777291847,744.0,PD_SPEECH_FEATURES,N/A
LogisticRegression,native,app_LT_TKEO_mean_2_coef,0.010990712532041624,0.01426702084919687,745.0,PD_SPEECH_FEATURES,N/A
LogisticRegression,native,app_LT_TKEO_mean_10_coef,0.010598815475761867,0.007457546701833762,746.0,PD_SPEECH_FEATURES,N/A
LogisticRegression,native,app_LT_entropy_shannon_5_coef,0.010462221543989953,0.008324615645016036,747.0,PD_SPEECH_FEATURES,N/A
LogisticRegression,native,app_LT_TKEO_std_10_coef,0.009650362064195922,0.006579402180410935,748.0,PD_SPEECH_FEATURES,N/A
LogisticRegression,native,app_LT_entropy_shannon_6_coef,0.00861346205609343,0.005815703362348777,749.0,PD_SPEECH_FEATURES,N/A
LogisticRegression,native,app_LT_entropy_shannon_7_coef,0.008588668783306747,0.005764206888612164,750.0,PD_SPEECH_FEATURES,N/A
LogisticRegression,native,app_LT_TKEO_std_9_coef,0.008389373634190952,0.005356030270206646,751.0,PD_SPEECH_FEATURES,N/A
LogisticRegression,native,app_entropy_log_6_coef,0.007404020887559265,0.007829980316525195,752.0,PD_SPEECH_FEATURES,N/A
RandomForest,native,std_delta_log_energy,0.013337458992321518,0.0037012115329573096,1.0,PD_SPEECH_FEATURES,N/A
RandomForest,native,std_delta_delta_log_energy,0.013232538760571854,0.0030176137301884216,2.0,PD_SPEECH_FEATURES,N/A
RandomForest,native,tqwt_entropy_shannon_dec_12,0.011702631258132387,0.001007262868902997,3.0,PD_SPEECH_FEATURES,N/A
RandomForest,native,tqwt_TKEO_std_dec_11,0.009830164816534192,0.00394736265580164,4.0,PD_SPEECH_FEATURES,N/A
RandomForest,native,tqwt_TKEO_mean_dec_12,0.009648852945411322,0.0012049465377633724,5.0,PD_SPEECH_FEATURES,N/A
RandomForest,native,mean_MFCC_2nd_coef,0.00841034729402181,0.0030815275495530954,6.0,PD_SPEECH_FEATURES,N/A
RandomForest,native,tqwt_entropy_log_dec_11,0.008189929809312638,0.0029611037226204115,7.0,PD_SPEECH_FEATURES,N/A
RandomForest,native,tqwt_stdValue_dec_12,0.007712483211271699,0.0025115471453278494,8.0,PD_SPEECH_FEATURES,N/A
RandomForest,native,tqwt_stdValue_dec_13,0.007634853203939961,0.0034885026684814296,9.0,PD_SPEECH_FEATURES,N/A
RandomForest,native,tqwt_energy_dec_12,0.006932044537465644,0.0027318560446686155,10.0,PD_SPEECH_FEATURES,N/A
RandomForest,native,tqwt_energy_dec_27,0.00680087589337551,0.0014240512653936118,11.0,PD_SPEECH_FEATURES,N/A
RandomForest,native,tqwt_entropy_log_dec_12,0.006436065793226654,0.0018705992681740257,12.0,PD_SPEECH_FEATURES,N/A
RandomForest,native,tqwt_maxValue_dec_13,0.005874498229805933,0.0019202278526429895,13.0,PD_SPEECH_FEATURES,N/A
RandomForest,native,tqwt_TKEO_std_dec_13,0.005774299486163856,0.0017845322820167944,14.0,PD_SPEECH_FEATURES,N/A
RandomForest,native,tqwt_energy_dec_26,0.005725530682876556,0.0017958965978823512,15.0,PD_SPEECH_FEATURES,N/A
RandomForest,native,tqwt_entropy_log_dec_35,0.005703035706116364,0.002245846210147326,16.0,PD_SPEECH_FEATURES,N/A
RandomForest,native,std_6th_delta,0.005635975862317293,0.0019996249376761275,17.0,PD_SPEECH_FEATURES,N/A
RandomForest,native,std_7th_delta_delta,0.005562035980619268,0.0017227105575723844,18.0,PD_SPEECH_FEATURES,N/A
RandomForest,native,std_6th_delta_delta,0.0053338385268025664,0.0014194229151587357,19.0,PD_SPEECH_FEATURES,N/A
RandomForest,native,tqwt_maxValue_dec_12,0.005292467895968303,0.002775907222203724,20.0,PD_SPEECH_FEATURES,N/A
RandomForest,native,tqwt_TKEO_std_dec_12,0.005122982932270719,0.000976612094688671,21.0,PD_SPEECH_FEATURES,N/A
RandomForest,native,tqwt_maxValue_dec_11,0.0047418288612309945,0.002182103214882189,22.0,PD_SPEECH_FEATURES,N/A
RandomForest,native,std_7th_delta,0.00460049812174154,0.0014000487714523784,23.0,PD_SPEECH_FEATURES,N/A
RandomForest,native,tqwt_entropy_log_dec_13,0.00447143091245457,0.0022459272361958628,24.0,PD_SPEECH_FEATURES,N/A
RandomForest,native,std_10th_delta,0.004459350271184553,0.0011969736475842048,25.0,PD_SPEECH_FEATURES,N/A
RandomForest,native,tqwt_entropy_shannon_dec_13,0.004451106236115042,0.0014336418220233355,26.0,PD_SPEECH_FEATURES,N/A
RandomForest,native,tqwt_entropy_log_dec_27,0.004404003244204661,0.002094496367579759,27.0,PD_SPEECH_FEATURES,N/A
RandomForest,native,rapJitter,0.004146527722947527,0.0015804219979193915,28.0,PD_SPEECH_FEATURES,N/A
RandomForest,native,ddpJitter,0.004019564535899339,0.0015615873587085894,29.0,PD_SPEECH_FEATURES,N/A
RandomForest,native,std_9th_delta,0.003972318973782131,0.00107338317907016,30.0,PD_SPEECH_FEATURES,N/A
RandomForest,native,std_12th_delta,0.0038783747301791454,0.001406173493059067,31.0,PD_SPEECH_FEATURES,N/A
RandomForest,native,tqwt_energy_dec_11,0.0037218304257129234,0.0019495404237826767,32.0,PD_SPEECH_FEATURES,N/A
RandomForest,native,std_Log_energy,0.003571217836883766,0.0013386686960295182,33.0,PD_SPEECH_FEATURES,N/A
RandomForest,native,tqwt_TKEO_mean_dec_16,0.003497449738444157,0.0013651060642082987,34.0,PD_SPEECH_FEATURES,N/A
RandomForest,native,tqwt_kurtosisValue_dec_36,0.003493803216980504,0.002365898199434555,35.0,PD_SPEECH_FEATURES,N/A
RandomForest,native,tqwt_entropy_shannon_dec_11,0.0034922368295900383,0.0012581044932436906,36.0,PD_SPEECH_FEATURES,N/A
RandomForest,native,meanPeriodPulses,0.003416729620963385,0.0020329714157858118,37.0,PD_SPEECH_FEATURES,N/A
RandomForest,native,std_9th_delta_delta,0.0032681001455618906,0.0006879615188142376,38.0,PD_SPEECH_FEATURES,N/A
RandomForest,native,app_LT_TKEO_std_9_coef,0.0032489626561543064,0.0011488858502381656,39.0,PD_SPEECH_FEATURES,N/A
RandomForest,native,GQ_std_cycle_open,0.0032172651712487517,0.0010692786849869035,40.0,PD_SPEECH_FEATURES,N/A
RandomForest,native,tqwt_kurtosisValue_dec_18,0.003201897113061708,0.002104836579281331,41.0,PD_SPEECH_FEATURES,N/A
RandomForest,native,tqwt_entropy_log_dec_33,0.003188443392519894,0.0009403536771212369,42.0,PD_SPEECH_FEATURES,N/A
RandomForest,native,tqwt_minValue_dec_13,0.0031857967223242294,0.0006753232949999509,43.0,PD_SPEECH_FEATURES,N/A
RandomForest,native,tqwt_TKEO_mean_dec_6,0.0031637563688976223,0.0018750572421562092,44.0,PD_SPEECH_FEATURES,N/A
RandomForest,native,tqwt_minValue_dec_11,0.003042384443450701,0.002034722627041932,45.0,PD_SPEECH_FEATURES,N/A
RandomForest,native,tqwt_entropy_shannon_dec_19,0.003038225722164644,0.0007932304771182717,46.0,PD_SPEECH_FEATURES,N/A
RandomForest,native,tqwt_TKEO_mean_dec_34,0.0030030957424287893,0.0016712869362554763,47.0,PD_SPEECH_FEATURES,N/A
RandomForest,native,apq11Shimmer,0.0029695933666921462,0.0012343957572807718,48.0,PD_SPEECH_FEATURES,N/A
RandomForest,native,std_8th_delta,0.0029412951625892264,0.0005842768985969511,49.0,PD_SPEECH_FEATURES,N/A
RandomForest,native,tqwt_entropy_shannon_dec_36,0.0029051031770893927,0.0011303885248162638,50.0,PD_SPEECH_FEATURES,N/A
RandomForest,native,std_8th_delta_delta,0.002888327393961174,0.0009798812924971716,51.0,PD_SPEECH_FEATURES,N/A
RandomForest,native,app_LT_TKEO_std_7_coef,0.002846675564412303,0.0017199499038173113,52.0,PD_SPEECH_FEATURES,N/A
RandomForest,native,tqwt_stdValue_dec_14,0.002845809965142279,0.0018536739632080408,53.0,PD_SPEECH_FEATURES,N/A
RandomForest,native,tqwt_energy_dec_25,0.0028191330859373533,0.00241714728748895,54.0,PD_SPEECH_FEATURES,N/A
RandomForest,native,tqwt_TKEO_std_dec_6,0.00280832741534836,0.0014681936152778979,55.0,PD_SPEECH_FEATURES,N/A
RandomForest,native,minIntensity,0.0027425016846455963,0.0019951806519930533,56.0,PD_SPEECH_FEATURES,N/A
RandomForest,native,tqwt_TKEO_mean_dec_11,0.0027305152311646167,0.0011789242843782673,57.0,PD_SPEECH_FEATURES,N/A
RandomForest,native,tqwt_entropy_shannon_dec_34,0.00265176496084348,0.0004912193088165006,58.0,PD_SPEECH_FEATURES,N/A
RandomForest,native,tqwt_TKEO_mean_dec_33,0.0026375687199556566,0.0007353241782848777,59.0,PD_SPEECH_FEATURES,N/A
RandomForest,native,tqwt_energy_dec_18,0.002601350023766292,0.0010287492427527485,60.0,PD_SPEECH_FEATURES,N/A
RandomForest,native,tqwt_stdValue_dec_19,0.002532741146428047,0.001437173360635613,61.0,PD_SPEECH_FEATURES,N/A
RandomForest,native,tqwt_energy_dec_13,0.002510622453472723,0.0016141806857547856,62.0,PD_SPEECH_FEATURES,N/A
RandomForest,native,tqwt_TKEO_mean_dec_14,0.0024941993290943905,0.0015310565348367249,63.0,PD_SPEECH_FEATURES,N/A
RandomForest,native,std_11th_delta_delta,0.0024537394152604444,0.002232017879829634,64.0,PD_SPEECH_FEATURES,N/A
RandomForest,native,std_12th_delta_delta,0.002422751226321727,0.0011939892095221493,65.0,PD_SPEECH_FEATURES,N/A
RandomForest,native,tqwt_stdValue_dec_33,0.0024027879108880087,0.0006913865099421995,66.0,PD_SPEECH_FEATURES,N/A
RandomForest,native,tqwt_TKEO_std_dec_16,0.0023963557224605378,0.00043281527457811054,67.0,PD_SPEECH_FEATURES,N/A
RandomForest,native,tqwt_stdValue_dec_27,0.0023671417557551574,0.0011103575132628012,68.0,PD_SPEECH_FEATURES,N/A
RandomForest,native,tqwt_stdValue_dec_11,0.0023541523856403985,0.001627003015138879,69.0,PD_SPEECH_FEATURES,N/A
RandomForest,native,app_LT_TKEO_mean_3_coef,0.0023313732851673367,0.0015584524746387611,70.0,PD_SPEECH_FEATURES,N/A
RandomForest,native,std_4th_delta_delta,0.002314069486953446,0.0010597268456938906,71.0,PD_SPEECH_FEATURES,N/A
RandomForest,native,std_5th_delta,0.002280967703976822,0.00024671586726495733,72.0,PD_SPEECH_FEATURES,N/A
RandomForest,native,tqwt_medianValue_dec_36,0.0022677830932245997,0.0007587063343344389,73.0,PD_SPEECH_FEATURES,N/A
RandomForest,native,app_LT_entropy_shannon_10_coef,0.0022549790716633517,0.0019006513507819364,74.0,PD_SPEECH_FEATURES,N/A
RandomForest,native,tqwt_kurtosisValue_dec_20,0.00224668251093305,0.000581141041820119,75.0,PD_SPEECH_FEATURES,N/A
RandomForest,native,tqwt_stdValue_dec_34,0.0022373269165613698,0.0011023094323029314,76.0,PD_SPEECH_FEATURES,N/A
RandomForest,native,tqwt_meanValue_dec_36,0.0022323377738360417,0.0008748229340164811,77.0,PD_SPEECH_FEATURES,N/A
RandomForest,native,tqwt_entropy_shannon_dec_16,0.002224379059391179,0.0012046717415204365,78.0,PD_SPEECH_FEATURES,N/A
RandomForest,native,tqwt_minValue_dec_12,0.0021991892134293413,0.001225943573079474,79.0,PD_SPEECH_FEATURES,N/A
RandomForest,native,tqwt_stdValue_dec_7,0.002185693941878638,0.001336412250146795,80.0,PD_SPEECH_FEATURES,N/A
RandomForest,native,tqwt_entropy_log_dec_26,0.0021797016377659005,0.0006534568637159064,81.0,PD_SPEECH_FEATURES,N/A
RandomForest,native,tqwt_meanValue_dec_11,0.0021732831303057985,0.000762757578551655,82.0,PD_SPEECH_FEATURES,N/A
RandomForest,native,tqwt_entropy_shannon_dec_35,0.0021682592204440134,0.0009904539569973493,83.0,PD_SPEECH_FEATURES,N/A
RandomForest,native,tqwt_stdValue_dec_16,0.002148950607262344,0.0019483107837820507,84.0,PD_SPEECH_FEATURES,N/A
RandomForest,native,tqwt_energy_dec_15,0.0021233071622872948,0.0009856918834374548,85.0,PD_SPEECH_FEATURES,N/A
RandomForest,native,tqwt_minValue_dec_17,0.002121693987902604,0.0010980606293392913,86.0,PD_SPEECH_FEATURES,N/A
RandomForest,native,std_10th_delta_delta,0.00211125266061948,0.001255985922544049,87.0,PD_SPEECH_FEATURES,N/A
RandomForest,native,tqwt_TKEO_mean_dec_8,0.0020977406439660895,0.0013593683899946912,88.0,PD_SPEECH_FEATURES,N/A
RandomForest,native,tqwt_energy_dec_19,0.0020718211421897814,0.0005899718567126091,89.0,PD_SPEECH_FEATURES,N/A
RandomForest,native,tqwt_medianValue_dec_31,0.0020696804012328056,0.0007526148275377841,90.0,PD_SPEECH_FEATURES,N/A
RandomForest,native,std_4th_delta,0.002067226295557713,0.0007426306870937727,91.0,PD_SPEECH_FEATURES,N/A
RandomForest,native,tqwt_skewnessValue_dec_25,0.0020581738489199837,0.0011949999545364423,92.0,PD_SPEECH_FEATURES,N/A
RandomForest,native,tqwt_minValue_dec_18,0.002055260079095583,0.0013071689258087726,93.0,PD_SPEECH_FEATURES,N/A
RandomForest,native,GNE_std,0.00204450049603639,0.0007231348261803759,94.0,PD_SPEECH_FEATURES,N/A
RandomForest,native,tqwt_entropy_log_dec_34,0.0020410860802136366,0.001493622707547472,95.0,PD_SPEECH_FEATURES,N/A
RandomForest,native,tqwt_entropy_log_dec_10,0.0020202178896781007,0.0020860751424279568,96.0,PD_SPEECH_FEATURES,N/A
RandomForest,native,tqwt_entropy_shannon_dec_6,0.0020190323685797536,0.001001728343963243,97.0,PD_SPEECH_FEATURES,N/A
RandomForest,native,tqwt_kurtosisValue_dec_27,0.002011273988431504,0.001175287926509739,98.0,PD_SPEECH_FEATURES,N/A
RandomForest,native,app_LT_TKEO_mean_2_coef,0.0020028706110003995,0.0007227063841985268,99.0,PD_SPEECH_FEATURES,N/A
RandomForest,native,locAbsJitter,0.0019860881022782354,0.001107546938807695,100.0,PD_SPEECH_FEATURES,N/A
RandomForest,native,tqwt_medianValue_dec_34,0.001970365390548846,0.0010703962015494689,101.0,PD_SPEECH_FEATURES,N/A
RandomForest,native,tqwt_TKEO_std_dec_19,0.0019441387971862532,0.000642714075695849,102.0,PD_SPEECH_FEATURES,N/A
RandomForest,native,tqwt_kurtosisValue_dec_26,0.0019332233856015238,0.0007217607648069888,103.0,PD_SPEECH_FEATURES,N/A
RandomForest,native,std_2nd_delta,0.0019286667950717128,0.00047430087113663124,104.0,PD_SPEECH_FEATURES,N/A
RandomForest,native,tqwt_stdValue_dec_18,0.0019282506591026302,0.0009088864866548518,105.0,PD_SPEECH_FEATURES,N/A
RandomForest,native,tqwt_energy_dec_7,0.0019016931895358322,0.0004495484464419843,106.0,PD_SPEECH_FEATURES,N/A
RandomForest,native,tqwt_maxValue_dec_7,0.0018950311804738819,0.0007009748664151259,107.0,PD_SPEECH_FEATURES,N/A
RandomForest,native,tqwt_kurtosisValue_dec_33,0.0018668072083647892,0.0006691583064652208,108.0,PD_SPEECH_FEATURES,N/A
RandomForest,native,std_11th_delta,0.0018452710936398171,0.0013875662855566278,109.0,PD_SPEECH_FEATURES,N/A
RandomForest,native,tqwt_entropy_log_dec_19,0.0018431327604970659,0.0009932676369524588,110.0,PD_SPEECH_FEATURES,N/A
RandomForest,native,app_LT_entropy_log_7_coef,0.0018330651639181163,0.0011804039654783173,111.0,PD_SPEECH_FEATURES,N/A
RandomForest,native,tqwt_entropy_log_dec_16,0.0018270923995609713,0.000918140169896197,112.0,PD_SPEECH_FEATURES,N/A
RandomForest,native,std_MFCC_7th_coef,0.0018145908533324893,0.0007936973788173127,113.0,PD_SPEECH_FEATURES,N/A
RandomForest,native,locDbShimmer,0.001809155405555704,0.001328621671061779,114.0,PD_SPEECH_FEATURES,N/A
RandomForest,native,tqwt_stdValue_dec_36,0.0018073746070263804,0.0012886446241535234,115.0,PD_SPEECH_FEATURES,N/A
RandomForest,native,GNE_NSR_TKEO,0.0018069434702348976,0.0007852479623620458,116.0,PD_SPEECH_FEATURES,N/A
RandomForest,native,f1,0.001800692057611429,0.0018820905648596936,117.0,PD_SPEECH_FEATURES,N/A
RandomForest,native,det_LT_TKEO_mean_4_coef,0.001792515212321194,0.0010386184052384349,118.0,PD_SPEECH_FEATURES,N/A
RandomForest,native,tqwt_TKEO_std_dec_18,0.001791778838744142,0.0005525713053609352,119.0,PD_SPEECH_FEATURES,N/A
RandomForest,native,tqwt_TKEO_std_dec_7,0.0017907807885914184,0.001103430599418368,120.0,PD_SPEECH_FEATURES,N/A
RandomForest,native,std_MFCC_8th_coef,0.001788777610017243,0.0010721575921546782,121.0,PD_SPEECH_FEATURES,N/A
RandomForest,native,tqwt_entropy_shannon_dec_33,0.0017843865040160366,0.0005351706452082399,122.0,PD_SPEECH_FEATURES,N/A
RandomForest,native,app_det_TKEO_mean_8_coef,0.0017836308332625818,0.0010600001297512178,123.0,PD_SPEECH_FEATURES,N/A
RandomForest,native,tqwt_entropy_shannon_dec_26,0.0017804588030113078,0.0007100978658195452,124.0,PD_SPEECH_FEATURES,N/A
RandomForest,native,numPulses,0.001779299027998915,0.0013134827285549088,125.0,PD_SPEECH_FEATURES,N/A
RandomForest,native,tqwt_TKEO_mean_dec_13,0.0017788110857355753,0.0015077612908048366,126.0,PD_SPEECH_FEATURES,N/A
RandomForest,native,tqwt_entropy_log_dec_28,0.001775892658169986,0.0006848581561815422,127.0,PD_SPEECH_FEATURES,N/A
RandomForest,native,tqwt_TKEO_mean_dec_19,0.0017732784261482112,0.0002877674019286759,128.0,PD_SPEECH_FEATURES,N/A
RandomForest,native,GNE_NSR_SEO,0.001767553526498128,0.0006217956472721679,129.0,PD_SPEECH_FEATURES,N/A
RandomForest,native,tqwt_stdValue_dec_35,0.001748796494926835,0.0006813658461459021,130.0,PD_SPEECH_FEATURES,N/A
RandomForest,native,tqwt_TKEO_std_dec_5,0.0017461216428565271,0.0005427309575318628,131.0,PD_SPEECH_FEATURES,N/A
RandomForest,native,tqwt_TKEO_mean_dec_32,0.0017451057620991722,0.0010686829324775698,132.0,PD_SPEECH_FEATURES,N/A
RandomForest,native,det_TKEO_std_1_coef,0.0017410056019718865,0.0007923142708710781,133.0,PD_SPEECH_FEATURES,N/A
RandomForest,native,tqwt_entropy_shannon_dec_32,0.0017402110896245389,0.0005510517168484885,134.0,PD_SPEECH_FEATURES,N/A
RandomForest,native,tqwt_TKEO_mean_dec_17,0.0017388243871640275,0.00045562324858540925,135.0,PD_SPEECH_FEATURES,N/A
RandomForest,native,tqwt_TKEO_mean_dec_35,0.0017323223970197072,0.0006455123842995984,136.0,PD_SPEECH_FEATURES,N/A
RandomForest,native,tqwt_TKEO_std_dec_10,0.001730581679795119,0.0006564260189172724,137.0,PD_SPEECH_FEATURES,N/A
RandomForest,native,tqwt_minValue_dec_6,0.001722932690254969,0.0006451304165174488,138.0,PD_SPEECH_FEATURES,N/A
RandomForest,native,locPctJitter,0.0017227632190016007,0.0009871625263497305,139.0,PD_SPEECH_FEATURES,N/A
RandomForest,native,tqwt_stdValue_dec_25,0.0017213288330490163,0.0005317631236707932,140.0,PD_SPEECH_FEATURES,N/A
RandomForest,native,mean_MFCC_10th_coef,0.0017092040637864756,0.0004955842910811695,141.0,PD_SPEECH_FEATURES,N/A
RandomForest,native,app_entropy_log_5_coef,0.0017081675430215219,0.0012124514055327823,142.0,PD_SPEECH_FEATURES,N/A
RandomForest,native,tqwt_maxValue_dec_19,0.0017067861811642542,0.0006489924786285007,143.0,PD_SPEECH_FEATURES,N/A
RandomForest,native,tqwt_skewnessValue_dec_3,0.0016828152320772915,0.00018737449678723486,144.0,PD_SPEECH_FEATURES,N/A
RandomForest,native,ppq5Jitter,0.001682748627568998,0.00039049420587134527,145.0,PD_SPEECH_FEATURES,N/A
RandomForest,native,tqwt_entropy_log_dec_1,0.001679137154561494,0.0009508400872828974,146.0,PD_SPEECH_FEATURES,N/A
RandomForest,native,Ed_1_coef,0.0016752212899882788,0.0011372077399059042,147.0,PD_SPEECH_FEATURES,N/A
RandomForest,native,tqwt_entropy_shannon_dec_31,0.0016608898744172103,0.000590003618169183,148.0,PD_SPEECH_FEATURES,N/A
RandomForest,native,app_LT_TKEO_std_8_coef,0.0016582160447998519,0.0007325182701090685,149.0,PD_SPEECH_FEATURES,N/A
RandomForest,native,app_LT_TKEO_mean_10_coef,0.0016580511036458686,0.0013863839082076815,150.0,PD_SPEECH_FEATURES,N/A
RandomForest,native,tqwt_energy_dec_5,0.0016552821621959805,0.0009607601105525867,151.0,PD_SPEECH_FEATURES,N/A
RandomForest,native,tqwt_kurtosisValue_dec_22,0.0016391666024510494,0.0006362046649624694,152.0,PD_SPEECH_FEATURES,N/A
RandomForest,native,tqwt_stdValue_dec_17,0.0016295701846445066,0.00027099702018252935,153.0,PD_SPEECH_FEATURES,N/A
RandomForest,native,app_TKEO_std_5_coef,0.0016267557574731564,0.001162209166484076,154.0,PD_SPEECH_FEATURES,N/A
RandomForest,native,tqwt_energy_dec_10,0.0016203052431009418,0.0007038663522399939,155.0,PD_SPEECH_FEATURES,N/A
RandomForest,native,tqwt_maxValue_dec_10,0.0016052313041715963,0.0003946747282100514,156.0,PD_SPEECH_FEATURES,N/A
RandomForest,native,tqwt_maxValue_dec_36,0.0016048027878682804,0.0010196493933612059,157.0,PD_SPEECH_FEATURES,N/A
RandomForest,native,tqwt_entropy_log_dec_17,0.0015833733594224127,0.0008178127062881647,158.0,PD_SPEECH_FEATURES,N/A
RandomForest,native,tqwt_minValue_dec_10,0.0015828159736173478,0.0006609406747179242,159.0,PD_SPEECH_FEATURES,N/A
RandomForest,native,tqwt_kurtosisValue_dec_16,0.0015789318957217236,0.000714844395746489,160.0,PD_SPEECH_FEATURES,N/A
RandomForest,native,tqwt_minValue_dec_7,0.0015783352113399537,0.0004143967691963401,161.0,PD_SPEECH_FEATURES,N/A
RandomForest,native,tqwt_skewnessValue_dec_26,0.0015773306724210742,0.000862751479703216,162.0,PD_SPEECH_FEATURES,N/A
RandomForest,native,tqwt_energy_dec_33,0.001577194683545757,0.0007090256970629736,163.0,PD_SPEECH_FEATURES,N/A
RandomForest,native,tqwt_stdValue_dec_6,0.0015746042934887423,0.0007243695978595492,164.0,PD_SPEECH_FEATURES,N/A
RandomForest,native,tqwt_energy_dec_34,0.0015701599093877674,0.0011588082319754821,165.0,PD_SPEECH_FEATURES,N/A
RandomForest,native,locShimmer,0.0015695005179247033,0.0012504459859410686,166.0,PD_SPEECH_FEATURES,N/A
RandomForest,native,det_LT_TKEO_std_1_coef,0.0015600130871737336,0.0009058486305550262,167.0,PD_SPEECH_FEATURES,N/A
RandomForest,native,det_LT_entropy_shannon_1_coef,0.0015545260223407864,0.0014162362424432072,168.0,PD_SPEECH_FEATURES,N/A
RandomForest,native,app_LT_entropy_shannon_1_coef,0.0015515405158408712,0.0005654124870757097,169.0,PD_SPEECH_FEATURES,N/A
RandomForest,native,app_LT_TKEO_std_4_coef,0.0015377007707544224,0.0014028862642304662,170.0,PD_SPEECH_FEATURES,N/A
RandomForest,native,tqwt_entropy_shannon_dec_14,0.0015305681636423442,0.0014515131633841085,171.0,PD_SPEECH_FEATURES,N/A
RandomForest,native,tqwt_entropy_log_dec_32,0.0015275006781322834,0.0013345239611986654,172.0,PD_SPEECH_FEATURES,N/A
RandomForest,native,tqwt_maxValue_dec_18,0.0015238520312261257,0.0009778219428769213,173.0,PD_SPEECH_FEATURES,N/A
RandomForest,native,det_LT_entropy_log_1_coef,0.001519826851444631,0.0011756144262330907,174.0,PD_SPEECH_FEATURES,N/A
RandomForest,native,tqwt_energy_dec_6,0.0015180758939193268,0.0009298049679314006,175.0,PD_SPEECH_FEATURES,N/A
RandomForest,native,tqwt_TKEO_mean_dec_36,0.0015167970712994258,0.0007083195289909178,176.0,PD_SPEECH_FEATURES,N/A
RandomForest,native,tqwt_kurtosisValue_dec_31,0.0015087857866850683,0.0005101781607902756,177.0,PD_SPEECH_FEATURES,N/A
RandomForest,native,app_LT_TKEO_mean_4_coef,0.0014985605785791008,0.0010799169299448572,178.0,PD_SPEECH_FEATURES,N/A
RandomForest,native,app_entropy_log_3_coef,0.0014981174561696947,0.0005625489032954614,179.0,PD_SPEECH_FEATURES,N/A
RandomForest,native,tqwt_medianValue_dec_33,0.0014964397884625878,0.0004441852703441691,180.0,PD_SPEECH_FEATURES,N/A
RandomForest,native,app_LT_entropy_shannon_8_coef,0.0014894258630878926,0.0015691056109293621,181.0,PD_SPEECH_FEATURES,N/A
RandomForest,native,tqwt_kurtosisValue_dec_15,0.0014893959551378038,0.0010139812546418048,182.0,PD_SPEECH_FEATURES,N/A
RandomForest,native,tqwt_entropy_log_dec_31,0.0014888257808945943,0.0006389854827872762,183.0,PD_SPEECH_FEATURES,N/A
RandomForest,native,tqwt_kurtosisValue_dec_35,0.0014845165083991578,0.0010402462786088906,184.0,PD_SPEECH_FEATURES,N/A
RandomForest,native,tqwt_maxValue_dec_17,0.0014826895160604421,0.0008928155274711611,185.0,PD_SPEECH_FEATURES,N/A
RandomForest,native,GNE_SNR_TKEO,0.0014790380186483567,0.00036932692438757084,186.0,PD_SPEECH_FEATURES,N/A
RandomForest,native,tqwt_TKEO_std_dec_20,0.0014782280510547384,0.0007247308717098518,187.0,PD_SPEECH_FEATURES,N/A
RandomForest,native,tqwt_kurtosisValue_dec_28,0.0014773353462216568,0.00018498867228135024,188.0,PD_SPEECH_FEATURES,N/A
RandomForest,native,app_LT_TKEO_std_2_coef,0.0014756507327809319,0.001404651743030945,189.0,PD_SPEECH_FEATURES,N/A
RandomForest,native,app_entropy_shannon_6_coef,0.0014752113019092616,0.000497099055387806,190.0,PD_SPEECH_FEATURES,N/A
RandomForest,native,tqwt_entropy_shannon_dec_7,0.0014749140881470022,0.0008953307930220646,191.0,PD_SPEECH_FEATURES,N/A
RandomForest,native,mean_MFCC_1st_coef,0.0014746654386255478,0.0011270966913051077,192.0,PD_SPEECH_FEATURES,N/A
RandomForest,native,tqwt_TKEO_std_dec_14,0.0014740816858094352,0.0010098457079047384,193.0,PD_SPEECH_FEATURES,N/A
RandomForest,native,app_LT_TKEO_mean_8_coef,0.0014696485816835655,0.0012375719772731726,194.0,PD_SPEECH_FEATURES,N/A
RandomForest,native,tqwt_medianValue_dec_16,0.001468399033528136,0.00010078056242331745,195.0,PD_SPEECH_FEATURES,N/A
RandomForest,native,std_3rd_delta,0.0014663273491458064,0.00028348179516534766,196.0,PD_SPEECH_FEATURES,N/A
RandomForest,native,tqwt_minValue_dec_21,0.0014535154340392198,0.0007401125037189323,197.0,PD_SPEECH_FEATURES,N/A
RandomForest,native,app_entropy_shannon_5_coef,0.0014455825672527328,0.0008544553565353101,198.0,PD_SPEECH_FEATURES,N/A
RandomForest,native,tqwt_maxValue_dec_9,0.0014242439808552752,0.000772078903109245,199.0,PD_SPEECH_FEATURES,N/A
RandomForest,native,mean_2nd_delta,0.0014153144529615845,0.00039497562370789354,200.0,PD_SPEECH_FEATURES,N/A
RandomForest,native,tqwt_meanValue_dec_19,0.0014125102879515151,0.000690716896674231,201.0,PD_SPEECH_FEATURES,N/A
RandomForest,native,tqwt_entropy_log_dec_6,0.0014074655863469392,0.00044079247326834315,202.0,PD_SPEECH_FEATURES,N/A
RandomForest,native,mean_MFCC_6th_coef,0.001403237497136121,0.0002806291373447707,203.0,PD_SPEECH_FEATURES,N/A
RandomForest,native,tqwt_entropy_log_dec_15,0.00139713173042951,0.0011514226367668034,204.0,PD_SPEECH_FEATURES,N/A
RandomForest,native,VFER_entropy,0.0013921343735028963,0.0006376410229504068,205.0,PD_SPEECH_FEATURES,N/A
RandomForest,native,tqwt_stdValue_dec_26,0.0013904069230346052,0.0008826721533274232,206.0,PD_SPEECH_FEATURES,N/A
RandomForest,native,std_1st_delta_delta,0.0013898996369036312,0.0005663095100182499,207.0,PD_SPEECH_FEATURES,N/A
RandomForest,native,tqwt_medianValue_dec_22,0.0013894618203313257,0.000731233111474437,208.0,PD_SPEECH_FEATURES,N/A
RandomForest,native,tqwt_meanValue_dec_5,0.0013839715984183061,0.001021397650990812,209.0,PD_SPEECH_FEATURES,N/A
RandomForest,native,GNE_mean,0.0013775960155651846,0.0008114399854354407,210.0,PD_SPEECH_FEATURES,N/A
RandomForest,native,det_TKEO_mean_1_coef,0.0013760092566354614,0.0006659202392568543,211.0,PD_SPEECH_FEATURES,N/A
RandomForest,native,mean_delta_log_energy,0.0013687748110595601,0.0011805264890412917,212.0,PD_SPEECH_FEATURES,N/A
RandomForest,native,RPDE,0.0013666423180953573,0.0006209414059117293,213.0,PD_SPEECH_FEATURES,N/A
RandomForest,native,app_LT_entropy_shannon_5_coef,0.0013614199208170409,0.0012090622405866495,214.0,PD_SPEECH_FEATURES,N/A
RandomForest,native,tqwt_entropy_shannon_dec_15,0.0013579369534719471,0.0013174924963810825,215.0,PD_SPEECH_FEATURES,N/A
RandomForest,native,Ed2_1_coef,0.0013525353432997528,0.00045403319141200214,216.0,PD_SPEECH_FEATURES,N/A
RandomForest,native,det_TKEO_std_3_coef,0.0013521135227890638,0.000647706411844196,217.0,PD_SPEECH_FEATURES,N/A
RandomForest,native,mean_MFCC_8th_coef,0.0013476297959711815,0.0005625062280749549,218.0,PD_SPEECH_FEATURES,N/A
RandomForest,native,tqwt_entropy_shannon_dec_17,0.0013432118980516218,0.0011845987315591859,219.0,PD_SPEECH_FEATURES,N/A
RandomForest,native,tqwt_stdValue_dec_28,0.0013350509565653805,0.0003925771276263146,220.0,PD_SPEECH_FEATURES,N/A
RandomForest,native,tqwt_TKEO_mean_dec_26,0.0013308962769584091,0.0010204778604902239,221.0,PD_SPEECH_FEATURES,N/A
RandomForest,native,tqwt_maxValue_dec_33,0.001327625134247511,0.0007476725136889574,222.0,PD_SPEECH_FEATURES,N/A
RandomForest,native,b1,0.0013264374134539967,0.000544257309666559,223.0,PD_SPEECH_FEATURES,N/A
RandomForest,native,tqwt_minValue_dec_25,0.0013236949519380699,0.0003855489458198308,224.0,PD_SPEECH_FEATURES,N/A
RandomForest,native,det_LT_entropy_shannon_4_coef,0.0013233907711718584,0.0009478144728879358,225.0,PD_SPEECH_FEATURES,N/A
RandomForest,native,std_MFCC_9th_coef,0.001322817177360572,0.0007195799684650908,226.0,PD_SPEECH_FEATURES,N/A
RandomForest,native,tqwt_entropy_shannon_dec_1,0.0013205318711316612,0.0007541763740039348,227.0,PD_SPEECH_FEATURES,N/A
RandomForest,native,tqwt_kurtosisValue_dec_34,0.0013191013028312124,0.0005077800109795347,228.0,PD_SPEECH_FEATURES,N/A
RandomForest,native,tqwt_entropy_shannon_dec_28,0.001318805770620729,0.0004236321090878879,229.0,PD_SPEECH_FEATURES,N/A
RandomForest,native,tqwt_entropy_log_dec_8,0.0013184307139607432,0.0005806373279367373,230.0,PD_SPEECH_FEATURES,N/A
RandomForest,native,app_LT_TKEO_mean_7_coef,0.0013125054786321572,0.0009388250121053352,231.0,PD_SPEECH_FEATURES,N/A
RandomForest,native,DFA,0.0013075638666938695,0.0004644551534386397,232.0,PD_SPEECH_FEATURES,N/A
RandomForest,native,Ed_3_coef,0.0012994637330028562,0.0009572817592644271,233.0,PD_SPEECH_FEATURES,N/A
RandomForest,native,tqwt_TKEO_std_dec_25,0.0012956145017015183,0.0008448529665515518,234.0,PD_SPEECH_FEATURES,N/A
RandomForest,native,tqwt_TKEO_mean_dec_18,0.0012954188287315365,0.0007677585208391931,235.0,PD_SPEECH_FEATURES,N/A
RandomForest,native,tqwt_minValue_dec_14,0.0012948280299671675,0.0006413941424297063,236.0,PD_SPEECH_FEATURES,N/A
RandomForest,native,tqwt_energy_dec_1,0.0012941112543423704,0.00037570796078642473,237.0,PD_SPEECH_FEATURES,N/A
RandomForest,native,std_3rd_delta_delta,0.0012922978045848954,0.0003244629307937469,238.0,PD_SPEECH_FEATURES,N/A
RandomForest,native,tqwt_kurtosisValue_dec_19,0.0012816694547826465,0.0007079933585781647,239.0,PD_SPEECH_FEATURES,N/A
RandomForest,native,tqwt_TKEO_mean_dec_25,0.0012791278393312476,0.0004883222796940792,240.0,PD_SPEECH_FEATURES,N/A
RandomForest,native,tqwt_stdValue_dec_31,0.001279100846719134,0.0006804198588217728,241.0,PD_SPEECH_FEATURES,N/A
RandomForest,native,tqwt_entropy_log_dec_25,0.0012778944132036825,0.0008334054945245154,242.0,PD_SPEECH_FEATURES,N/A
RandomForest,native,tqwt_TKEO_std_dec_26,0.0012771431198433235,0.0003329055942590373,243.0,PD_SPEECH_FEATURES,N/A
RandomForest,native,tqwt_stdValue_dec_32,0.001275798244482576,0.00023454092363651969,244.0,PD_SPEECH_FEATURES,N/A
RandomForest,native,tqwt_medianValue_dec_25,0.0012732952291464924,0.0006280581898103322,245.0,PD_SPEECH_FEATURES,N/A
RandomForest,native,tqwt_minValue_dec_33,0.0012705422165262361,0.0006610281208705842,246.0,PD_SPEECH_FEATURES,N/A
RandomForest,native,f3,0.0012677478926621604,0.0001544047548580789,247.0,PD_SPEECH_FEATURES,N/A
RandomForest,native,std_MFCC_12th_coef,0.0012673927751624845,0.00013630140659629848,248.0,PD_SPEECH_FEATURES,N/A
RandomForest,native,tqwt_energy_dec_14,0.0012670363725261764,0.00037012184233467174,249.0,PD_SPEECH_FEATURES,N/A
RandomForest,native,tqwt_kurtosisValue_dec_17,0.0012659711463565437,0.0005158100706603814,250.0,PD_SPEECH_FEATURES,N/A
RandomForest,native,mean_MFCC_7th_coef,0.0012655726792969951,0.0006206093839426697,251.0,PD_SPEECH_FEATURES,N/A
RandomForest,native,tqwt_stdValue_dec_5,0.0012594962334305684,0.0012007962068640479,252.0,PD_SPEECH_FEATURES,N/A
RandomForest,native,tqwt_entropy_log_dec_5,0.0012575126146663112,0.00031721075887946237,253.0,PD_SPEECH_FEATURES,N/A
RandomForest,native,tqwt_skewnessValue_dec_28,0.0012551669993864222,0.0006962526626947137,254.0,PD_SPEECH_FEATURES,N/A
RandomForest,native,tqwt_skewnessValue_dec_27,0.00125219272803397,0.0006393735163584416,255.0,PD_SPEECH_FEATURES,N/A
RandomForest,native,std_MFCC_11th_coef,0.0012482897307809953,0.00041123122674402993,256.0,PD_SPEECH_FEATURES,N/A
RandomForest,native,tqwt_minValue_dec_5,0.0012481114117790985,0.0003545335007884646,257.0,PD_SPEECH_FEATURES,N/A
RandomForest,native,tqwt_minValue_dec_19,0.0012474024398953895,0.0010380465098851993,258.0,PD_SPEECH_FEATURES,N/A
RandomForest,native,tqwt_skewnessValue_dec_30,0.0012468324549792663,0.0004874871223236306,259.0,PD_SPEECH_FEATURES,N/A
RandomForest,native,tqwt_skewnessValue_dec_23,0.001246082275069037,0.0004814572891884872,260.0,PD_SPEECH_FEATURES,N/A
RandomForest,native,det_LT_entropy_log_3_coef,0.0012454160948359694,0.0007499301199480618,261.0,PD_SPEECH_FEATURES,N/A
RandomForest,native,tqwt_TKEO_mean_dec_27,0.0012404704497505294,0.0008925754718648687,262.0,PD_SPEECH_FEATURES,N/A
RandomForest,native,tqwt_energy_dec_31,0.0012378809342512994,0.00038534120633374906,263.0,PD_SPEECH_FEATURES,N/A
RandomForest,native,tqwt_meanValue_dec_18,0.00123598162947988,0.0003793979310030752,264.0,PD_SPEECH_FEATURES,N/A
RandomForest,native,app_LT_TKEO_std_6_coef,0.0012325672225227352,0.0008841358555417176,265.0,PD_SPEECH_FEATURES,N/A
RandomForest,native,app_entropy_shannon_7_coef,0.0012303357774510143,0.0007937353491566155,266.0,PD_SPEECH_FEATURES,N/A
RandomForest,native,tqwt_TKEO_mean_dec_1,0.0012289119146105237,0.000575572207965415,267.0,PD_SPEECH_FEATURES,N/A
RandomForest,native,tqwt_medianValue_dec_10,0.0012272672398286485,0.0005948350561646421,268.0,PD_SPEECH_FEATURES,N/A
RandomForest,native,tqwt_TKEO_mean_dec_5,0.0012256829650738382,0.0007821563378226475,269.0,PD_SPEECH_FEATURES,N/A
RandomForest,native,app_LT_TKEO_std_1_coef,0.0012247511812321084,0.0010341839555724367,270.0,PD_SPEECH_FEATURES,N/A
RandomForest,native,tqwt_energy_dec_24,0.0012210053439686843,0.00048291181708086617,271.0,PD_SPEECH_FEATURES,N/A
RandomForest,native,mean_MFCC_3rd_coef,0.0012180072770007172,0.000755371482283498,272.0,PD_SPEECH_FEATURES,N/A
RandomForest,native,IMF_SNR_SEO,0.0012158695517079032,0.0007794107367852179,273.0,PD_SPEECH_FEATURES,N/A
RandomForest,native,tqwt_maxValue_dec_27,0.0012156668901772377,0.000496633649202242,274.0,PD_SPEECH_FEATURES,N/A
RandomForest,native,tqwt_medianValue_dec_19,0.0012145874042446899,0.0008553510742437483,275.0,PD_SPEECH_FEATURES,N/A
RandomForest,native,app_entropy_shannon_1_coef,0.0012137966027629806,0.0004700397625386679,276.0,PD_SPEECH_FEATURES,N/A
RandomForest,native,app_det_TKEO_mean_5_coef,0.0012079331400779837,0.0012370070421318094,277.0,PD_SPEECH_FEATURES,N/A
RandomForest,native,tqwt_skewnessValue_dec_10,0.0012042111824317402,0.0005772606671941884,278.0,PD_SPEECH_FEATURES,N/A
RandomForest,native,tqwt_meanValue_dec_34,0.0012001062044655275,0.0004643250978063302,279.0,PD_SPEECH_FEATURES,N/A
RandomForest,native,app_LT_entropy_log_3_coef,0.001197863294413026,0.0007803230992481438,280.0,PD_SPEECH_FEATURES,N/A
RandomForest,native,tqwt_kurtosisValue_dec_32,0.0011917636730316308,0.000586482665656069,281.0,PD_SPEECH_FEATURES,N/A
RandomForest,native,det_LT_TKEO_mean_1_coef,0.0011909467870691933,0.0005227044635706251,282.0,PD_SPEECH_FEATURES,N/A
RandomForest,native,tqwt_TKEO_mean_dec_10,0.0011908922335669152,0.0004215405338864456,283.0,PD_SPEECH_FEATURES,N/A
RandomForest,native,app_entropy_shannon_3_coef,0.0011868987336314178,0.0007455822959346038,284.0,PD_SPEECH_FEATURES,N/A
RandomForest,native,tqwt_kurtosisValue_dec_12,0.0011842487064760102,0.0005727651898523507,285.0,PD_SPEECH_FEATURES,N/A
RandomForest,native,app_det_TKEO_mean_4_coef,0.0011816547827185643,0.0009099457752696926,286.0,PD_SPEECH_FEATURES,N/A
RandomForest,native,tqwt_medianValue_dec_20,0.0011798659804177763,0.00036507321931107065,287.0,PD_SPEECH_FEATURES,N/A
RandomForest,native,app_TKEO_std_7_coef,0.0011785963703465712,0.001034054828465902,288.0,PD_SPEECH_FEATURES,N/A
RandomForest,native,tqwt_kurtosisValue_dec_25,0.0011736679332279623,0.0009111602593544235,289.0,PD_SPEECH_FEATURES,N/A
RandomForest,native,app_LT_entropy_log_6_coef,0.00117362107445696,0.0009143595683828754,290.0,PD_SPEECH_FEATURES,N/A
RandomForest,native,tqwt_kurtosisValue_dec_23,0.0011703676348250888,0.00042442012412761217,291.0,PD_SPEECH_FEATURES,N/A
RandomForest,native,app_entropy_log_1_coef,0.0011701314708715195,0.00028103975215241025,292.0,PD_SPEECH_FEATURES,N/A
RandomForest,native,tqwt_skewnessValue_dec_8,0.0011653276831192735,0.0003838962526253973,293.0,PD_SPEECH_FEATURES,N/A
RandomForest,native,tqwt_skewnessValue_dec_13,0.0011502088176700148,0.0005718677537781587,294.0,PD_SPEECH_FEATURES,N/A
RandomForest,native,tqwt_meanValue_dec_32,0.0011460011064124346,0.00024039359206400737,295.0,PD_SPEECH_FEATURES,N/A
RandomForest,native,tqwt_kurtosisValue_dec_29,0.0011457586134412275,0.0004895511889797376,296.0,PD_SPEECH_FEATURES,N/A
RandomForest,native,std_MFCC_4th_coef,0.0011456519186437166,0.0008248928484806953,297.0,PD_SPEECH_FEATURES,N/A
RandomForest,native,tqwt_entropy_shannon_dec_9,0.0011432390853707147,0.00041304161330874613,298.0,PD_SPEECH_FEATURES,N/A
RandomForest,native,app_LT_TKEO_mean_9_coef,0.0011410308196276465,0.0006509803970819199,299.0,PD_SPEECH_FEATURES,N/A
RandomForest,native,tqwt_energy_dec_35,0.0011390506843941563,0.0004321511723451968,300.0,PD_SPEECH_FEATURES,N/A
RandomForest,native,tqwt_meanValue_dec_21,0.001138329063821044,0.0005912834032952256,301.0,PD_SPEECH_FEATURES,N/A
RandomForest,native,tqwt_meanValue_dec_6,0.0011364700052361365,0.0002147305612667141,302.0,PD_SPEECH_FEATURES,N/A
RandomForest,native,tqwt_TKEO_mean_dec_24,0.0011353863312407269,0.0003395515345580183,303.0,PD_SPEECH_FEATURES,N/A
RandomForest,native,b2,0.00113520287769501,0.0006178765393844677,304.0,PD_SPEECH_FEATURES,N/A
RandomForest,native,app_LT_entropy_shannon_9_coef,0.0011322774407134706,0.0005758787702925424,305.0,PD_SPEECH_FEATURES,N/A
RandomForest,native,numPeriodsPulses,0.0011319974210430074,0.0006230981455898058,306.0,PD_SPEECH_FEATURES,N/A
RandomForest,native,tqwt_TKEO_std_dec_22,0.001129886723166262,0.0004926705989148494,307.0,PD_SPEECH_FEATURES,N/A
RandomForest,native,tqwt_TKEO_mean_dec_31,0.0011245169996255146,0.0005010636549051361,308.0,PD_SPEECH_FEATURES,N/A
RandomForest,native,tqwt_TKEO_std_dec_21,0.0011200915024103674,0.0007971196258833338,309.0,PD_SPEECH_FEATURES,N/A
RandomForest,native,tqwt_energy_dec_3,0.0011174237356476398,0.0010010054611020772,310.0,PD_SPEECH_FEATURES,N/A
RandomForest,native,tqwt_minValue_dec_8,0.001117408534912765,0.0004028027152788584,311.0,PD_SPEECH_FEATURES,N/A
RandomForest,native,f4,0.0011173845489712967,0.0003876427108570326,312.0,PD_SPEECH_FEATURES,N/A
RandomForest,native,tqwt_medianValue_dec_5,0.0011161379841347027,0.0005347411456418582,313.0,PD_SPEECH_FEATURES,N/A
RandomForest,native,tqwt_minValue_dec_26,0.0011111506119260532,0.0006346052241586318,314.0,PD_SPEECH_FEATURES,N/A
RandomForest,native,tqwt_TKEO_std_dec_32,0.0011109605118432547,0.00041388396630416167,315.0,PD_SPEECH_FEATURES,N/A
RandomForest,native,std_MFCC_10th_coef,0.0011097960845955815,0.00047197836994059217,316.0,PD_SPEECH_FEATURES,N/A
RandomForest,native,tqwt_TKEO_mean_dec_21,0.0011075289346540822,0.0004039998479976355,317.0,PD_SPEECH_FEATURES,N/A
RandomForest,native,tqwt_TKEO_mean_dec_7,0.0011065313315674157,0.0008831766576113371,318.0,PD_SPEECH_FEATURES,N/A
RandomForest,native,tqwt_entropy_shannon_dec_10,0.0011063540062465386,0.0003126442045675722,319.0,PD_SPEECH_FEATURES,N/A
RandomForest,native,tqwt_entropy_shannon_dec_25,0.0011047431114100908,0.0003192129929054268,320.0,PD_SPEECH_FEATURES,N/A
RandomForest,native,tqwt_skewnessValue_dec_24,0.001103977756954334,0.0004734754651598204,321.0,PD_SPEECH_FEATURES,N/A
RandomForest,native,std_MFCC_1st_coef,0.0010931765183485127,0.00030733655844433213,322.0,PD_SPEECH_FEATURES,N/A
RandomForest,native,tqwt_maxValue_dec_4,0.0010906402045167273,0.0004371002815059236,323.0,PD_SPEECH_FEATURES,N/A
RandomForest,native,tqwt_medianValue_dec_18,0.0010881173591433281,0.0006264207534383853,324.0,PD_SPEECH_FEATURES,N/A
RandomForest,native,tqwt_skewnessValue_dec_11,0.0010861764314457456,0.0004941299942524364,325.0,PD_SPEECH_FEATURES,N/A
RandomForest,native,app_entropy_shannon_8_coef,0.001081520965591855,0.000725320900895537,326.0,PD_SPEECH_FEATURES,N/A
RandomForest,native,std_delta_delta_0th,0.0010790052701681325,0.000687154851471261,327.0,PD_SPEECH_FEATURES,N/A
RandomForest,native,app_TKEO_std_9_coef,0.0010774059091545787,0.0006959518619191975,328.0,PD_SPEECH_FEATURES,N/A
RandomForest,native,IMF_NSR_SEO,0.0010754309013878895,0.00060047489979584,329.0,PD_SPEECH_FEATURES,N/A
RandomForest,native,f2,0.0010726120559358067,0.0007909202045901943,330.0,PD_SPEECH_FEATURES,N/A
RandomForest,native,tqwt_kurtosisValue_dec_30,0.0010699925187336284,0.0003004247341066727,331.0,PD_SPEECH_FEATURES,N/A
RandomForest,native,det_LT_TKEO_mean_6_coef,0.001069500220142337,0.0006476057892897391,332.0,PD_SPEECH_FEATURES,N/A
RandomForest,native,tqwt_minValue_dec_35,0.001069313446156152,0.0010192826776815088,333.0,PD_SPEECH_FEATURES,N/A
RandomForest,native,tqwt_stdValue_dec_1,0.0010675826870926034,0.0004981369029818274,334.0,PD_SPEECH_FEATURES,N/A
RandomForest,native,IMF_NSR_TKEO,0.001066497253089022,0.00024137973280853996,335.0,PD_SPEECH_FEATURES,N/A
RandomForest,native,tqwt_maxValue_dec_8,0.0010638885479267782,0.000698684044246809,336.0,PD_SPEECH_FEATURES,N/A
RandomForest,native,tqwt_entropy_log_dec_21,0.0010623656091763192,0.0006492798453750872,337.0,PD_SPEECH_FEATURES,N/A
RandomForest,native,tqwt_maxValue_dec_34,0.0010574134473112047,0.0007338255564945375,338.0,PD_SPEECH_FEATURES,N/A
RandomForest,native,tqwt_maxValue_dec_28,0.0010554798886638272,0.0003658305539695776,339.0,PD_SPEECH_FEATURES,N/A
RandomForest,native,app_det_TKEO_mean_10_coef,0.001051891748754462,0.000819615110803178,340.0,PD_SPEECH_FEATURES,N/A
RandomForest,native,tqwt_energy_dec_16,0.0010512184318896484,0.0008272796822665908,341.0,PD_SPEECH_FEATURES,N/A
RandomForest,native,app_TKEO_std_2_coef,0.0010469630437663815,0.0003889156931919818,342.0,PD_SPEECH_FEATURES,N/A
RandomForest,native,tqwt_TKEO_std_dec_28,0.0010459581677173125,0.0008286305261527968,343.0,PD_SPEECH_FEATURES,N/A
RandomForest,native,app_LT_entropy_shannon_7_coef,0.0010420962035140482,0.000749497896671468,344.0,PD_SPEECH_FEATURES,N/A
RandomForest,native,std_5th_delta_delta,0.0010410222684398372,0.0004961339613192797,345.0,PD_SPEECH_FEATURES,N/A
RandomForest,native,mean_7th_delta,0.0010393174368565276,0.0008112536302614232,346.0,PD_SPEECH_FEATURES,N/A
RandomForest,native,tqwt_meanValue_dec_16,0.0010378916518164977,0.0006979290499158847,347.0,PD_SPEECH_FEATURES,N/A
RandomForest,native,mean_3rd_delta_delta,0.0010352536507460812,0.0004495600420209807,348.0,PD_SPEECH_FEATURES,N/A
RandomForest,native,std_2nd_delta_delta,0.0010278307276890047,0.0002702001068567992,349.0,PD_SPEECH_FEATURES,N/A
RandomForest,native,tqwt_maxValue_dec_26,0.0010238216168159647,0.0005530387140117946,350.0,PD_SPEECH_FEATURES,N/A
RandomForest,native,det_LT_TKEO_mean_5_coef,0.0010237182996537806,0.0003981325209028909,351.0,PD_SPEECH_FEATURES,N/A
RandomForest,native,tqwt_TKEO_std_dec_34,0.0010189421947190134,0.000815107542481319,352.0,PD_SPEECH_FEATURES,N/A
RandomForest,native,det_entropy_shannon_3_coef,0.0010152429128860183,0.0005555828908934948,353.0,PD_SPEECH_FEATURES,N/A
RandomForest,native,tqwt_maxValue_dec_21,0.0010151142600126491,0.0007696620688023592,354.0,PD_SPEECH_FEATURES,N/A
RandomForest,native,tqwt_TKEO_std_dec_17,0.0010139751403644324,0.0002536535153666332,355.0,PD_SPEECH_FEATURES,N/A
RandomForest,native,tqwt_skewnessValue_dec_29,0.0010129254446603869,0.0004498846958468335,356.0,PD_SPEECH_FEATURES,N/A
RandomForest,native,tqwt_skewnessValue_dec_16,0.0010116102629493002,0.0006267893434552124,357.0,PD_SPEECH_FEATURES,N/A
RandomForest,native,std_MFCC_5th_coef,0.0010095699651155384,0.0008222446082161386,358.0,PD_SPEECH_FEATURES,N/A
RandomForest,native,tqwt_meanValue_dec_15,0.0010089286415170095,0.00023987536256466852,359.0,PD_SPEECH_FEATURES,N/A
RandomForest,native,std_1st_delta,0.0010077777985966982,0.00040348374937608804,360.0,PD_SPEECH_FEATURES,N/A
RandomForest,native,tqwt_TKEO_std_dec_4,0.0010052880903795975,0.00076999884863062,361.0,PD_SPEECH_FEATURES,N/A
RandomForest,native,VFER_NSR_SEO,0.001002745130268512,0.0007419313892441475,362.0,PD_SPEECH_FEATURES,N/A
RandomForest,native,app_entropy_log_10_coef,0.001000432224787171,0.0009203039183192104,363.0,PD_SPEECH_FEATURES,N/A
RandomForest,native,tqwt_medianValue_dec_17,0.0009976979836257708,0.00047284062504020707,364.0,PD_SPEECH_FEATURES,N/A
RandomForest,native,app_LT_entropy_log_1_coef,0.0009952402776943852,0.0011682501953897127,365.0,PD_SPEECH_FEATURES,N/A
RandomForest,native,tqwt_TKEO_mean_dec_28,0.0009949017750146383,0.0005045769533565768,366.0,PD_SPEECH_FEATURES,N/A
RandomForest,native,det_TKEO_mean_2_coef,0.0009946770336964714,0.0009973281303148397,367.0,PD_SPEECH_FEATURES,N/A
RandomForest,native,tqwt_medianValue_dec_3,0.0009941548938485398,0.0002174932258934683,368.0,PD_SPEECH_FEATURES,N/A
RandomForest,native,std_MFCC_6th_coef,0.000993389626460285,0.00039386040722623315,369.0,PD_SPEECH_FEATURES,N/A
RandomForest,native,tqwt_meanValue_dec_10,0.0009929948259053774,0.00018988290550564816,370.0,PD_SPEECH_FEATURES,N/A
RandomForest,native,maxIntensity,0.0009897844123018585,0.0005752466103111124,371.0,PD_SPEECH_FEATURES,N/A
RandomForest,native,tqwt_entropy_log_dec_2,0.000989303564174497,0.00040570197697205004,372.0,PD_SPEECH_FEATURES,N/A
RandomForest,native,app_LT_entropy_log_10_coef,0.0009839018515908895,0.0010256654457869746,373.0,PD_SPEECH_FEATURES,N/A
RandomForest,native,std_0th_delta,0.0009827936761656493,0.0006791363177529981,374.0,PD_SPEECH_FEATURES,N/A
RandomForest,native,tqwt_energy_dec_32,0.0009818157944617505,0.0004495339033246614,375.0,PD_SPEECH_FEATURES,N/A
RandomForest,native,tqwt_entropy_shannon_dec_5,0.0009793689341774136,0.0007505083876529058,376.0,PD_SPEECH_FEATURES,N/A
RandomForest,native,tqwt_TKEO_std_dec_27,0.0009789674857320877,0.0007938348780803446,377.0,PD_SPEECH_FEATURES,N/A
RandomForest,native,tqwt_TKEO_std_dec_33,0.00097457336499563,0.0009629863348086241,378.0,PD_SPEECH_FEATURES,N/A
RandomForest,native,det_entropy_log_3_coef,0.0009692975233448146,0.0005675800585216642,379.0,PD_SPEECH_FEATURES,N/A
RandomForest,native,mean_12th_delta,0.0009623943821125486,0.0005636687817031928,380.0,PD_SPEECH_FEATURES,N/A
RandomForest,native,tqwt_entropy_log_dec_18,0.0009611994259065799,0.0005304273319437846,381.0,PD_SPEECH_FEATURES,N/A
RandomForest,native,tqwt_medianValue_dec_14,0.00096085489055582,0.0004226901469597509,382.0,PD_SPEECH_FEATURES,N/A
RandomForest,native,tqwt_minValue_dec_34,0.0009593294759748881,0.0004291064219634732,383.0,PD_SPEECH_FEATURES,N/A
RandomForest,native,IMF_SNR_entropy,0.0009591801807463076,0.0004929802884310058,384.0,PD_SPEECH_FEATURES,N/A
RandomForest,native,app_entropy_log_6_coef,0.0009590761174742259,0.0008046087161644772,385.0,PD_SPEECH_FEATURES,N/A
RandomForest,native,det_LT_entropy_log_5_coef,0.00095287769918733,0.00034177115676004526,386.0,PD_SPEECH_FEATURES,N/A
RandomForest,native,meanIntensity,0.0009505756606814113,0.0004797020471989048,387.0,PD_SPEECH_FEATURES,N/A
RandomForest,native,app_TKEO_std_6_coef,0.0009497011790613902,0.0012284048664758878,388.0,PD_SPEECH_FEATURES,N/A
RandomForest,native,tqwt_minValue_dec_31,0.0009494781177976219,0.0004699200332404296,389.0,PD_SPEECH_FEATURES,N/A
RandomForest,native,app_LT_entropy_log_8_coef,0.0009469809866936383,0.001004051291872867,390.0,PD_SPEECH_FEATURES,N/A
RandomForest,native,tqwt_maxValue_dec_16,0.0009455541257918577,0.0007907854662886068,391.0,PD_SPEECH_FEATURES,N/A
RandomForest,native,tqwt_minValue_dec_9,0.0009432914394939262,0.00032602531349648395,392.0,PD_SPEECH_FEATURES,N/A
RandomForest,native,mean_delta_delta_0th,0.0009416149959340762,0.00042946545359718533,393.0,PD_SPEECH_FEATURES,N/A
RandomForest,native,std_MFCC_2nd_coef,0.0009390600906206048,0.0006526828279576812,394.0,PD_SPEECH_FEATURES,N/A
RandomForest,native,Ed2_4_coef,0.0009382843650941707,0.0005971642031014242,395.0,PD_SPEECH_FEATURES,N/A
RandomForest,native,tqwt_energy_dec_17,0.0009382156686221265,0.0005256706832364663,396.0,PD_SPEECH_FEATURES,N/A
RandomForest,native,tqwt_medianValue_dec_12,0.0009378113486555419,0.0008617329101411295,397.0,PD_SPEECH_FEATURES,N/A
RandomForest,native,tqwt_medianValue_dec_8,0.0009350263320554662,0.0004732134293714221,398.0,PD_SPEECH_FEATURES,N/A
RandomForest,native,tqwt_meanValue_dec_13,0.0009336289656032476,0.0002980366004321642,399.0,PD_SPEECH_FEATURES,N/A
RandomForest,native,tqwt_kurtosisValue_dec_4,0.0009309241357916539,0.00045997014745660295,400.0,PD_SPEECH_FEATURES,N/A
RandomForest,native,tqwt_stdValue_dec_23,0.0009297631705029164,0.00039543362999206025,401.0,PD_SPEECH_FEATURES,N/A
RandomForest,native,mean_10th_delta,0.0009263242387326611,0.0001950680142718724,402.0,PD_SPEECH_FEATURES,N/A
RandomForest,native,tqwt_maxValue_dec_32,0.0009246083640932325,0.0004993166470382734,403.0,PD_SPEECH_FEATURES,N/A
RandomForest,native,app_LT_entropy_shannon_6_coef,0.0009211576565003911,0.0007921672876912362,404.0,PD_SPEECH_FEATURES,N/A
RandomForest,native,tqwt_energy_dec_8,0.0009181935818134577,0.0004452573056862764,405.0,PD_SPEECH_FEATURES,N/A
RandomForest,native,tqwt_meanValue_dec_17,0.0009157557598122862,0.0005061346336691553,406.0,PD_SPEECH_FEATURES,N/A
RandomForest,native,tqwt_medianValue_dec_23,0.0009137929492657954,0.0007162090985354731,407.0,PD_SPEECH_FEATURES,N/A
RandomForest,native,Ed_6_coef,0.0009136427284608383,0.00037738711786015954,408.0,PD_SPEECH_FEATURES,N/A
RandomForest,native,tqwt_minValue_dec_4,0.0009095249880929311,0.0005129839725644287,409.0,PD_SPEECH_FEATURES,N/A
RandomForest,native,ddaShimmer,0.000907953704553759,0.0008684085199768978,410.0,PD_SPEECH_FEATURES,N/A
RandomForest,native,tqwt_medianValue_dec_7,0.0009018441507833887,0.00038643059699600135,411.0,PD_SPEECH_FEATURES,N/A
RandomForest,native,tqwt_stdValue_dec_8,0.0009013792927478777,0.00041695622674870706,412.0,PD_SPEECH_FEATURES,N/A
RandomForest,native,det_entropy_log_6_coef,0.0009012774873540106,0.0002689281508976155,413.0,PD_SPEECH_FEATURES,N/A
RandomForest,native,Ed_5_coef,0.0008970921206983256,0.0004416709303818425,414.0,PD_SPEECH_FEATURES,N/A
RandomForest,native,tqwt_meanValue_dec_31,0.0008964936369206304,0.00071861691100228,415.0,PD_SPEECH_FEATURES,N/A
RandomForest,native,tqwt_meanValue_dec_4,0.0008950249086654722,0.000426494149903324,416.0,PD_SPEECH_FEATURES,N/A
RandomForest,native,mean_MFCC_5th_coef,0.0008950162714195048,0.0005673002969168933,417.0,PD_SPEECH_FEATURES,N/A
RandomForest,native,tqwt_stdValue_dec_4,0.0008898274388521385,0.0003505778405944504,418.0,PD_SPEECH_FEATURES,N/A
RandomForest,native,tqwt_meanValue_dec_28,0.0008896050451781626,0.00037658816915346746,419.0,PD_SPEECH_FEATURES,N/A
RandomForest,native,tqwt_energy_dec_21,0.0008887404579953784,0.00039433813273586385,420.0,PD_SPEECH_FEATURES,N/A
RandomForest,native,tqwt_minValue_dec_20,0.0008840252770506063,0.0006741676602474754,421.0,PD_SPEECH_FEATURES,N/A
RandomForest,native,tqwt_TKEO_mean_dec_3,0.0008835693587990884,0.00047194972039146663,422.0,PD_SPEECH_FEATURES,N/A
RandomForest,native,tqwt_skewnessValue_dec_9,0.0008826652297234232,0.0003199659413234837,423.0,PD_SPEECH_FEATURES,N/A
RandomForest,native,b3,0.0008805684598815715,0.000398598294365737,424.0,PD_SPEECH_FEATURES,N/A
RandomForest,native,det_entropy_log_5_coef,0.0008804531215934463,0.0004577548710870723,425.0,PD_SPEECH_FEATURES,N/A
RandomForest,native,app_det_TKEO_mean_7_coef,0.0008795016502358662,0.0004623571761887356,426.0,PD_SPEECH_FEATURES,N/A
RandomForest,native,tqwt_kurtosisValue_dec_9,0.0008786663023233901,0.0005437573422264818,427.0,PD_SPEECH_FEATURES,N/A
RandomForest,native,tqwt_maxValue_dec_25,0.0008776435251239525,0.0007868693184846388,428.0,PD_SPEECH_FEATURES,N/A
RandomForest,native,tqwt_meanValue_dec_35,0.0008762589142116056,0.00044057831281529283,429.0,PD_SPEECH_FEATURES,N/A
RandomForest,native,mean_3rd_delta,0.0008752492424279473,0.0004716521827985668,430.0,PD_SPEECH_FEATURES,N/A
RandomForest,native,tqwt_kurtosisValue_dec_21,0.0008750996710927807,0.0005399526547412636,431.0,PD_SPEECH_FEATURES,N/A
RandomForest,native,std_MFCC_3rd_coef,0.0008720701983927943,0.0003598760479323313,432.0,PD_SPEECH_FEATURES,N/A
RandomForest,native,VFER_mean,0.0008715279608625221,0.00044538516683197593,433.0,PD_SPEECH_FEATURES,N/A
RandomForest,native,tqwt_stdValue_dec_2,0.0008699844379151297,0.000502126478414899,434.0,PD_SPEECH_FEATURES,N/A
RandomForest,native,tqwt_minValue_dec_29,0.0008671033651217205,0.0005770260073056019,435.0,PD_SPEECH_FEATURES,N/A
RandomForest,native,tqwt_entropy_shannon_dec_21,0.000866622774319298,0.0005221823166983425,436.0,PD_SPEECH_FEATURES,N/A
RandomForest,native,mean_0th_delta,0.0008626214873530592,0.0001839591670565979,437.0,PD_SPEECH_FEATURES,N/A
RandomForest,native,tqwt_TKEO_std_dec_9,0.0008605625048223016,0.0004952514341054395,438.0,PD_SPEECH_FEATURES,N/A
RandomForest,native,mean_Log_energy,0.0008581949545314056,0.0004961316421935757,439.0,PD_SPEECH_FEATURES,N/A
RandomForest,native,tqwt_stdValue_dec_15,0.000857769736890453,0.0002752868967037351,440.0,PD_SPEECH_FEATURES,N/A
RandomForest,native,app_det_TKEO_mean_3_coef,0.0008560729396926536,0.000385461160766533,441.0,PD_SPEECH_FEATURES,N/A
RandomForest,native,tqwt_meanValue_dec_12,0.0008558383411725798,0.0003154107129167967,442.0,PD_SPEECH_FEATURES,N/A
RandomForest,native,tqwt_stdValue_dec_10,0.0008537384916095642,0.0006346051933162033,443.0,PD_SPEECH_FEATURES,N/A
RandomForest,native,tqwt_TKEO_std_dec_35,0.0008518297832946992,0.0007230149907765141,444.0,PD_SPEECH_FEATURES,N/A
RandomForest,native,app_LT_entropy_log_2_coef,0.0008508049751853533,0.0005645203280679273,445.0,PD_SPEECH_FEATURES,N/A
RandomForest,native,tqwt_minValue_dec_32,0.0008476542176846606,0.00042744918683065,446.0,PD_SPEECH_FEATURES,N/A
RandomForest,native,tqwt_energy_dec_28,0.0008364375567543148,0.0005935096551724453,447.0,PD_SPEECH_FEATURES,N/A
RandomForest,native,tqwt_entropy_shannon_dec_29,0.0008362260172994215,0.0007476622827056569,448.0,PD_SPEECH_FEATURES,N/A
RandomForest,native,mean_5th_delta,0.0008349179467052211,0.0003762335008702195,449.0,PD_SPEECH_FEATURES,N/A
RandomForest,native,tqwt_entropy_shannon_dec_18,0.0008347092349571235,0.0002037132705578054,450.0,PD_SPEECH_FEATURES,N/A
RandomForest,native,tqwt_medianValue_dec_11,0.0008342353571559769,0.0004028623171558616,451.0,PD_SPEECH_FEATURES,N/A
RandomForest,native,mean_1st_delta,0.0008303638656040446,0.00029217464027460533,452.0,PD_SPEECH_FEATURES,N/A
RandomForest,native,det_LT_TKEO_std_3_coef,0.000827912447376682,0.0005704826306321123,453.0,PD_SPEECH_FEATURES,N/A
RandomForest,native,app_entropy_log_4_coef,0.0008278197736454575,0.0008652289674707239,454.0,PD_SPEECH_FEATURES,N/A
RandomForest,native,app_det_TKEO_mean_2_coef,0.0008277965456533698,0.0004331325946668167,455.0,PD_SPEECH_FEATURES,N/A
RandomForest,native,tqwt_skewnessValue_dec_36,0.00082722681126954,0.00026481138354047916,456.0,PD_SPEECH_FEATURES,N/A
RandomForest,native,tqwt_entropy_log_dec_7,0.0008236332887315175,0.0006427495751603043,457.0,PD_SPEECH_FEATURES,N/A
RandomForest,native,tqwt_TKEO_mean_dec_4,0.0008227671596656244,0.0005653755361191174,458.0,PD_SPEECH_FEATURES,N/A
RandomForest,native,det_entropy_log_7_coef,0.0008199715849549948,0.00048407246783284283,459.0,PD_SPEECH_FEATURES,N/A
RandomForest,native,det_entropy_log_2_coef,0.0008196652547200235,0.0005106854039564034,460.0,PD_SPEECH_FEATURES,N/A
RandomForest,native,app_LT_TKEO_mean_5_coef,0.0008182578948490859,0.0005363313930673687,461.0,PD_SPEECH_FEATURES,N/A
RandomForest,native,tqwt_skewnessValue_dec_15,0.0008182094561758248,0.0005724077220560718,462.0,PD_SPEECH_FEATURES,N/A
RandomForest,native,app_entropy_shannon_10_coef,0.0008169548457663264,0.00046148444298476726,463.0,PD_SPEECH_FEATURES,N/A
RandomForest,native,tqwt_entropy_shannon_dec_22,0.0008120006345759524,0.00034021592607551114,464.0,PD_SPEECH_FEATURES,N/A
RandomForest,native,app_det_TKEO_mean_9_coef,0.0008046597103031763,0.0007698452917272006,465.0,PD_SPEECH_FEATURES,N/A
RandomForest,native,tqwt_meanValue_dec_3,0.0008046460771146654,0.0005239253560915496,466.0,PD_SPEECH_FEATURES,N/A
RandomForest,native,tqwt_entropy_log_dec_36,0.0008044813614419709,0.0005595101389411396,467.0,PD_SPEECH_FEATURES,N/A
RandomForest,native,tqwt_energy_dec_4,0.0008039340725789032,0.00045824794272629043,468.0,PD_SPEECH_FEATURES,N/A
RandomForest,native,tqwt_TKEO_mean_dec_9,0.0008024784452736374,0.000489582107252273,469.0,PD_SPEECH_FEATURES,N/A
RandomForest,native,tqwt_maxValue_dec_23,0.0008016001496824763,0.0003790068607302836,470.0,PD_SPEECH_FEATURES,N/A
RandomForest,native,tqwt_meanValue_dec_1,0.0008007079423211792,0.0003345894887313676,471.0,PD_SPEECH_FEATURES,N/A
RandomForest,native,tqwt_meanValue_dec_26,0.0007997958867721734,0.00042076202686600403,472.0,PD_SPEECH_FEATURES,N/A
RandomForest,native,tqwt_medianValue_dec_6,0.0007995651488264365,0.00021521910801080912,473.0,PD_SPEECH_FEATURES,N/A
RandomForest,native,tqwt_TKEO_std_dec_24,0.0007982076491334729,0.00028226812296494087,474.0,PD_SPEECH_FEATURES,N/A
RandomForest,native,app_LT_TKEO_mean_6_coef,0.0007976936337165264,0.0007752940609698094,475.0,PD_SPEECH_FEATURES,N/A
RandomForest,native,stdDevPeriodPulses,0.0007976916302928159,0.0001727403331750049,476.0,PD_SPEECH_FEATURES,N/A
RandomForest,native,app_LT_entropy_log_4_coef,0.0007975144634085523,0.0009097320702433981,477.0,PD_SPEECH_FEATURES,N/A
RandomForest,native,app_LT_TKEO_std_10_coef,0.0007958408823043123,0.0001931818271079129,478.0,PD_SPEECH_FEATURES,N/A
RandomForest,native,VFER_std,0.00079532175051283,0.0004497434283320968,479.0,PD_SPEECH_FEATURES,N/A
RandomForest,native,Ed2_3_coef,0.0007946617269343068,0.0006948851766437789,480.0,PD_SPEECH_FEATURES,N/A
RandomForest,native,tqwt_entropy_shannon_dec_23,0.0007944215407654399,0.00016498453760289638,481.0,PD_SPEECH_FEATURES,N/A
RandomForest,native,tqwt_entropy_shannon_dec_27,0.0007911526481808075,0.0007645463504567014,482.0,PD_SPEECH_FEATURES,N/A
RandomForest,native,tqwt_skewnessValue_dec_32,0.0007892942512733182,0.00046183691498033464,483.0,PD_SPEECH_FEATURES,N/A
RandomForest,native,tqwt_skewnessValue_dec_17,0.0007878848146529591,0.0005673399888981179,484.0,PD_SPEECH_FEATURES,N/A
RandomForest,native,tqwt_skewnessValue_dec_33,0.0007870779953438288,0.0004018985666615374,485.0,PD_SPEECH_FEATURES,N/A
RandomForest,native,tqwt_maxValue_dec_5,0.0007865112497972996,0.0002797262405767729,486.0,PD_SPEECH_FEATURES,N/A
RandomForest,native,app_TKEO_std_8_coef,0.0007837242634433524,0.0004697321706365362,487.0,PD_SPEECH_FEATURES,N/A
RandomForest,native,app_entropy_log_2_coef,0.0007828620917962072,0.00043873612633418634,488.0,PD_SPEECH_FEATURES,N/A
RandomForest,native,tqwt_maxValue_dec_35,0.0007823875303922406,0.0003002756191381157,489.0,PD_SPEECH_FEATURES,N/A
RandomForest,native,tqwt_entropy_shannon_dec_4,0.000774066674647518,0.0009612140802671715,490.0,PD_SPEECH_FEATURES,N/A
RandomForest,native,det_LT_entropy_shannon_6_coef,0.0007739604947580593,0.0002900927869520586,491.0,PD_SPEECH_FEATURES,N/A
RandomForest,native,mean_delta_delta_log_energy,0.0007729776321276442,0.0004633212730846184,492.0,PD_SPEECH_FEATURES,N/A
RandomForest,native,det_LT_TKEO_std_4_coef,0.000772165320108806,0.0008329951759840731,493.0,PD_SPEECH_FEATURES,N/A
RandomForest,native,mean_11th_delta_delta,0.000770099256921038,0.0005535652346423169,494.0,PD_SPEECH_FEATURES,N/A
RandomForest,native,tqwt_entropy_log_dec_29,0.0007665095188978778,0.0003777954394326263,495.0,PD_SPEECH_FEATURES,N/A
RandomForest,native,VFER_SNR_TKEO,0.0007663629931208016,0.00029614249432309347,496.0,PD_SPEECH_FEATURES,N/A
RandomForest,native,det_LT_TKEO_std_6_coef,0.0007661476218319872,0.00044994662708897363,497.0,PD_SPEECH_FEATURES,N/A
RandomForest,native,tqwt_TKEO_mean_dec_22,0.0007633868357591177,0.0003416269033398296,498.0,PD_SPEECH_FEATURES,N/A
RandomForest,native,Ed_2_coef,0.0007606905907305763,0.00040968687844279884,499.0,PD_SPEECH_FEATURES,N/A
RandomForest,native,tqwt_medianValue_dec_24,0.0007598734189668353,0.0003190549677695012,500.0,PD_SPEECH_FEATURES,N/A
RandomForest,native,tqwt_medianValue_dec_9,0.0007598155558211405,0.00029912395405691484,501.0,PD_SPEECH_FEATURES,N/A
RandomForest,native,IMF_SNR_TKEO,0.0007574762118508473,0.0004380192039443993,502.0,PD_SPEECH_FEATURES,N/A
RandomForest,native,tqwt_kurtosisValue_dec_24,0.0007569568464590099,0.0004941314630930084,503.0,PD_SPEECH_FEATURES,N/A
RandomForest,native,Ed_8_coef,0.0007562176738615054,0.00024879019496530126,504.0,PD_SPEECH_FEATURES,N/A
RandomForest,native,app_det_TKEO_mean_6_coef,0.0007553700623235284,0.0007295124058885636,505.0,PD_SPEECH_FEATURES,N/A
RandomForest,native,tqwt_medianValue_dec_29,0.0007513246298085186,0.0004958424411310306,506.0,PD_SPEECH_FEATURES,N/A
RandomForest,native,Ed_7_coef,0.000748166991775644,0.0007112704743749794,507.0,PD_SPEECH_FEATURES,N/A
RandomForest,native,tqwt_medianValue_dec_27,0.0007472032818910788,0.0003357921030416297,508.0,PD_SPEECH_FEATURES,N/A
RandomForest,native,tqwt_entropy_log_dec_22,0.0007466376135831382,0.0004281738455601837,509.0,PD_SPEECH_FEATURES,N/A
RandomForest,native,tqwt_kurtosisValue_dec_13,0.0007456451749018734,0.0004370339370952385,510.0,PD_SPEECH_FEATURES,N/A
RandomForest,native,tqwt_energy_dec_20,0.0007403276792663796,0.0007740758381293381,511.0,PD_SPEECH_FEATURES,N/A
RandomForest,native,tqwt_TKEO_std_dec_36,0.0007376745384113223,0.0002897090998195295,512.0,PD_SPEECH_FEATURES,N/A
RandomForest,native,tqwt_TKEO_mean_dec_2,0.000737128063398472,0.0004141111029349871,513.0,PD_SPEECH_FEATURES,N/A
RandomForest,native,apq5Shimmer,0.0007324204824996569,0.0005072855165481416,514.0,PD_SPEECH_FEATURES,N/A
RandomForest,native,app_LT_entropy_shannon_4_coef,0.0007300313675011809,0.0003815230575304945,515.0,PD_SPEECH_FEATURES,N/A
RandomForest,native,app_LT_entropy_shannon_3_coef,0.0007288393455512961,0.00017926639980107888,516.0,PD_SPEECH_FEATURES,N/A
RandomForest,native,meanHarmToNoiseHarmonicity,0.0007286300637567824,0.0005929172226356213,517.0,PD_SPEECH_FEATURES,N/A
RandomForest,native,det_LT_entropy_shannon_9_coef,0.0007247419932395799,0.0004742039939648975,518.0,PD_SPEECH_FEATURES,N/A
RandomForest,native,mean_6th_delta,0.0007245744063231607,0.0002999946406229674,519.0,PD_SPEECH_FEATURES,N/A
RandomForest,native,tqwt_stdValue_dec_30,0.0007225180491885442,0.00027260733919682765,520.0,PD_SPEECH_FEATURES,N/A
RandomForest,native,tqwt_entropy_shannon_dec_8,0.0007206092136735615,0.00045086056944482444,521.0,PD_SPEECH_FEATURES,N/A
RandomForest,native,app_det_TKEO_mean_1_coef,0.0007195322547849404,0.00051258947518642,522.0,PD_SPEECH_FEATURES,N/A
RandomForest,native,tqwt_entropy_shannon_dec_24,0.0007182566393542575,0.0007069199468246998,523.0,PD_SPEECH_FEATURES,N/A
RandomForest,native,VFER_SNR_SEO,0.0007176171842161411,0.0004509060978835212,524.0,PD_SPEECH_FEATURES,N/A
RandomForest,native,tqwt_medianValue_dec_15,0.0007166903681251735,0.00031313555694903054,525.0,PD_SPEECH_FEATURES,N/A
RandomForest,native,mean_2nd_delta_delta,0.0007158460598475737,0.0003490949825949769,526.0,PD_SPEECH_FEATURES,N/A
RandomForest,native,tqwt_skewnessValue_dec_1,0.0007090142144571379,0.00046258380263177785,527.0,PD_SPEECH_FEATURES,N/A
RandomForest,native,meanAutoCorrHarmonicity,0.0007090020100924384,0.00026243702048319226,528.0,PD_SPEECH_FEATURES,N/A
RandomForest,native,tqwt_maxValue_dec_20,0.0007076500337573749,0.0006364048576070198,529.0,PD_SPEECH_FEATURES,N/A
RandomForest,native,mean_MFCC_0th_coef,0.0007075676823354395,0.00043427183590210043,530.0,PD_SPEECH_FEATURES,N/A
RandomForest,native,mean_7th_delta_delta,0.0007071344563320489,0.00032778797438359514,531.0,PD_SPEECH_FEATURES,N/A
RandomForest,native,det_LT_entropy_log_2_coef,0.0007015259357147855,0.0004957418779272549,532.0,PD_SPEECH_FEATURES,N/A
RandomForest,native,tqwt_stdValue_dec_29,0.0006999107288043524,0.0005787787394210779,533.0,PD_SPEECH_FEATURES,N/A
RandomForest,native,tqwt_maxValue_dec_24,0.0006998777259778873,0.0002892267921141652,534.0,PD_SPEECH_FEATURES,N/A
RandomForest,native,Ed2_5_coef,0.0006955744044705693,0.00044628118855294743,535.0,PD_SPEECH_FEATURES,N/A
RandomForest,native,tqwt_maxValue_dec_6,0.0006945595886961312,0.0005588995867819831,536.0,PD_SPEECH_FEATURES,N/A
RandomForest,native,det_entropy_shannon_5_coef,0.0006929051863290329,0.0006525973582312376,537.0,PD_SPEECH_FEATURES,N/A
RandomForest,native,GNE_SNR_SEO,0.0006834762056762507,0.00024081252852751816,538.0,PD_SPEECH_FEATURES,N/A
RandomForest,native,tqwt_TKEO_mean_dec_23,0.0006827520715326724,0.00017622730811983197,539.0,PD_SPEECH_FEATURES,N/A
RandomForest,native,tqwt_skewnessValue_dec_7,0.000680611965660457,0.0003105563694549391,540.0,PD_SPEECH_FEATURES,N/A
RandomForest,native,tqwt_entropy_shannon_dec_20,0.0006799556825443883,0.0003725993259040624,541.0,PD_SPEECH_FEATURES,N/A
RandomForest,native,tqwt_kurtosisValue_dec_6,0.0006769021653916139,0.00046664029480499004,542.0,PD_SPEECH_FEATURES,N/A
RandomForest,native,det_TKEO_std_6_coef,0.0006756635374038187,0.0006590611157981473,543.0,PD_SPEECH_FEATURES,N/A
RandomForest,native,tqwt_stdValue_dec_21,0.0006756235324320715,0.0005525137328928416,544.0,PD_SPEECH_FEATURES,N/A
RandomForest,native,tqwt_stdValue_dec_20,0.0006748372351603548,0.0005501559149980902,545.0,PD_SPEECH_FEATURES,N/A
RandomForest,native,PPE,0.0006737631624778335,0.0001779022571685247,546.0,PD_SPEECH_FEATURES,N/A
RandomForest,native,det_LT_entropy_shannon_7_coef,0.0006720893084978823,0.00036771225640451315,547.0,PD_SPEECH_FEATURES,N/A
RandomForest,native,tqwt_maxValue_dec_2,0.0006708846234810134,0.00021927812436537935,548.0,PD_SPEECH_FEATURES,N/A
RandomForest,native,tqwt_entropy_shannon_dec_3,0.0006696040971164649,0.0003547987316169637,549.0,PD_SPEECH_FEATURES,N/A
RandomForest,native,tqwt_energy_dec_36,0.0006658783070195462,0.0004886344822159323,550.0,PD_SPEECH_FEATURES,N/A
RandomForest,native,det_TKEO_mean_4_coef,0.0006632678577135991,0.0006395489729043624,551.0,PD_SPEECH_FEATURES,N/A
RandomForest,native,tqwt_skewnessValue_dec_14,0.0006626686738900366,0.0002885790368582287,552.0,PD_SPEECH_FEATURES,N/A
RandomForest,native,tqwt_minValue_dec_15,0.0006620316296124738,0.000346249791197735,553.0,PD_SPEECH_FEATURES,N/A
RandomForest,native,det_LT_TKEO_mean_3_coef,0.0006618585969213224,0.0005314330297826541,554.0,PD_SPEECH_FEATURES,N/A
RandomForest,native,app_TKEO_std_1_coef,0.0006604797719858678,0.0004441232071387924,555.0,PD_SPEECH_FEATURES,N/A
RandomForest,native,tqwt_meanValue_dec_33,0.000658812697475996,0.0003931175234264476,556.0,PD_SPEECH_FEATURES,N/A
RandomForest,native,tqwt_maxValue_dec_15,0.000656990825425299,0.00045288690313952687,557.0,PD_SPEECH_FEATURES,N/A
RandomForest,native,tqwt_kurtosisValue_dec_3,0.0006567328224403127,0.00023870306372229794,558.0,PD_SPEECH_FEATURES,N/A
RandomForest,native,tqwt_TKEO_std_dec_31,0.0006565568813146508,0.00021156204291803216,559.0,PD_SPEECH_FEATURES,N/A
RandomForest,native,app_TKEO_std_10_coef,0.0006556140114474176,8.005182091885288e-05,560.0,PD_SPEECH_FEATURES,N/A
RandomForest,native,tqwt_skewnessValue_dec_35,0.0006554480924123923,0.00034820877820225873,561.0,PD_SPEECH_FEATURES,N/A
RandomForest,native,mean_8th_delta_delta,0.0006546887060319666,0.00040958735988888854,562.0,PD_SPEECH_FEATURES,N/A
RandomForest,native,tqwt_meanValue_dec_7,0.0006520528048962679,0.0002973102017267481,563.0,PD_SPEECH_FEATURES,N/A
RandomForest,native,tqwt_energy_dec_22,0.0006511481615133592,0.00037126265771134147,564.0,PD_SPEECH_FEATURES,N/A
RandomForest,native,tqwt_meanValue_dec_8,0.0006509715667358978,0.0004321904612198191,565.0,PD_SPEECH_FEATURES,N/A
RandomForest,native,tqwt_medianValue_dec_32,0.0006498007241258964,0.0001419864952014478,566.0,PD_SPEECH_FEATURES,N/A
RandomForest,native,app_LT_entropy_shannon_2_coef,0.0006490535793551875,0.00043531050261818167,567.0,PD_SPEECH_FEATURES,N/A
RandomForest,native,tqwt_entropy_log_dec_30,0.0006487210428540717,0.000446617370609991,568.0,PD_SPEECH_FEATURES,N/A
RandomForest,native,tqwt_energy_dec_9,0.0006481900304139764,0.00023346693282720295,569.0,PD_SPEECH_FEATURES,N/A
RandomForest,native,tqwt_entropy_log_dec_23,0.000647748192532395,0.00041939022878706607,570.0,PD_SPEECH_FEATURES,N/A
RandomForest,native,mean_9th_delta,0.0006467592066573378,0.0003544463418498117,571.0,PD_SPEECH_FEATURES,N/A
RandomForest,native,tqwt_skewnessValue_dec_21,0.0006467034657228285,0.0003685951071870166,572.0,PD_SPEECH_FEATURES,N/A
RandomForest,native,tqwt_entropy_shannon_dec_2,0.0006455856286159732,0.00039895478102726774,573.0,PD_SPEECH_FEATURES,N/A
RandomForest,native,det_entropy_log_1_coef,0.0006451703664352687,0.000351122227088498,574.0,PD_SPEECH_FEATURES,N/A
RandomForest,native,mean_10th_delta_delta,0.0006448035326929427,0.0005954150779338545,575.0,PD_SPEECH_FEATURES,N/A
RandomForest,native,tqwt_meanValue_dec_22,0.0006442054963555579,0.00034201395686930526,576.0,PD_SPEECH_FEATURES,N/A
RandomForest,native,tqwt_meanValue_dec_29,0.0006426575214074152,0.00041342514924851354,577.0,PD_SPEECH_FEATURES,N/A
RandomForest,native,tqwt_energy_dec_23,0.0006414939057042847,8.034987811105021e-05,578.0,PD_SPEECH_FEATURES,N/A
RandomForest,native,tqwt_stdValue_dec_24,0.0006407843734088721,0.0004726903532944663,579.0,PD_SPEECH_FEATURES,N/A
RandomForest,native,app_TKEO_std_3_coef,0.000637376526819524,0.000492337714699845,580.0,PD_SPEECH_FEATURES,N/A
RandomForest,native,tqwt_kurtosisValue_dec_11,0.0006371692005784525,0.0005080785954630949,581.0,PD_SPEECH_FEATURES,N/A
RandomForest,native,tqwt_medianValue_dec_1,0.0006367681517855026,0.00035942638694939563,582.0,PD_SPEECH_FEATURES,N/A
RandomForest,native,tqwt_skewnessValue_dec_5,0.0006358195374416584,0.0001842058178206347,583.0,PD_SPEECH_FEATURES,N/A
RandomForest,native,IMF_NSR_entropy,0.0006346922372193028,0.0005052132734875536,584.0,PD_SPEECH_FEATURES,N/A
RandomForest,native,tqwt_skewnessValue_dec_6,0.0006317200962593949,0.00024697023361502,585.0,PD_SPEECH_FEATURES,N/A
RandomForest,native,tqwt_medianValue_dec_21,0.0006303742916407904,0.00037160076960418684,586.0,PD_SPEECH_FEATURES,N/A
RandomForest,native,tqwt_energy_dec_29,0.0006296115077682779,0.0004037290013743379,587.0,PD_SPEECH_FEATURES,N/A
RandomForest,native,mean_4th_delta,0.0006270889161936596,0.0002809313452853706,588.0,PD_SPEECH_FEATURES,N/A
RandomForest,native,det_entropy_shannon_10_coef,0.0006266107406135695,0.00021677563953497044,589.0,PD_SPEECH_FEATURES,N/A
RandomForest,native,det_entropy_shannon_9_coef,0.0006246960607520332,0.0002937407446818405,590.0,PD_SPEECH_FEATURES,N/A
RandomForest,native,tqwt_skewnessValue_dec_19,0.0006244766924804461,0.00023845868281412633,591.0,PD_SPEECH_FEATURES,N/A
RandomForest,native,det_LT_TKEO_std_2_coef,0.000623918003169597,0.00031704331554885146,592.0,PD_SPEECH_FEATURES,N/A
RandomForest,native,app_LT_entropy_log_5_coef,0.000621179709100407,0.00035319846260363995,593.0,PD_SPEECH_FEATURES,N/A
RandomForest,native,tqwt_meanValue_dec_27,0.0006210863443782114,0.00045468231413200744,594.0,PD_SPEECH_FEATURES,N/A
RandomForest,native,det_LT_TKEO_mean_2_coef,0.0006193444336166814,0.0002443311342799461,595.0,PD_SPEECH_FEATURES,N/A
RandomForest,native,det_TKEO_mean_10_coef,0.0006187689139470021,0.00045170885317361215,596.0,PD_SPEECH_FEATURES,N/A
RandomForest,native,det_TKEO_std_8_coef,0.0006183822281960712,0.0002623111653337959,597.0,PD_SPEECH_FEATURES,N/A
RandomForest,native,tqwt_skewnessValue_dec_34,0.0006174897006498133,0.0001665645303272921,598.0,PD_SPEECH_FEATURES,N/A
RandomForest,native,det_entropy_log_8_coef,0.0006163330735377349,0.0005213759830617865,599.0,PD_SPEECH_FEATURES,N/A
RandomForest,native,app_entropy_shannon_9_coef,0.0006157176647454191,0.0009472308390579145,600.0,PD_SPEECH_FEATURES,N/A
RandomForest,native,tqwt_maxValue_dec_14,0.0006152495100863405,0.0003753358766402277,601.0,PD_SPEECH_FEATURES,N/A
RandomForest,native,app_entropy_log_8_coef,0.0006150035855185266,0.0006163024019765365,602.0,PD_SPEECH_FEATURES,N/A
RandomForest,native,tqwt_TKEO_std_dec_2,0.0006124478567153008,0.0006023177985324255,603.0,PD_SPEECH_FEATURES,N/A
RandomForest,native,app_LT_entropy_log_9_coef,0.0006121739839455849,0.0006174058491764335,604.0,PD_SPEECH_FEATURES,N/A
RandomForest,native,tqwt_medianValue_dec_35,0.000607747226923148,0.0003449469685238669,605.0,PD_SPEECH_FEATURES,N/A
RandomForest,native,tqwt_kurtosisValue_dec_10,0.0006051240977400089,0.0005811425861469034,606.0,PD_SPEECH_FEATURES,N/A
RandomForest,native,det_TKEO_std_2_coef,0.0006035131827020355,0.0004306300318469599,607.0,PD_SPEECH_FEATURES,N/A
RandomForest,native,app_TKEO_std_4_coef,0.0006011953650101587,0.000367061373656413,608.0,PD_SPEECH_FEATURES,N/A
RandomForest,native,det_TKEO_mean_3_coef,0.0005981525854009465,0.0004875563096152023,609.0,PD_SPEECH_FEATURES,N/A
RandomForest,native,tqwt_minValue_dec_1,0.0005975894274026535,0.0006994956057223305,610.0,PD_SPEECH_FEATURES,N/A
RandomForest,native,tqwt_entropy_log_dec_4,0.0005973239946063979,0.00040359868293497845,611.0,PD_SPEECH_FEATURES,N/A
RandomForest,native,det_LT_TKEO_std_5_coef,0.000597055020448538,0.00020365425099453532,612.0,PD_SPEECH_FEATURES,N/A
RandomForest,native,tqwt_meanValue_dec_9,0.0005968943260949733,0.0003252086889115451,613.0,PD_SPEECH_FEATURES,N/A
RandomForest,native,tqwt_skewnessValue_dec_18,0.0005968705045195,0.0003654928193425635,614.0,PD_SPEECH_FEATURES,N/A
RandomForest,native,app_entropy_shannon_4_coef,0.0005966850799480311,0.0002424239638716843,615.0,PD_SPEECH_FEATURES,N/A
RandomForest,native,det_TKEO_std_9_coef,0.0005959649737065314,0.0005265393405041018,616.0,PD_SPEECH_FEATURES,N/A
RandomForest,native,tqwt_minValue_dec_16,0.0005955614988879066,0.0005129773301688261,617.0,PD_SPEECH_FEATURES,N/A
RandomForest,native,mean_MFCC_4th_coef,0.0005935277396969592,0.0003702846149427197,618.0,PD_SPEECH_FEATURES,N/A
RandomForest,native,det_TKEO_std_4_coef,0.000589185885610835,0.0002603154139492692,619.0,PD_SPEECH_FEATURES,N/A
RandomForest,native,det_LT_entropy_shannon_3_coef,0.0005890029714754086,0.0004613505794122334,620.0,PD_SPEECH_FEATURES,N/A
RandomForest,native,tqwt_skewnessValue_dec_22,0.0005872677858309138,0.0004125164322572435,621.0,PD_SPEECH_FEATURES,N/A
RandomForest,native,tqwt_meanValue_dec_2,0.000585057802734525,0.000399437800506187,622.0,PD_SPEECH_FEATURES,N/A
RandomForest,native,VFER_NSR_TKEO,0.0005844572852818421,0.0005092279900980638,623.0,PD_SPEECH_FEATURES,N/A
RandomForest,native,tqwt_entropy_log_dec_9,0.0005842331436904033,0.00031299179100826636,624.0,PD_SPEECH_FEATURES,N/A
RandomForest,native,tqwt_medianValue_dec_30,0.0005835098408024742,0.00017207142028296174,625.0,PD_SPEECH_FEATURES,N/A
RandomForest,native,app_LT_TKEO_std_3_coef,0.0005799712487216402,0.00039260464891288795,626.0,PD_SPEECH_FEATURES,N/A
RandomForest,native,det_LT_TKEO_std_7_coef,0.0005764809603148554,0.00033509243208773516,627.0,PD_SPEECH_FEATURES,N/A
RandomForest,native,tqwt_entropy_log_dec_24,0.0005705003367150206,0.0005153334281834748,628.0,PD_SPEECH_FEATURES,N/A
RandomForest,native,det_LT_entropy_shannon_5_coef,0.0005688338628524783,0.00029292111503998245,629.0,PD_SPEECH_FEATURES,N/A
RandomForest,native,tqwt_TKEO_std_dec_23,0.0005685768089857912,0.00028628917728653247,630.0,PD_SPEECH_FEATURES,N/A
RandomForest,native,tqwt_skewnessValue_dec_4,0.0005674892945502559,0.00027114690983705644,631.0,PD_SPEECH_FEATURES,N/A
RandomForest,native,tqwt_medianValue_dec_26,0.0005655506216019383,0.00020567679478486895,632.0,PD_SPEECH_FEATURES,N/A
RandomForest,native,tqwt_kurtosisValue_dec_5,0.000564828319215101,0.000642175286380926,633.0,PD_SPEECH_FEATURES,N/A
RandomForest,native,tqwt_TKEO_std_dec_3,0.0005600531084374802,0.0004915783717721728,634.0,PD_SPEECH_FEATURES,N/A
RandomForest,native,tqwt_minValue_dec_24,0.000556954907825441,0.0003146567392988323,635.0,PD_SPEECH_FEATURES,N/A
RandomForest,native,tqwt_skewnessValue_dec_2,0.0005561734304364634,0.0003899750863061309,636.0,PD_SPEECH_FEATURES,N/A
RandomForest,native,app_entropy_log_9_coef,0.0005558885703566697,0.0005745891639713231,637.0,PD_SPEECH_FEATURES,N/A
RandomForest,native,b4,0.0005557786462014691,0.00034916294554061713,638.0,PD_SPEECH_FEATURES,N/A
RandomForest,native,tqwt_minValue_dec_28,0.0005541577679784882,0.0003669221959676295,639.0,PD_SPEECH_FEATURES,N/A
RandomForest,native,tqwt_skewnessValue_dec_12,0.0005526143306739099,0.00034431859662777657,640.0,PD_SPEECH_FEATURES,N/A
RandomForest,native,mean_MFCC_12th_coef,0.000552461730523812,0.0004467886329935822,641.0,PD_SPEECH_FEATURES,N/A
RandomForest,native,det_TKEO_std_5_coef,0.0005515230710345658,0.00039195972166648616,642.0,PD_SPEECH_FEATURES,N/A
RandomForest,native,det_entropy_shannon_4_coef,0.000550666668524874,0.00025086626222569025,643.0,PD_SPEECH_FEATURES,N/A
RandomForest,native,tqwt_kurtosisValue_dec_1,0.0005477963756736955,0.00010677588825375189,644.0,PD_SPEECH_FEATURES,N/A
RandomForest,native,det_LT_TKEO_std_8_coef,0.0005472025362873788,0.000525891126728063,645.0,PD_SPEECH_FEATURES,N/A
RandomForest,native,det_entropy_log_9_coef,0.0005471778521945346,0.0003586676504050014,646.0,PD_SPEECH_FEATURES,N/A
RandomForest,native,app_LT_TKEO_std_5_coef,0.0005444391320639007,0.0002402268680546239,647.0,PD_SPEECH_FEATURES,N/A
RandomForest,native,tqwt_minValue_dec_27,0.0005414933057792359,0.00042242168149529734,648.0,PD_SPEECH_FEATURES,N/A
RandomForest,native,tqwt_TKEO_std_dec_8,0.0005398824000651518,0.0001255909844281287,649.0,PD_SPEECH_FEATURES,N/A
RandomForest,native,det_TKEO_mean_8_coef,0.0005390316795766449,0.00028179964255704035,650.0,PD_SPEECH_FEATURES,N/A
RandomForest,native,tqwt_stdValue_dec_9,0.0005361634270063635,0.0004328717621271455,651.0,PD_SPEECH_FEATURES,N/A
RandomForest,native,tqwt_entropy_log_dec_3,0.0005358250219895225,0.00043872793816192003,652.0,PD_SPEECH_FEATURES,N/A
RandomForest,native,tqwt_maxValue_dec_22,0.0005348910370279808,0.0003599268041401918,653.0,PD_SPEECH_FEATURES,N/A
RandomForest,native,Ed_4_coef,0.0005299748518950815,0.0005023042599806701,654.0,PD_SPEECH_FEATURES,N/A
RandomForest,native,mean_5th_delta_delta,0.0005285633553815492,0.00043683644973774,655.0,PD_SPEECH_FEATURES,N/A
RandomForest,native,Ed_10_coef,0.0005255440780335401,0.0003839675086649243,656.0,PD_SPEECH_FEATURES,N/A
RandomForest,native,tqwt_medianValue_dec_4,0.0005210691174156767,0.0004134792641247772,657.0,PD_SPEECH_FEATURES,N/A
RandomForest,native,app_entropy_shannon_2_coef,0.0005210339460210742,0.00017395415809538914,658.0,PD_SPEECH_FEATURES,N/A
RandomForest,native,tqwt_energy_dec_2,0.0005204416453417301,0.00034817923471874894,659.0,PD_SPEECH_FEATURES,N/A
RandomForest,native,det_entropy_shannon_2_coef,0.0005170950383598437,0.0003363749749128274,660.0,PD_SPEECH_FEATURES,N/A
RandomForest,native,tqwt_meanValue_dec_14,0.0005160822051908118,0.0002475140033575513,661.0,PD_SPEECH_FEATURES,N/A
RandomForest,native,det_LT_entropy_shannon_10_coef,0.000515788800113741,0.00047815108452676716,662.0,PD_SPEECH_FEATURES,N/A
RandomForest,native,tqwt_maxValue_dec_31,0.0005147115602492944,0.00039830172368140017,663.0,PD_SPEECH_FEATURES,N/A
RandomForest,native,tqwt_kurtosisValue_dec_7,0.0005121129213542119,0.0003345588191034833,664.0,PD_SPEECH_FEATURES,N/A
RandomForest,native,apq3Shimmer,0.0005093220288809148,0.000138439624300515,665.0,PD_SPEECH_FEATURES,N/A
RandomForest,native,tqwt_maxValue_dec_1,0.0005056212612754423,0.00021045946515329267,666.0,PD_SPEECH_FEATURES,N/A
RandomForest,native,tqwt_medianValue_dec_28,0.0005029719956582127,0.00027729661048012295,667.0,PD_SPEECH_FEATURES,N/A
RandomForest,native,tqwt_kurtosisValue_dec_14,0.0005028900214669599,0.0002571386836185938,668.0,PD_SPEECH_FEATURES,N/A
RandomForest,native,tqwt_TKEO_mean_dec_30,0.0005012585734648995,0.0004147599225473432,669.0,PD_SPEECH_FEATURES,N/A
RandomForest,native,Ed2_6_coef,0.0005009558034805913,0.00029399268349896546,670.0,PD_SPEECH_FEATURES,N/A
RandomForest,native,tqwt_minValue_dec_22,0.0004997441588591831,0.00011319292339648366,671.0,PD_SPEECH_FEATURES,N/A
RandomForest,native,tqwt_maxValue_dec_29,0.0004981083805002332,0.0004524712775115934,672.0,PD_SPEECH_FEATURES,N/A
RandomForest,native,det_TKEO_mean_5_coef,0.0004978913715709502,0.00031085392260293875,673.0,PD_SPEECH_FEATURES,N/A
RandomForest,native,tqwt_meanValue_dec_30,0.000497457481113908,0.00018774562870821468,674.0,PD_SPEECH_FEATURES,N/A
RandomForest,native,Ed2_10_coef,0.0004953164270684268,0.0003122537554373382,675.0,PD_SPEECH_FEATURES,N/A
RandomForest,native,tqwt_maxValue_dec_30,0.0004937735728649101,0.0003471972899729435,676.0,PD_SPEECH_FEATURES,N/A
RandomForest,native,det_LT_entropy_shannon_2_coef,0.0004937132984187067,0.0004352217691672271,677.0,PD_SPEECH_FEATURES,N/A
RandomForest,native,tqwt_TKEO_mean_dec_15,0.0004889912437030863,0.00027383961465182104,678.0,PD_SPEECH_FEATURES,N/A
RandomForest,native,det_TKEO_std_7_coef,0.0004883058633329126,0.00034841744294076383,679.0,PD_SPEECH_FEATURES,N/A
RandomForest,native,det_entropy_shannon_6_coef,0.00048790144573349623,0.00037913843280844593,680.0,PD_SPEECH_FEATURES,N/A
RandomForest,native,tqwt_minValue_dec_3,0.0004833931829583855,0.0004516530805470926,681.0,PD_SPEECH_FEATURES,N/A
RandomForest,native,tqwt_TKEO_mean_dec_20,0.0004805283682686772,0.0004913972736655916,682.0,PD_SPEECH_FEATURES,N/A
RandomForest,native,mean_MFCC_9th_coef,0.0004801686699297374,0.000313054424494512,683.0,PD_SPEECH_FEATURES,N/A
RandomForest,native,tqwt_meanValue_dec_25,0.0004784519294288043,0.00024172877714392351,684.0,PD_SPEECH_FEATURES,N/A
RandomForest,native,tqwt_skewnessValue_dec_31,0.0004715589013467157,0.00026900516620307827,685.0,PD_SPEECH_FEATURES,N/A
RandomForest,native,det_LT_TKEO_mean_9_coef,0.0004712689925647122,0.0003913841081605941,686.0,PD_SPEECH_FEATURES,N/A
RandomForest,native,tqwt_TKEO_std_dec_29,0.00046793512045191987,0.00038829324315360506,687.0,PD_SPEECH_FEATURES,N/A
RandomForest,native,det_LT_TKEO_mean_8_coef,0.00046621191850521255,0.00010209731046983525,688.0,PD_SPEECH_FEATURES,N/A
RandomForest,native,app_LT_TKEO_mean_1_coef,0.00046466293691509555,0.00021284253238647955,689.0,PD_SPEECH_FEATURES,N/A
RandomForest,native,tqwt_minValue_dec_36,0.00046401607354019253,0.00034169235853239474,690.0,PD_SPEECH_FEATURES,N/A
RandomForest,native,det_LT_entropy_log_10_coef,0.00046297687859281074,0.000328392580632303,691.0,PD_SPEECH_FEATURES,N/A
RandomForest,native,Ea,0.00046286185678936115,0.00021450227653842425,692.0,PD_SPEECH_FEATURES,N/A
RandomForest,native,tqwt_entropy_log_dec_20,0.0004625617313985108,0.0003941376403429072,693.0,PD_SPEECH_FEATURES,N/A
RandomForest,native,det_LT_entropy_log_7_coef,0.0004611288048279082,0.00034574545362089216,694.0,PD_SPEECH_FEATURES,N/A
RandomForest,native,det_entropy_shannon_7_coef,0.00045640255482697805,0.00030676755718884747,695.0,PD_SPEECH_FEATURES,N/A
RandomForest,native,tqwt_TKEO_mean_dec_29,0.0004555661891081378,0.00045832822439799973,696.0,PD_SPEECH_FEATURES,N/A
RandomForest,native,tqwt_entropy_shannon_dec_30,0.00045555911140561755,0.0003603637470936092,697.0,PD_SPEECH_FEATURES,N/A
RandomForest,native,meanNoiseToHarmHarmonicity,0.0004552626795062656,0.00044232280436603427,698.0,PD_SPEECH_FEATURES,N/A
RandomForest,native,Ed2_2_coef,0.00045330824111648374,0.0002215112359080866,699.0,PD_SPEECH_FEATURES,N/A
RandomForest,native,det_entropy_shannon_8_coef,0.0004528506698734741,0.00039600169642375687,700.0,PD_SPEECH_FEATURES,N/A
RandomForest,native,det_LT_TKEO_mean_7_coef,0.00044645401665844393,0.00022472340113000993,701.0,PD_SPEECH_FEATURES,N/A
RandomForest,native,det_entropy_shannon_1_coef,0.00044022897368565107,0.0005354866059334231,702.0,PD_SPEECH_FEATURES,N/A
RandomForest,native,tqwt_skewnessValue_dec_20,0.0004374882440806833,0.00020828489546951528,703.0,PD_SPEECH_FEATURES,N/A
RandomForest,native,det_LT_entropy_log_9_coef,0.00043480978394139496,0.00036984147979110706,704.0,PD_SPEECH_FEATURES,N/A
RandomForest,native,GQ_std_cycle_closed,0.0004335604389059945,0.0003864880586630418,705.0,PD_SPEECH_FEATURES,N/A
RandomForest,native,tqwt_TKEO_std_dec_15,0.00043334021642065597,0.00027218953612484986,706.0,PD_SPEECH_FEATURES,N/A
RandomForest,native,tqwt_entropy_log_dec_14,0.0004333144397277931,0.00028271669152309976,707.0,PD_SPEECH_FEATURES,N/A
RandomForest,native,tqwt_minValue_dec_2,0.00043240949395151513,0.00044474593518121526,708.0,PD_SPEECH_FEATURES,N/A
RandomForest,native,det_LT_entropy_log_8_coef,0.0004298608322204438,0.00017864191026213157,709.0,PD_SPEECH_FEATURES,N/A
RandomForest,native,tqwt_meanValue_dec_23,0.0004260918832716452,0.00038993431302783037,710.0,PD_SPEECH_FEATURES,N/A
RandomForest,native,std_MFCC_0th_coef,0.0004199775909922169,0.00019476327906745502,711.0,PD_SPEECH_FEATURES,N/A
RandomForest,native,det_entropy_log_10_coef,0.0004197869421108961,0.0004290902639391158,712.0,PD_SPEECH_FEATURES,N/A
RandomForest,native,tqwt_TKEO_std_dec_1,0.00041690510789120993,0.00036288226962000885,713.0,PD_SPEECH_FEATURES,N/A
RandomForest,native,det_LT_TKEO_std_9_coef,0.00041671897391527346,0.0002699413962176007,714.0,PD_SPEECH_FEATURES,N/A
RandomForest,native,det_LT_entropy_log_6_coef,0.0004121402482181972,0.00038773084455808685,715.0,PD_SPEECH_FEATURES,N/A
RandomForest,native,det_TKEO_mean_6_coef,0.00041008574166773447,0.0003354176677013816,716.0,PD_SPEECH_FEATURES,N/A
RandomForest,native,det_LT_entropy_log_4_coef,0.00040378978097059163,0.00032454773816921885,717.0,PD_SPEECH_FEATURES,N/A
RandomForest,native,tqwt_energy_dec_30,0.0004022900125996787,0.00028896529500777973,718.0,PD_SPEECH_FEATURES,N/A
RandomForest,native,mean_12th_delta_delta,0.000399905692883145,0.00017010673177772167,719.0,PD_SPEECH_FEATURES,N/A
RandomForest,native,tqwt_medianValue_dec_13,0.0003997568042247466,0.00011094242721053955,720.0,PD_SPEECH_FEATURES,N/A
RandomForest,native,Ed_9_coef,0.0003964461176134411,0.0002094896052168609,721.0,PD_SPEECH_FEATURES,N/A
RandomForest,native,tqwt_minValue_dec_23,0.0003959786149176353,0.0003458396785227752,722.0,PD_SPEECH_FEATURES,N/A
RandomForest,native,Ed2_8_coef,0.000395781114593728,0.00033108230034015814,723.0,PD_SPEECH_FEATURES,N/A
RandomForest,native,tqwt_meanValue_dec_20,0.0003950841298692876,0.00023094840358215297,724.0,PD_SPEECH_FEATURES,N/A
RandomForest,native,mean_11th_delta,0.0003909861973043264,0.00019146527151837545,725.0,PD_SPEECH_FEATURES,N/A
RandomForest,native,det_TKEO_std_10_coef,0.0003860712220530093,0.0005296626827429085,726.0,PD_SPEECH_FEATURES,N/A
RandomForest,native,tqwt_stdValue_dec_3,0.0003858063262854982,0.0004755622561867231,727.0,PD_SPEECH_FEATURES,N/A
RandomForest,native,app_entropy_log_7_coef,0.00038575324757123816,0.00035717507779514315,728.0,PD_SPEECH_FEATURES,N/A
RandomForest,native,mean_9th_delta_delta,0.00038254620583958934,0.00016863707741457214,729.0,PD_SPEECH_FEATURES,N/A
RandomForest,native,det_TKEO_mean_9_coef,0.00038192806690553365,0.0002951065384152564,730.0,PD_SPEECH_FEATURES,N/A
RandomForest,native,Ed2_7_coef,0.00037049443628361993,0.0002211268359036669,731.0,PD_SPEECH_FEATURES,N/A
RandomForest,native,tqwt_minValue_dec_30,0.00036831503806619524,0.00023215668217954524,732.0,PD_SPEECH_FEATURES,N/A
RandomForest,native,tqwt_kurtosisValue_dec_2,0.00036776945236401137,0.0002723108924576654,733.0,PD_SPEECH_FEATURES,N/A
RandomForest,native,mean_1st_delta_delta,0.0003669050225484871,0.00035039366029564065,734.0,PD_SPEECH_FEATURES,N/A
RandomForest,native,tqwt_medianValue_dec_2,0.0003655873889927753,9.328153408082898e-05,735.0,PD_SPEECH_FEATURES,N/A
RandomForest,native,tqwt_meanValue_dec_24,0.00036476923667030003,0.0002716556560246116,736.0,PD_SPEECH_FEATURES,N/A
RandomForest,native,tqwt_kurtosisValue_dec_8,0.0003580794231727041,0.0003200212669011199,737.0,PD_SPEECH_FEATURES,N/A
RandomForest,native,Ed2_9_coef,0.00034259281843800787,0.00030951699704948656,738.0,PD_SPEECH_FEATURES,N/A
RandomForest,native,tqwt_maxValue_dec_3,0.0003367911446028432,0.0001627904578794472,739.0,PD_SPEECH_FEATURES,N/A
RandomForest,native,det_LT_entropy_shannon_8_coef,0.00033199350413742976,0.00013282353875285148,740.0,PD_SPEECH_FEATURES,N/A
RandomForest,native,mean_MFCC_11th_coef,0.00033121391668883645,0.0001600363398529211,741.0,PD_SPEECH_FEATURES,N/A
RandomForest,native,mean_6th_delta_delta,0.00032975695366663455,0.00015845906271145813,742.0,PD_SPEECH_FEATURES,N/A
RandomForest,native,tqwt_TKEO_std_dec_30,0.00032922743272592977,0.00023926640495754023,743.0,PD_SPEECH_FEATURES,N/A
RandomForest,native,det_LT_TKEO_mean_10_coef,0.0003242525267485163,0.00012039937397350217,744.0,PD_SPEECH_FEATURES,N/A
RandomForest,native,det_LT_TKEO_std_10_coef,0.0003075768084188979,0.00017427745553736076,745.0,PD_SPEECH_FEATURES,N/A
RandomForest,native,GQ_prc5_95,0.0003061501863803771,0.0002940797264077269,746.0,PD_SPEECH_FEATURES,N/A
RandomForest,native,tqwt_stdValue_dec_22,0.000304574711057577,0.00013228994178525875,747.0,PD_SPEECH_FEATURES,N/A
RandomForest,native,mean_8th_delta,0.00029755008783944627,0.00033925648862201407,748.0,PD_SPEECH_FEATURES,N/A
RandomForest,native,det_TKEO_mean_7_coef,0.000271955446613653,0.000243262970090036,749.0,PD_SPEECH_FEATURES,N/A
RandomForest,native,det_entropy_log_4_coef,0.0002532947913575616,0.00012944915761796744,750.0,PD_SPEECH_FEATURES,N/A
RandomForest,native,mean_4th_delta_delta,0.00018823025116945124,0.00025779213107295724,751.0,PD_SPEECH_FEATURES,N/A
RandomForest,native,Ea2,0.00011513194605033108,0.00017731456060439524,752.0,PD_SPEECH_FEATURES,N/A
XGBoost,native,tqwt_entropy_log_dec_12,0.023930263239890337,0.020406173535955956,1.0,PD_SPEECH_FEATURES,N/A
XGBoost,native,std_delta_delta_log_energy,0.016805019602179526,0.005641759845658235,2.0,PD_SPEECH_FEATURES,N/A
XGBoost,native,tqwt_TKEO_mean_dec_12,0.015500590205192566,0.016513261058049147,3.0,PD_SPEECH_FEATURES,N/A
XGBoost,native,tqwt_TKEO_std_dec_12,0.0133317620086018,0.014121226624382166,4.0,PD_SPEECH_FEATURES,N/A
XGBoost,native,tqwt_energy_dec_27,0.011924707889556884,0.024286600907108206,5.0,PD_SPEECH_FEATURES,N/A
XGBoost,native,tqwt_TKEO_std_dec_11,0.011560418910812586,0.010235169665592736,6.0,PD_SPEECH_FEATURES,N/A
XGBoost,native,tqwt_entropy_log_dec_16,0.009683720208704472,0.008907607090136343,7.0,PD_SPEECH_FEATURES,N/A
XGBoost,native,tqwt_entropy_log_dec_13,0.008741050733078737,0.012042811155808983,8.0,PD_SPEECH_FEATURES,N/A
XGBoost,native,mean_MFCC_2nd_coef,0.007979173399507999,0.0038780482822592835,9.0,PD_SPEECH_FEATURES,N/A
XGBoost,native,tqwt_entropy_shannon_dec_16,0.007948384433984757,0.011075124209948533,10.0,PD_SPEECH_FEATURES,N/A
XGBoost,native,std_9th_delta_delta,0.007583790132775903,0.003135045312792816,11.0,PD_SPEECH_FEATURES,N/A
XGBoost,native,std_6th_delta,0.00734637463465333,0.006700840590303519,12.0,PD_SPEECH_FEATURES,N/A
XGBoost,native,numPulses,0.0071207437664270404,0.004634244523768474,13.0,PD_SPEECH_FEATURES,N/A
XGBoost,native,tqwt_TKEO_std_dec_19,0.006988624017685652,0.0037577565793016697,14.0,PD_SPEECH_FEATURES,N/A
XGBoost,native,tqwt_entropy_log_dec_27,0.006733577791601419,0.0020779642032912513,15.0,PD_SPEECH_FEATURES,N/A
XGBoost,native,tqwt_entropy_log_dec_17,0.0067287733312696215,0.005490630678117746,16.0,PD_SPEECH_FEATURES,N/A
XGBoost,native,tqwt_entropy_log_dec_32,0.006494998559355735,0.0030738186607301883,17.0,PD_SPEECH_FEATURES,N/A
XGBoost,native,tqwt_minValue_dec_11,0.006280674191657454,0.004576022030866781,18.0,PD_SPEECH_FEATURES,N/A
XGBoost,native,tqwt_energy_dec_9,0.006164832226932049,0.006413261851017035,19.0,PD_SPEECH_FEATURES,N/A
XGBoost,native,std_7th_delta_delta,0.005896224686875939,0.002320074830308134,20.0,PD_SPEECH_FEATURES,N/A
XGBoost,native,tqwt_entropy_log_dec_35,0.005779992556199431,0.002191479934570398,21.0,PD_SPEECH_FEATURES,N/A
XGBoost,native,det_TKEO_std_1_coef,0.005715573113411665,0.006551135577541726,22.0,PD_SPEECH_FEATURES,N/A
XGBoost,native,maxIntensity,0.005682243453338742,0.0029146617754935234,23.0,PD_SPEECH_FEATURES,N/A
XGBoost,native,tqwt_energy_dec_21,0.0056137961335480215,0.003741523858373471,24.0,PD_SPEECH_FEATURES,N/A
XGBoost,native,tqwt_entropy_log_dec_25,0.005573212611488998,0.00443079850572482,25.0,PD_SPEECH_FEATURES,N/A
XGBoost,native,std_7th_delta,0.0055494789616204795,0.005414409989495872,26.0,PD_SPEECH_FEATURES,N/A
XGBoost,native,tqwt_energy_dec_3,0.005533439788268879,0.0083081191777074,27.0,PD_SPEECH_FEATURES,N/A
XGBoost,native,tqwt_entropy_shannon_dec_20,0.005471676681190729,0.005175648766145393,28.0,PD_SPEECH_FEATURES,N/A
XGBoost,native,tqwt_entropy_shannon_dec_35,0.005408989079296589,0.00922332280240959,29.0,PD_SPEECH_FEATURES,N/A
XGBoost,native,std_8th_delta_delta,0.0054047104436904195,0.001935942494711268,30.0,PD_SPEECH_FEATURES,N/A
XGBoost,native,std_6th_delta_delta,0.005383120570331812,0.0011483159835513521,31.0,PD_SPEECH_FEATURES,N/A
XGBoost,native,tqwt_entropy_shannon_dec_34,0.005276712263002992,0.007650245619377801,32.0,PD_SPEECH_FEATURES,N/A
XGBoost,native,tqwt_energy_dec_26,0.005197057581972331,0.005519907990388431,33.0,PD_SPEECH_FEATURES,N/A
XGBoost,native,tqwt_TKEO_mean_dec_25,0.004934159840922802,0.004685908991199525,34.0,PD_SPEECH_FEATURES,N/A
XGBoost,native,det_TKEO_mean_1_coef,0.0049051416106522085,0.004952500823498889,35.0,PD_SPEECH_FEATURES,N/A
XGBoost,native,tqwt_TKEO_std_dec_13,0.004858427902217954,0.007294832539035382,36.0,PD_SPEECH_FEATURES,N/A
XGBoost,native,tqwt_maxValue_dec_13,0.00480483261635527,0.010383104211843712,37.0,PD_SPEECH_FEATURES,N/A
XGBoost,native,tqwt_stdValue_dec_26,0.0047455030027776955,0.004438938484670568,38.0,PD_SPEECH_FEATURES,N/A
XGBoost,native,GNE_SNR_TKEO,0.00473558931844309,0.007351183500996967,39.0,PD_SPEECH_FEATURES,N/A
XGBoost,native,meanPeriodPulses,0.004660862404853106,0.004452341376286515,40.0,PD_SPEECH_FEATURES,N/A
XGBoost,native,tqwt_TKEO_mean_dec_21,0.004642779170535505,0.0028320139023200667,41.0,PD_SPEECH_FEATURES,N/A
XGBoost,native,meanIntensity,0.004585036402568221,0.0022168514523979413,42.0,PD_SPEECH_FEATURES,N/A
XGBoost,native,f2,0.004518667771480978,0.00629882745348374,43.0,PD_SPEECH_FEATURES,N/A
XGBoost,native,tqwt_entropy_shannon_dec_19,0.004485700139775872,0.0036238603286150904,44.0,PD_SPEECH_FEATURES,N/A
XGBoost,native,tqwt_maxValue_dec_21,0.004451838880777359,0.008897887172914948,45.0,PD_SPEECH_FEATURES,N/A
XGBoost,native,tqwt_kurtosisValue_dec_5,0.004420125181786716,0.005561826598368587,46.0,PD_SPEECH_FEATURES,N/A
XGBoost,native,tqwt_minValue_dec_7,0.004360982589423657,0.0030560281511217355,47.0,PD_SPEECH_FEATURES,N/A
XGBoost,native,tqwt_energy_dec_33,0.004329708102159202,0.005630606022071349,48.0,PD_SPEECH_FEATURES,N/A
XGBoost,native,tqwt_TKEO_std_dec_4,0.004191607132088393,0.00568302150152539,49.0,PD_SPEECH_FEATURES,N/A
XGBoost,native,tqwt_entropy_shannon_dec_33,0.004144054732751101,0.008897649898730405,50.0,PD_SPEECH_FEATURES,N/A
XGBoost,native,mean_MFCC_6th_coef,0.004121856740675866,0.001518627683264542,51.0,PD_SPEECH_FEATURES,N/A
XGBoost,native,tqwt_entropy_log_dec_26,0.004108761448878795,0.004057393376882306,52.0,PD_SPEECH_FEATURES,N/A
XGBoost,native,tqwt_skewnessValue_dec_9,0.004085663368459791,0.008145859739805533,53.0,PD_SPEECH_FEATURES,N/A
XGBoost,native,tqwt_energy_dec_12,0.004026498622260987,0.0068977791732464195,54.0,PD_SPEECH_FEATURES,N/A
XGBoost,native,mean_MFCC_9th_coef,0.004019228112883866,0.0036770977039182816,55.0,PD_SPEECH_FEATURES,N/A
XGBoost,native,app_entropy_shannon_1_coef,0.003938247868791223,0.005942235665837705,56.0,PD_SPEECH_FEATURES,N/A
XGBoost,native,tqwt_entropy_log_dec_20,0.0039048269973136485,0.006090326649074833,57.0,PD_SPEECH_FEATURES,N/A
XGBoost,native,tqwt_entropy_shannon_dec_31,0.0039038439048454166,0.004438763671205106,58.0,PD_SPEECH_FEATURES,N/A
XGBoost,native,mean_MFCC_12th_coef,0.003892744949553162,0.0038991611353101914,59.0,PD_SPEECH_FEATURES,N/A
XGBoost,native,tqwt_entropy_log_dec_36,0.003856401893426664,0.004356849779358007,60.0,PD_SPEECH_FEATURES,N/A
XGBoost,native,tqwt_meanValue_dec_33,0.003830328304320574,0.005353072410179427,61.0,PD_SPEECH_FEATURES,N/A
XGBoost,native,tqwt_energy_dec_25,0.0037233782466501,0.00560698684442639,62.0,PD_SPEECH_FEATURES,N/A
XGBoost,native,tqwt_entropy_log_dec_19,0.0036684297025203704,0.0051248800003701545,63.0,PD_SPEECH_FEATURES,N/A
XGBoost,native,det_TKEO_mean_2_coef,0.0036590472038369624,0.0034646322156654872,64.0,PD_SPEECH_FEATURES,N/A
XGBoost,native,tqwt_skewnessValue_dec_11,0.003648204868659377,0.004586206676671823,65.0,PD_SPEECH_FEATURES,N/A
XGBoost,native,tqwt_entropy_log_dec_8,0.003626052662730217,0.0054515750146404305,66.0,PD_SPEECH_FEATURES,N/A
XGBoost,native,tqwt_TKEO_std_dec_9,0.003602892765775323,0.006253148111558788,67.0,PD_SPEECH_FEATURES,N/A
XGBoost,native,tqwt_kurtosisValue_dec_32,0.0035626642173156144,0.0031456228067508144,68.0,PD_SPEECH_FEATURES,N/A
XGBoost,native,minIntensity,0.003496884438209236,0.00409077011507114,69.0,PD_SPEECH_FEATURES,N/A
XGBoost,native,std_11th_delta_delta,0.0033783977967686953,0.004545246213764292,70.0,PD_SPEECH_FEATURES,N/A
XGBoost,native,DFA,0.0033370262244716287,0.0016793847765930819,71.0,PD_SPEECH_FEATURES,N/A
XGBoost,native,tqwt_stdValue_dec_25,0.0033235127688385547,0.002944556263463583,72.0,PD_SPEECH_FEATURES,N/A
XGBoost,native,tqwt_energy_dec_30,0.003289896761998534,0.00620774515893747,73.0,PD_SPEECH_FEATURES,N/A
XGBoost,native,tqwt_entropy_shannon_dec_36,0.003253164666239172,0.003934457181250085,74.0,PD_SPEECH_FEATURES,N/A
XGBoost,native,tqwt_entropy_log_dec_3,0.003170688185491599,0.00521900058213687,75.0,PD_SPEECH_FEATURES,N/A
XGBoost,native,tqwt_entropy_log_dec_33,0.0031689628958702087,0.0005969015633803499,76.0,PD_SPEECH_FEATURES,N/A
XGBoost,native,tqwt_TKEO_mean_dec_11,0.003125153018527271,0.006450610068691433,77.0,PD_SPEECH_FEATURES,N/A
XGBoost,native,tqwt_energy_dec_7,0.003104844328481704,0.0020409611053696986,78.0,PD_SPEECH_FEATURES,N/A
XGBoost,native,tqwt_maxValue_dec_11,0.003027596161700785,0.003680067007610161,79.0,PD_SPEECH_FEATURES,N/A
XGBoost,native,tqwt_kurtosisValue_dec_21,0.0030205697985365987,0.0020363506014996016,80.0,PD_SPEECH_FEATURES,N/A
XGBoost,native,tqwt_entropy_log_dec_9,0.0030038271564990283,0.0037748668535366697,81.0,PD_SPEECH_FEATURES,N/A
XGBoost,native,tqwt_TKEO_std_dec_21,0.0029823542572557926,0.0059422844754474366,82.0,PD_SPEECH_FEATURES,N/A
XGBoost,native,tqwt_medianValue_dec_12,0.0029754957649856806,0.004195158389622875,83.0,PD_SPEECH_FEATURES,N/A
XGBoost,native,tqwt_energy_dec_6,0.0029712833929806948,0.0026238566789911965,84.0,PD_SPEECH_FEATURES,N/A
XGBoost,native,tqwt_TKEO_std_dec_25,0.0029670495772734285,0.002501429511460051,85.0,PD_SPEECH_FEATURES,N/A
XGBoost,native,tqwt_kurtosisValue_dec_22,0.002948830695822835,0.0027023187554534233,86.0,PD_SPEECH_FEATURES,N/A
XGBoost,native,tqwt_medianValue_dec_36,0.002939083403907716,0.0022212810727930566,87.0,PD_SPEECH_FEATURES,N/A
XGBoost,native,tqwt_entropy_log_dec_34,0.002902204904239625,0.0020133453659836897,88.0,PD_SPEECH_FEATURES,N/A
XGBoost,native,mean_2nd_delta,0.0029012660845182834,0.0023812068730637696,89.0,PD_SPEECH_FEATURES,N/A
XGBoost,native,tqwt_TKEO_mean_dec_23,0.002900703775230795,0.005165305557515542,90.0,PD_SPEECH_FEATURES,N/A
XGBoost,native,app_LT_TKEO_mean_3_coef,0.002898062253370881,0.00562260135734821,91.0,PD_SPEECH_FEATURES,N/A
XGBoost,native,tqwt_minValue_dec_17,0.0028972742613404988,0.0010660302695298435,92.0,PD_SPEECH_FEATURES,N/A
XGBoost,native,std_0th_delta,0.002874171652365476,0.0035194526227161575,93.0,PD_SPEECH_FEATURES,N/A
XGBoost,native,tqwt_maxValue_dec_25,0.002873570553492755,0.0037999350049125885,94.0,PD_SPEECH_FEATURES,N/A
XGBoost,native,GNE_NSR_SEO,0.0028633736015763133,0.003540180770798421,95.0,PD_SPEECH_FEATURES,N/A
XGBoost,native,tqwt_skewnessValue_dec_27,0.0028561866172822194,0.005396432760579632,96.0,PD_SPEECH_FEATURES,N/A
XGBoost,native,mean_MFCC_4th_coef,0.0028543869964778425,0.0015785039151251282,97.0,PD_SPEECH_FEATURES,N/A
XGBoost,native,tqwt_TKEO_mean_dec_19,0.0028507052920758724,0.004274289522863453,98.0,PD_SPEECH_FEATURES,N/A
XGBoost,native,tqwt_medianValue_dec_35,0.002846328099258244,0.0037203810984892407,99.0,PD_SPEECH_FEATURES,N/A
XGBoost,native,VFER_mean,0.0028230794065166264,0.0042488285365735986,100.0,PD_SPEECH_FEATURES,N/A
XGBoost,native,det_TKEO_std_8_coef,0.0027489308267831802,0.0037641994521349803,101.0,PD_SPEECH_FEATURES,N/A
XGBoost,native,std_Log_energy,0.0027421371545642615,0.0018858553283265052,102.0,PD_SPEECH_FEATURES,N/A
XGBoost,native,mean_MFCC_7th_coef,0.0027420205995440485,0.0011437192718543072,103.0,PD_SPEECH_FEATURES,N/A
XGBoost,native,tqwt_maxValue_dec_12,0.0027342009823769333,0.0027960337595055213,104.0,PD_SPEECH_FEATURES,N/A
XGBoost,native,tqwt_meanValue_dec_5,0.002727798081468791,0.0020851333238300594,105.0,PD_SPEECH_FEATURES,N/A
XGBoost,native,tqwt_entropy_log_dec_31,0.002660591225139797,0.0021957156517745675,106.0,PD_SPEECH_FEATURES,N/A
XGBoost,native,det_TKEO_std_2_coef,0.0026435867650434373,0.0030375286638395995,107.0,PD_SPEECH_FEATURES,N/A
XGBoost,native,tqwt_kurtosisValue_dec_14,0.002638144593220204,0.004954502920337345,108.0,PD_SPEECH_FEATURES,N/A
XGBoost,native,tqwt_kurtosisValue_dec_27,0.0026090021245181562,0.001237031516432263,109.0,PD_SPEECH_FEATURES,N/A
XGBoost,native,tqwt_energy_dec_28,0.002573825721628964,0.0015112219252167388,110.0,PD_SPEECH_FEATURES,N/A
XGBoost,native,VFER_NSR_TKEO,0.0025645999237895014,0.0044564320257706735,111.0,PD_SPEECH_FEATURES,N/A
XGBoost,native,tqwt_kurtosisValue_dec_25,0.002522438333835453,0.0018569243395461657,112.0,PD_SPEECH_FEATURES,N/A
XGBoost,native,std_MFCC_12th_coef,0.0025212653912603856,0.002497083883548953,113.0,PD_SPEECH_FEATURES,N/A
XGBoost,native,tqwt_minValue_dec_9,0.002512954920530319,0.004470081474790628,114.0,PD_SPEECH_FEATURES,N/A
XGBoost,native,tqwt_medianValue_dec_27,0.002496698871254921,0.0024197928149642944,115.0,PD_SPEECH_FEATURES,N/A
XGBoost,native,det_LT_entropy_log_9_coef,0.00242115564760752,0.003525291910807848,116.0,PD_SPEECH_FEATURES,N/A
XGBoost,native,tqwt_meanValue_dec_36,0.002415737556293607,0.004182006580594111,117.0,PD_SPEECH_FEATURES,N/A
XGBoost,native,tqwt_meanValue_dec_17,0.002411959518212825,0.0022266220267128534,118.0,PD_SPEECH_FEATURES,N/A
XGBoost,native,mean_4th_delta_delta,0.002411119744647294,0.002463115137476397,119.0,PD_SPEECH_FEATURES,N/A
XGBoost,native,std_delta_log_energy,0.002408878761343658,0.0011578746266476263,120.0,PD_SPEECH_FEATURES,N/A
XGBoost,native,tqwt_kurtosisValue_dec_19,0.0024073636392131447,0.002128257735426135,121.0,PD_SPEECH_FEATURES,N/A
XGBoost,native,tqwt_kurtosisValue_dec_12,0.0023945507244206967,0.0037470492396484627,122.0,PD_SPEECH_FEATURES,N/A
XGBoost,native,GNE_NSR_TKEO,0.0023934780911076814,0.002572661292352929,123.0,PD_SPEECH_FEATURES,N/A
XGBoost,native,det_entropy_log_1_coef,0.002369706123135984,0.004561902291684715,124.0,PD_SPEECH_FEATURES,N/A
XGBoost,native,tqwt_entropy_shannon_dec_17,0.0023379962309263646,0.0019395348366518367,125.0,PD_SPEECH_FEATURES,N/A
XGBoost,native,tqwt_energy_dec_8,0.0023378952872008087,0.004347910410536342,126.0,PD_SPEECH_FEATURES,N/A
XGBoost,native,tqwt_medianValue_dec_18,0.002334317355416715,0.0032168133385453135,127.0,PD_SPEECH_FEATURES,N/A
XGBoost,native,tqwt_TKEO_std_dec_2,0.0023199563453090376,0.0031354077554336004,128.0,PD_SPEECH_FEATURES,N/A
XGBoost,native,tqwt_kurtosisValue_dec_28,0.002319550688844174,0.0030671316212832075,129.0,PD_SPEECH_FEATURES,N/A
XGBoost,native,tqwt_kurtosisValue_dec_36,0.0023127541819121687,0.002518665903251893,130.0,PD_SPEECH_FEATURES,N/A
XGBoost,native,tqwt_medianValue_dec_30,0.0023106199805624783,0.0018639847066068312,131.0,PD_SPEECH_FEATURES,N/A
XGBoost,native,mean_MFCC_1st_coef,0.00229453113861382,0.000506357215752154,132.0,PD_SPEECH_FEATURES,N/A
XGBoost,native,tqwt_minValue_dec_21,0.002290853764861822,0.001342531660521666,133.0,PD_SPEECH_FEATURES,N/A
XGBoost,native,tqwt_entropy_shannon_dec_23,0.002286099150660448,0.0024902766439683748,134.0,PD_SPEECH_FEATURES,N/A
XGBoost,native,tqwt_minValue_dec_6,0.002272687375807436,0.004886271737442156,135.0,PD_SPEECH_FEATURES,N/A
XGBoost,native,std_MFCC_6th_coef,0.0022716890671290457,0.0021392903757966545,136.0,PD_SPEECH_FEATURES,N/A
XGBoost,native,tqwt_energy_dec_19,0.0022635551009443588,0.002867765071095567,137.0,PD_SPEECH_FEATURES,N/A
XGBoost,native,f4,0.002202419500099495,0.0024419381634815554,138.0,PD_SPEECH_FEATURES,N/A
XGBoost,native,tqwt_skewnessValue_dec_15,0.002197827585041523,0.002750805271494967,139.0,PD_SPEECH_FEATURES,N/A
XGBoost,native,GQ_prc5_95,0.0021897523663938047,0.0022774125792805236,140.0,PD_SPEECH_FEATURES,N/A
XGBoost,native,tqwt_skewnessValue_dec_8,0.002162723703077063,0.0033689079451274732,141.0,PD_SPEECH_FEATURES,N/A
XGBoost,native,app_LT_TKEO_std_1_coef,0.0021393637522123753,0.0029236264231223413,142.0,PD_SPEECH_FEATURES,N/A
XGBoost,native,mean_5th_delta,0.002130555722396821,0.002022515483441518,143.0,PD_SPEECH_FEATURES,N/A
XGBoost,native,b1,0.0021241365931928156,0.0015483407514025247,144.0,PD_SPEECH_FEATURES,N/A
XGBoost,native,tqwt_kurtosisValue_dec_24,0.00212098442716524,0.001914617458983551,145.0,PD_SPEECH_FEATURES,N/A
XGBoost,native,det_entropy_log_6_coef,0.0021099918347317727,0.0025242752360588694,146.0,PD_SPEECH_FEATURES,N/A
XGBoost,native,IMF_NSR_SEO,0.002089387249725405,0.0033603164744542965,147.0,PD_SPEECH_FEATURES,N/A
XGBoost,native,tqwt_TKEO_mean_dec_36,0.0020843778504058717,0.0028185351956519097,148.0,PD_SPEECH_FEATURES,N/A
XGBoost,native,tqwt_skewnessValue_dec_26,0.0020835141884163024,0.003095250060966666,149.0,PD_SPEECH_FEATURES,N/A
XGBoost,native,tqwt_meanValue_dec_16,0.002079613896785304,0.0019713851162560412,150.0,PD_SPEECH_FEATURES,N/A
XGBoost,native,tqwt_entropy_shannon_dec_24,0.0020594785746652633,0.004402363224631494,151.0,PD_SPEECH_FEATURES,N/A
XGBoost,native,tqwt_skewnessValue_dec_25,0.002041247149463743,0.002381966308453055,152.0,PD_SPEECH_FEATURES,N/A
XGBoost,native,tqwt_stdValue_dec_20,0.0020407368312589822,0.004083925046172064,153.0,PD_SPEECH_FEATURES,N/A
XGBoost,native,tqwt_entropy_shannon_dec_27,0.0020328545127995313,0.0012640470037839481,154.0,PD_SPEECH_FEATURES,N/A
XGBoost,native,stdDevPeriodPulses,0.0020231606205925344,0.0018009863882688928,155.0,PD_SPEECH_FEATURES,N/A
XGBoost,native,tqwt_TKEO_std_dec_20,0.0020197608508169653,0.00144387542766759,156.0,PD_SPEECH_FEATURES,N/A
XGBoost,native,tqwt_meanValue_dec_30,0.0019975075963884594,0.001680428797357075,157.0,PD_SPEECH_FEATURES,N/A
XGBoost,native,det_LT_entropy_shannon_8_coef,0.001993146422319114,0.002739688877397664,158.0,PD_SPEECH_FEATURES,N/A
XGBoost,native,det_LT_entropy_log_6_coef,0.001969894708599895,0.004015974452145738,159.0,PD_SPEECH_FEATURES,N/A
XGBoost,native,tqwt_entropy_shannon_dec_26,0.001962935901246965,0.001592715207590198,160.0,PD_SPEECH_FEATURES,N/A
XGBoost,native,tqwt_stdValue_dec_11,0.0019479423994198442,0.002410950450828025,161.0,PD_SPEECH_FEATURES,N/A
XGBoost,native,locAbsJitter,0.00194228402688168,0.002135909842000742,162.0,PD_SPEECH_FEATURES,N/A
XGBoost,native,mean_1st_delta_delta,0.0019377064134459942,0.0027820252864391506,163.0,PD_SPEECH_FEATURES,N/A
XGBoost,native,tqwt_entropy_shannon_dec_25,0.0019288100069388748,0.0005555631500032604,164.0,PD_SPEECH_FEATURES,N/A
XGBoost,native,det_entropy_log_4_coef,0.0019227201119065285,0.004299332871929001,165.0,PD_SPEECH_FEATURES,N/A
XGBoost,native,mean_9th_delta_delta,0.0019157456699758768,0.003931463068778001,166.0,PD_SPEECH_FEATURES,N/A
XGBoost,native,std_4th_delta_delta,0.0019151854212395847,0.00214939162094594,167.0,PD_SPEECH_FEATURES,N/A
XGBoost,native,apq11Shimmer,0.0019149583415128291,0.001374052134186466,168.0,PD_SPEECH_FEATURES,N/A
XGBoost,native,tqwt_energy_dec_23,0.0018924607313238085,0.0020057650228263745,169.0,PD_SPEECH_FEATURES,N/A
XGBoost,native,tqwt_skewnessValue_dec_12,0.0018843895290046931,0.000476104573233881,170.0,PD_SPEECH_FEATURES,N/A
XGBoost,native,tqwt_TKEO_std_dec_6,0.0018647250370122492,0.003698319139230666,171.0,PD_SPEECH_FEATURES,N/A
XGBoost,native,tqwt_energy_dec_4,0.0018562001554528252,0.0037399047334793667,172.0,PD_SPEECH_FEATURES,N/A
XGBoost,native,tqwt_energy_dec_24,0.0018091850157361477,0.0020126553707157007,173.0,PD_SPEECH_FEATURES,N/A
XGBoost,native,std_MFCC_7th_coef,0.0017971988301724196,0.001894152922946403,174.0,PD_SPEECH_FEATURES,N/A
XGBoost,native,tqwt_TKEO_mean_dec_26,0.0017897061654366553,0.0021045234058089074,175.0,PD_SPEECH_FEATURES,N/A
XGBoost,native,tqwt_TKEO_std_dec_24,0.0017876344092655927,0.0026237661498588016,176.0,PD_SPEECH_FEATURES,N/A
XGBoost,native,tqwt_medianValue_dec_16,0.0017841828521341085,0.0014698237462092353,177.0,PD_SPEECH_FEATURES,N/A
XGBoost,native,tqwt_entropy_log_dec_18,0.0017735647968947887,0.002438793611288477,178.0,PD_SPEECH_FEATURES,N/A
XGBoost,native,tqwt_kurtosisValue_dec_4,0.0017600067192688584,0.0010588115999053804,179.0,PD_SPEECH_FEATURES,N/A
XGBoost,native,tqwt_entropy_log_dec_1,0.0017589196329936385,0.00034155013034479657,180.0,PD_SPEECH_FEATURES,N/A
XGBoost,native,tqwt_TKEO_mean_dec_20,0.001752270758152008,0.003918196530212984,181.0,PD_SPEECH_FEATURES,N/A
XGBoost,native,tqwt_skewnessValue_dec_14,0.0017478220222983509,0.002257165450478298,182.0,PD_SPEECH_FEATURES,N/A
XGBoost,native,tqwt_entropy_log_dec_7,0.001722397201228887,0.0034365774597708704,183.0,PD_SPEECH_FEATURES,N/A
XGBoost,native,locPctJitter,0.0017204133677296341,0.0010335653358960716,184.0,PD_SPEECH_FEATURES,N/A
XGBoost,native,tqwt_meanValue_dec_6,0.0017149286111816763,0.0017647262671542472,185.0,PD_SPEECH_FEATURES,N/A
XGBoost,native,tqwt_skewnessValue_dec_20,0.00170168156400905,0.0023718978550069662,186.0,PD_SPEECH_FEATURES,N/A
XGBoost,native,tqwt_skewnessValue_dec_10,0.0016988185001537205,0.001058868209341464,187.0,PD_SPEECH_FEATURES,N/A
XGBoost,native,IMF_SNR_SEO,0.0016872568987309933,0.00036485910945929453,188.0,PD_SPEECH_FEATURES,N/A
XGBoost,native,ppq5Jitter,0.0016795515781268477,0.0020462707147130064,189.0,PD_SPEECH_FEATURES,N/A
XGBoost,native,tqwt_maxValue_dec_26,0.0016771338880062104,0.0037501853809504054,190.0,PD_SPEECH_FEATURES,N/A
XGBoost,native,mean_3rd_delta,0.0016569636994972826,0.0010265096439626255,191.0,PD_SPEECH_FEATURES,N/A
XGBoost,native,tqwt_entropy_shannon_dec_18,0.0016511893656570465,0.0023129989509888425,192.0,PD_SPEECH_FEATURES,N/A
XGBoost,native,tqwt_meanValue_dec_25,0.0016400611581047996,0.0021128461582560236,193.0,PD_SPEECH_FEATURES,N/A
XGBoost,native,std_4th_delta,0.0016370355268009007,0.0028374072065657607,194.0,PD_SPEECH_FEATURES,N/A
XGBoost,native,tqwt_entropy_log_dec_23,0.0016277066548354923,0.002580573840908454,195.0,PD_SPEECH_FEATURES,N/A
XGBoost,native,mean_MFCC_10th_coef,0.001624595987959765,0.0015264444841384603,196.0,PD_SPEECH_FEATURES,N/A
XGBoost,native,tqwt_TKEO_std_dec_3,0.001612258714158088,0.002457104087354187,197.0,PD_SPEECH_FEATURES,N/A
XGBoost,native,meanAutoCorrHarmonicity,0.0016078688262496144,0.0019492941538873214,198.0,PD_SPEECH_FEATURES,N/A
XGBoost,native,tqwt_meanValue_dec_9,0.0015953612157318276,0.0019316479369164835,199.0,PD_SPEECH_FEATURES,N/A
XGBoost,native,tqwt_entropy_shannon_dec_32,0.0015897677658358589,0.002283242482313574,200.0,PD_SPEECH_FEATURES,N/A
XGBoost,native,tqwt_stdValue_dec_27,0.00158268808372668,0.002942735300842788,201.0,PD_SPEECH_FEATURES,N/A
XGBoost,native,tqwt_TKEO_std_dec_31,0.0015819547057617455,0.0016778803220211906,202.0,PD_SPEECH_FEATURES,N/A
XGBoost,native,tqwt_kurtosisValue_dec_17,0.001573941740207374,0.0011346638646661511,203.0,PD_SPEECH_FEATURES,N/A
XGBoost,native,tqwt_kurtosisValue_dec_33,0.0015704108838690445,0.0010486621528219334,204.0,PD_SPEECH_FEATURES,N/A
XGBoost,native,tqwt_kurtosisValue_dec_23,0.001560097758192569,0.0011465063407578662,205.0,PD_SPEECH_FEATURES,N/A
XGBoost,native,tqwt_TKEO_std_dec_22,0.0015583856031298638,0.0029473983040009446,206.0,PD_SPEECH_FEATURES,N/A
XGBoost,native,tqwt_meanValue_dec_29,0.0015573285287246107,0.0027405464221402125,207.0,PD_SPEECH_FEATURES,N/A
XGBoost,native,std_MFCC_0th_coef,0.0015478015935514121,0.0015999126339703424,208.0,PD_SPEECH_FEATURES,N/A
XGBoost,native,mean_MFCC_11th_coef,0.0015456731780432165,0.0014361383819129466,209.0,PD_SPEECH_FEATURES,N/A
XGBoost,native,std_1st_delta_delta,0.001544443890452385,0.001042190822972766,210.0,PD_SPEECH_FEATURES,N/A
XGBoost,native,tqwt_maxValue_dec_1,0.0015443193275132216,0.0023948365245056564,211.0,PD_SPEECH_FEATURES,N/A
XGBoost,native,Ed_1_coef,0.001531448814785108,0.0028461347670865065,212.0,PD_SPEECH_FEATURES,N/A
XGBoost,native,tqwt_maxValue_dec_20,0.0015305350942071527,0.0012639478373080092,213.0,PD_SPEECH_FEATURES,N/A
XGBoost,native,tqwt_skewnessValue_dec_6,0.001519457355607301,0.0008160264665108633,214.0,PD_SPEECH_FEATURES,N/A
XGBoost,native,tqwt_entropy_log_dec_28,0.001511073368601501,0.0027151111029178536,215.0,PD_SPEECH_FEATURES,N/A
XGBoost,native,std_MFCC_1st_coef,0.0014851255458779634,0.0013631360509202188,216.0,PD_SPEECH_FEATURES,N/A
XGBoost,native,tqwt_TKEO_mean_dec_34,0.0014684190042316913,0.0020398494239862747,217.0,PD_SPEECH_FEATURES,N/A
XGBoost,native,tqwt_minValue_dec_4,0.0014672230929136277,0.0014066055388515417,218.0,PD_SPEECH_FEATURES,N/A
XGBoost,native,std_MFCC_5th_coef,0.0014651476521976292,0.0012997613731387347,219.0,PD_SPEECH_FEATURES,N/A
XGBoost,native,tqwt_skewnessValue_dec_18,0.0014578027723473497,0.002126581870820401,220.0,PD_SPEECH_FEATURES,N/A
XGBoost,native,tqwt_energy_dec_15,0.0014515039511024952,0.001317647142437898,221.0,PD_SPEECH_FEATURES,N/A
XGBoost,native,tqwt_TKEO_std_dec_16,0.001450317446142435,0.0027556166340733045,222.0,PD_SPEECH_FEATURES,N/A
XGBoost,native,tqwt_skewnessValue_dec_31,0.0014463926403550432,0.002437525877381126,223.0,PD_SPEECH_FEATURES,N/A
XGBoost,native,tqwt_meanValue_dec_12,0.0014446953311562539,0.0015891780735135864,224.0,PD_SPEECH_FEATURES,N/A
XGBoost,native,tqwt_energy_dec_18,0.0014399785082787274,0.0018013762242704975,225.0,PD_SPEECH_FEATURES,N/A
XGBoost,native,tqwt_minValue_dec_32,0.0014362466521561147,0.0032115451466775673,226.0,PD_SPEECH_FEATURES,N/A
XGBoost,native,tqwt_entropy_log_dec_29,0.0014360460045281798,0.001983572784424898,227.0,PD_SPEECH_FEATURES,N/A
XGBoost,native,tqwt_kurtosisValue_dec_26,0.0014289253973402082,0.0013466090806413188,228.0,PD_SPEECH_FEATURES,N/A
XGBoost,native,tqwt_medianValue_dec_3,0.0014277989743277431,0.002167754860733422,229.0,PD_SPEECH_FEATURES,N/A
XGBoost,native,det_LT_TKEO_mean_2_coef,0.0014077468542382122,0.002946232046871112,230.0,PD_SPEECH_FEATURES,N/A
XGBoost,native,tqwt_entropy_log_dec_10,0.001387904216608149,0.003092556241701811,231.0,PD_SPEECH_FEATURES,N/A
XGBoost,native,mean_2nd_delta_delta,0.0013878602534532548,0.002939636296252804,232.0,PD_SPEECH_FEATURES,N/A
XGBoost,native,tqwt_kurtosisValue_dec_18,0.0013868466892745345,0.0006739886743750291,233.0,PD_SPEECH_FEATURES,N/A
XGBoost,native,tqwt_energy_dec_20,0.0013850327115505934,0.0008995813057168739,234.0,PD_SPEECH_FEATURES,N/A
XGBoost,native,f1,0.0013770822435617447,0.0005538552894744335,235.0,PD_SPEECH_FEATURES,N/A
XGBoost,native,tqwt_minValue_dec_30,0.0013732247985899448,0.003070623998035574,236.0,PD_SPEECH_FEATURES,N/A
XGBoost,native,locDbShimmer,0.0013671606284333393,0.002928702805402337,237.0,PD_SPEECH_FEATURES,N/A
XGBoost,native,std_MFCC_8th_coef,0.0013652717490913347,0.0019091042314640062,238.0,PD_SPEECH_FEATURES,N/A
XGBoost,native,tqwt_skewnessValue_dec_30,0.0013464710908010602,0.0009869416724783066,239.0,PD_SPEECH_FEATURES,N/A
XGBoost,native,tqwt_kurtosisValue_dec_8,0.0013444966170936823,0.0012748308221811014,240.0,PD_SPEECH_FEATURES,N/A
XGBoost,native,app_LT_TKEO_mean_2_coef,0.001344335312023759,0.0023880453230514537,241.0,PD_SPEECH_FEATURES,N/A
XGBoost,native,tqwt_entropy_shannon_dec_7,0.0013441326096653937,0.0020265657705725625,242.0,PD_SPEECH_FEATURES,N/A
XGBoost,native,std_MFCC_4th_coef,0.0013383655692450701,0.0007790999925430315,243.0,PD_SPEECH_FEATURES,N/A
XGBoost,native,tqwt_TKEO_std_dec_5,0.0013210544362664222,0.002953967521469384,244.0,PD_SPEECH_FEATURES,N/A
XGBoost,native,tqwt_skewnessValue_dec_3,0.0013207489508204162,0.0016224047112654476,245.0,PD_SPEECH_FEATURES,N/A
XGBoost,native,Ed_8_coef,0.0013186196796596051,0.0029485232401878737,246.0,PD_SPEECH_FEATURES,N/A
XGBoost,native,tqwt_skewnessValue_dec_24,0.0013125782134011388,0.001791647994773088,247.0,PD_SPEECH_FEATURES,N/A
XGBoost,native,tqwt_TKEO_std_dec_32,0.0013108974322676658,0.0019886634179460128,248.0,PD_SPEECH_FEATURES,N/A
XGBoost,native,tqwt_meanValue_dec_15,0.0013077786075882613,0.0014867966757568711,249.0,PD_SPEECH_FEATURES,N/A
XGBoost,native,mean_MFCC_5th_coef,0.0013005558517761528,0.001231560470454998,250.0,PD_SPEECH_FEATURES,N/A
XGBoost,native,tqwt_maxValue_dec_10,0.0012959669576957822,0.0020680737506885215,251.0,PD_SPEECH_FEATURES,N/A
XGBoost,native,tqwt_TKEO_mean_dec_9,0.0012947763316333294,0.002895207893189936,252.0,PD_SPEECH_FEATURES,N/A
XGBoost,native,tqwt_skewnessValue_dec_16,0.001280197175219655,0.002220089920277898,253.0,PD_SPEECH_FEATURES,N/A
XGBoost,native,tqwt_skewnessValue_dec_23,0.0012799267773516477,0.0005412034534128645,254.0,PD_SPEECH_FEATURES,N/A
XGBoost,native,std_MFCC_2nd_coef,0.0012790269043762236,0.0014254449473291996,255.0,PD_SPEECH_FEATURES,N/A
XGBoost,native,std_12th_delta,0.0012783093960024416,0.0009284358000057841,256.0,PD_SPEECH_FEATURES,N/A
XGBoost,native,tqwt_energy_dec_35,0.0012744736857712268,0.0017736703745217372,257.0,PD_SPEECH_FEATURES,N/A
XGBoost,native,tqwt_meanValue_dec_32,0.0012730779621051625,0.0017920064399778383,258.0,PD_SPEECH_FEATURES,N/A
XGBoost,native,tqwt_entropy_shannon_dec_28,0.001259320043027401,0.002815925221637229,259.0,PD_SPEECH_FEATURES,N/A
XGBoost,native,tqwt_energy_dec_11,0.0012590181548148393,0.0008259302719665022,260.0,PD_SPEECH_FEATURES,N/A
XGBoost,native,tqwt_kurtosisValue_dec_20,0.0012539254908915608,0.0006949837846754641,261.0,PD_SPEECH_FEATURES,N/A
XGBoost,native,tqwt_kurtosisValue_dec_34,0.001253088633529842,0.0016658696196284678,262.0,PD_SPEECH_FEATURES,N/A
XGBoost,native,tqwt_medianValue_dec_26,0.0012517507886514068,0.0015347094359979615,263.0,PD_SPEECH_FEATURES,N/A
XGBoost,native,tqwt_medianValue_dec_19,0.0012515266382251867,0.002318192652183323,264.0,PD_SPEECH_FEATURES,N/A
XGBoost,native,det_LT_TKEO_std_2_coef,0.001229183466057293,0.002631545398305493,265.0,PD_SPEECH_FEATURES,N/A
XGBoost,native,tqwt_maxValue_dec_17,0.0012286499317269773,0.0009404277588336731,266.0,PD_SPEECH_FEATURES,N/A
XGBoost,native,mean_9th_delta,0.0012276695459149777,0.0019127101206904856,267.0,PD_SPEECH_FEATURES,N/A
XGBoost,native,mean_MFCC_3rd_coef,0.001226129406131804,0.0006664904113033328,268.0,PD_SPEECH_FEATURES,N/A
XGBoost,native,tqwt_TKEO_mean_dec_17,0.0012234856607392431,0.0012821173310478128,269.0,PD_SPEECH_FEATURES,N/A
XGBoost,native,tqwt_skewnessValue_dec_17,0.0012230036430992187,0.0007895761359791951,270.0,PD_SPEECH_FEATURES,N/A
XGBoost,native,tqwt_medianValue_dec_33,0.0012214599322760479,0.0013812684600503365,271.0,PD_SPEECH_FEATURES,N/A
XGBoost,native,tqwt_medianValue_dec_23,0.0012188122665975243,0.0022909085773345603,272.0,PD_SPEECH_FEATURES,N/A
XGBoost,native,f3,0.0012136283097788692,0.0011137066578833417,273.0,PD_SPEECH_FEATURES,N/A
XGBoost,native,tqwt_skewnessValue_dec_33,0.0011955170426517724,0.0009287793047351414,274.0,PD_SPEECH_FEATURES,N/A
XGBoost,native,std_10th_delta_delta,0.001186481479419399,0.0017137522254819157,275.0,PD_SPEECH_FEATURES,N/A
XGBoost,native,app_LT_entropy_log_1_coef,0.0011819442283012905,0.0021825611645482144,276.0,PD_SPEECH_FEATURES,N/A
XGBoost,native,IMF_SNR_TKEO,0.0011683227843604983,0.0011112544168214347,277.0,PD_SPEECH_FEATURES,N/A
XGBoost,native,tqwt_energy_dec_17,0.0011669861152768136,0.0007400055093984089,278.0,PD_SPEECH_FEATURES,N/A
XGBoost,native,tqwt_energy_dec_14,0.001166422662208788,0.0019778142871356903,279.0,PD_SPEECH_FEATURES,N/A
XGBoost,native,VFER_SNR_SEO,0.0011623136699199677,0.0006121674833872463,280.0,PD_SPEECH_FEATURES,N/A
XGBoost,native,app_LT_TKEO_mean_1_coef,0.0011621109792031349,0.001057506387096168,281.0,PD_SPEECH_FEATURES,N/A
XGBoost,native,IMF_NSR_TKEO,0.001160533371148631,0.0013285425679335058,282.0,PD_SPEECH_FEATURES,N/A
XGBoost,native,tqwt_minValue_dec_27,0.0011588282650336623,0.0018321217189747553,283.0,PD_SPEECH_FEATURES,N/A
XGBoost,native,tqwt_entropy_shannon_dec_8,0.0011521235341206194,0.002144460762205531,284.0,PD_SPEECH_FEATURES,N/A
XGBoost,native,tqwt_meanValue_dec_19,0.0011506560622365214,0.0015974972759784441,285.0,PD_SPEECH_FEATURES,N/A
XGBoost,native,tqwt_entropy_shannon_dec_15,0.0011504419147968293,0.0025724663256507315,286.0,PD_SPEECH_FEATURES,N/A
XGBoost,native,tqwt_energy_dec_1,0.001149264071136713,0.0007846612952872549,287.0,PD_SPEECH_FEATURES,N/A
XGBoost,native,tqwt_TKEO_mean_dec_27,0.0011470923869637772,0.0015121773444297913,288.0,PD_SPEECH_FEATURES,N/A
XGBoost,native,mean_7th_delta_delta,0.0011437452398240567,0.0008605784434003974,289.0,PD_SPEECH_FEATURES,N/A
XGBoost,native,app_det_TKEO_mean_6_coef,0.0011365482583642005,0.0016387388525550396,290.0,PD_SPEECH_FEATURES,N/A
XGBoost,native,tqwt_entropy_shannon_dec_30,0.001135103078559041,0.002191222325105699,291.0,PD_SPEECH_FEATURES,N/A
XGBoost,native,det_LT_TKEO_mean_1_coef,0.0011333586357068271,0.0013472957168293323,292.0,PD_SPEECH_FEATURES,N/A
XGBoost,native,std_10th_delta,0.0011295360862277448,0.0012167374730879088,293.0,PD_SPEECH_FEATURES,N/A
XGBoost,native,tqwt_energy_dec_36,0.0011084828991442918,0.0018017019323577131,294.0,PD_SPEECH_FEATURES,N/A
XGBoost,native,VFER_SNR_TKEO,0.001103983193752356,0.0011929164705438838,295.0,PD_SPEECH_FEATURES,N/A
XGBoost,native,mean_10th_delta,0.001103109294490423,0.0012251790754548865,296.0,PD_SPEECH_FEATURES,N/A
XGBoost,native,app_LT_TKEO_std_3_coef,0.0010871624457649887,0.0015002310621739805,297.0,PD_SPEECH_FEATURES,N/A
XGBoost,native,IMF_NSR_entropy,0.0010817219503223897,0.0010967716041392491,298.0,PD_SPEECH_FEATURES,N/A
XGBoost,native,std_MFCC_3rd_coef,0.0010661089851055293,0.0005010787327728678,299.0,PD_SPEECH_FEATURES,N/A
XGBoost,native,tqwt_minValue_dec_18,0.001061612123157829,0.0012056283625121592,300.0,PD_SPEECH_FEATURES,N/A
XGBoost,native,tqwt_maxValue_dec_3,0.0010595115600153804,0.002206416365124237,301.0,PD_SPEECH_FEATURES,N/A
XGBoost,native,std_8th_delta,0.0010594206221867352,0.0006651036428904078,302.0,PD_SPEECH_FEATURES,N/A
XGBoost,native,b4,0.0010576562723144888,0.0010319043857644364,303.0,PD_SPEECH_FEATURES,N/A
XGBoost,native,tqwt_minValue_dec_19,0.0010564157739281655,0.0014660347435123823,304.0,PD_SPEECH_FEATURES,N/A
XGBoost,native,tqwt_kurtosisValue_dec_9,0.0010508042410947382,0.0006888338902267759,305.0,PD_SPEECH_FEATURES,N/A
XGBoost,native,mean_MFCC_8th_coef,0.0010446039028465747,0.0006599812397127452,306.0,PD_SPEECH_FEATURES,N/A
XGBoost,native,tqwt_minValue_dec_28,0.0010339602828025817,0.001418413834754459,307.0,PD_SPEECH_FEATURES,N/A
XGBoost,native,mean_delta_log_energy,0.0010318187880329788,0.0008653449988045384,308.0,PD_SPEECH_FEATURES,N/A
XGBoost,native,GQ_std_cycle_open,0.0010289388854289427,0.0007148692487423117,309.0,PD_SPEECH_FEATURES,N/A
XGBoost,native,mean_11th_delta_delta,0.0010278557048877702,0.0012881194178538502,310.0,PD_SPEECH_FEATURES,N/A
XGBoost,native,tqwt_skewnessValue_dec_32,0.0010268552578054368,0.0011567033338469054,311.0,PD_SPEECH_FEATURES,N/A
XGBoost,native,tqwt_medianValue_dec_1,0.0010256483335979282,0.0005548155859565039,312.0,PD_SPEECH_FEATURES,N/A
XGBoost,native,tqwt_kurtosisValue_dec_11,0.001023981475736946,0.0015536759256045772,313.0,PD_SPEECH_FEATURES,N/A
XGBoost,native,tqwt_medianValue_dec_13,0.0010173634276725353,0.0018424434929800626,314.0,PD_SPEECH_FEATURES,N/A
XGBoost,native,tqwt_kurtosisValue_dec_1,0.0010169897926971317,0.0012307204928930508,315.0,PD_SPEECH_FEATURES,N/A
XGBoost,native,tqwt_TKEO_mean_dec_18,0.001014657039195299,0.0022688421134893573,316.0,PD_SPEECH_FEATURES,N/A
XGBoost,native,tqwt_medianValue_dec_2,0.001006671937648207,0.001414897422326119,317.0,PD_SPEECH_FEATURES,N/A
XGBoost,native,app_TKEO_std_5_coef,0.0010061593900900334,0.00203233754023745,318.0,PD_SPEECH_FEATURES,N/A
XGBoost,native,tqwt_stdValue_dec_4,0.0010043395683169364,0.002245771547249464,319.0,PD_SPEECH_FEATURES,N/A
XGBoost,native,tqwt_entropy_shannon_dec_22,0.000990700558759272,0.001494127983761849,320.0,PD_SPEECH_FEATURES,N/A
XGBoost,native,std_3rd_delta,0.0009861877013463527,0.0006726125067158941,321.0,PD_SPEECH_FEATURES,N/A
XGBoost,native,tqwt_minValue_dec_20,0.0009848806192167103,0.0017227893417624677,322.0,PD_SPEECH_FEATURES,N/A
XGBoost,native,tqwt_entropy_shannon_dec_14,0.000981238583335653,0.0007899282629712519,323.0,PD_SPEECH_FEATURES,N/A
XGBoost,native,tqwt_TKEO_mean_dec_31,0.0009751332807354629,0.001007437149544119,324.0,PD_SPEECH_FEATURES,N/A
XGBoost,native,VFER_NSR_SEO,0.0009729410201543942,0.0008193072743269251,325.0,PD_SPEECH_FEATURES,N/A
XGBoost,native,numPeriodsPulses,0.0009666894096881151,0.001503350963898336,326.0,PD_SPEECH_FEATURES,N/A
XGBoost,native,tqwt_maxValue_dec_32,0.0009620005264878273,0.0017822118636360265,327.0,PD_SPEECH_FEATURES,N/A
XGBoost,native,std_2nd_delta,0.0009525298257358373,0.000984907986393137,328.0,PD_SPEECH_FEATURES,N/A
XGBoost,native,tqwt_TKEO_std_dec_17,0.0009493265650235116,0.0008707330843939449,329.0,PD_SPEECH_FEATURES,N/A
XGBoost,native,tqwt_medianValue_dec_6,0.0009323501697508618,0.0007903308799270784,330.0,PD_SPEECH_FEATURES,N/A
XGBoost,native,tqwt_meanValue_dec_8,0.0009264458902180194,0.0020715959880027992,331.0,PD_SPEECH_FEATURES,N/A
XGBoost,native,tqwt_minValue_dec_24,0.0009240216946636792,0.0020379168288506633,332.0,PD_SPEECH_FEATURES,N/A
XGBoost,native,tqwt_maxValue_dec_7,0.0009223350789397955,0.0006531191792964075,333.0,PD_SPEECH_FEATURES,N/A
XGBoost,native,tqwt_skewnessValue_dec_28,0.0009167326963506639,0.0006766738901490195,334.0,PD_SPEECH_FEATURES,N/A
XGBoost,native,tqwt_energy_dec_34,0.0009075372712686658,0.0013674793209821022,335.0,PD_SPEECH_FEATURES,N/A
XGBoost,native,mean_delta_delta_log_energy,0.0009052493725903333,0.000955941678969979,336.0,PD_SPEECH_FEATURES,N/A
XGBoost,native,tqwt_minValue_dec_3,0.0009047441300936044,0.0009816755592558775,337.0,PD_SPEECH_FEATURES,N/A
XGBoost,native,tqwt_medianValue_dec_9,0.0009042152261827141,0.0011540056261389914,338.0,PD_SPEECH_FEATURES,N/A
XGBoost,native,app_LT_entropy_shannon_7_coef,0.0009030603803694248,0.0020193043982928505,339.0,PD_SPEECH_FEATURES,N/A
XGBoost,native,tqwt_meanValue_dec_21,0.000902501679956913,0.0006400114001710566,340.0,PD_SPEECH_FEATURES,N/A
XGBoost,native,app_entropy_shannon_3_coef,0.0008988146670162678,0.002009810694622213,341.0,PD_SPEECH_FEATURES,N/A
XGBoost,native,tqwt_meanValue_dec_27,0.0008970356197096407,0.001548453257618376,342.0,PD_SPEECH_FEATURES,N/A
XGBoost,native,tqwt_meanValue_dec_31,0.0008920648600906133,0.0009497846506164268,343.0,PD_SPEECH_FEATURES,N/A
XGBoost,native,std_3rd_delta_delta,0.0008874495048075915,0.001525738386995184,344.0,PD_SPEECH_FEATURES,N/A
XGBoost,native,mean_1st_delta,0.0008832079300191253,0.0019307395284202096,345.0,PD_SPEECH_FEATURES,N/A
XGBoost,native,tqwt_entropy_log_dec_30,0.0008820765535347164,0.0007540488805858701,346.0,PD_SPEECH_FEATURES,N/A
XGBoost,native,det_LT_TKEO_std_4_coef,0.0008769207634031773,0.0019608544378505142,347.0,PD_SPEECH_FEATURES,N/A
XGBoost,native,det_LT_entropy_log_8_coef,0.0008679131366079673,0.0014137236786200635,348.0,PD_SPEECH_FEATURES,N/A
XGBoost,native,tqwt_stdValue_dec_29,0.0008672575422679074,0.0018859668198411483,349.0,PD_SPEECH_FEATURES,N/A
XGBoost,native,tqwt_medianValue_dec_24,0.0008645548718050122,0.0011938396235563645,350.0,PD_SPEECH_FEATURES,N/A
XGBoost,native,tqwt_minValue_dec_25,0.0008607038369518704,0.0008660853297279387,351.0,PD_SPEECH_FEATURES,N/A
XGBoost,native,tqwt_medianValue_dec_20,0.0008597475651185959,0.0011523866679711671,352.0,PD_SPEECH_FEATURES,N/A
XGBoost,native,tqwt_meanValue_dec_24,0.0008567794691771268,0.0013109272741826255,353.0,PD_SPEECH_FEATURES,N/A
XGBoost,native,tqwt_kurtosisValue_dec_31,0.0008460550103336573,0.0009452858778500565,354.0,PD_SPEECH_FEATURES,N/A
XGBoost,native,tqwt_medianValue_dec_34,0.0008447711821645498,0.0010213632600221672,355.0,PD_SPEECH_FEATURES,N/A
XGBoost,native,tqwt_meanValue_dec_2,0.0008416985045187175,0.0012417834864321463,356.0,PD_SPEECH_FEATURES,N/A
XGBoost,native,tqwt_maxValue_dec_5,0.0008293423801660538,0.0018544659386727695,357.0,PD_SPEECH_FEATURES,N/A
XGBoost,native,tqwt_medianValue_dec_11,0.0008281647984404117,0.0014182725529142748,358.0,PD_SPEECH_FEATURES,N/A
XGBoost,native,det_entropy_log_9_coef,0.0008273109328001737,0.001180169412758595,359.0,PD_SPEECH_FEATURES,N/A
XGBoost,native,tqwt_stdValue_dec_5,0.0008235790766775608,0.0018415788002975376,360.0,PD_SPEECH_FEATURES,N/A
XGBoost,native,VFER_std,0.0008188861422240735,0.0018310850798455892,361.0,PD_SPEECH_FEATURES,N/A
XGBoost,native,tqwt_meanValue_dec_11,0.0008187074563466012,0.00017341924804293188,362.0,PD_SPEECH_FEATURES,N/A
XGBoost,native,tqwt_minValue_dec_13,0.000818085915670963,0.0015616040864236834,363.0,PD_SPEECH_FEATURES,N/A
XGBoost,native,tqwt_minValue_dec_12,0.000810275343246758,0.0008096890309453868,364.0,PD_SPEECH_FEATURES,N/A
XGBoost,native,GNE_mean,0.0008077998878434301,0.00036835533898734634,365.0,PD_SPEECH_FEATURES,N/A
XGBoost,native,locShimmer,0.0008033194812014699,0.0010120448780372565,366.0,PD_SPEECH_FEATURES,N/A
XGBoost,native,tqwt_skewnessValue_dec_13,0.0007944877957925201,0.0013248685052745705,367.0,PD_SPEECH_FEATURES,N/A
XGBoost,native,std_5th_delta_delta,0.0007914996356703341,0.0005415417384401219,368.0,PD_SPEECH_FEATURES,N/A
XGBoost,native,RPDE,0.000790967843568069,0.000911824039472079,369.0,PD_SPEECH_FEATURES,N/A
XGBoost,native,tqwt_TKEO_std_dec_18,0.0007896784809418023,0.0012487517691693673,370.0,PD_SPEECH_FEATURES,N/A
XGBoost,native,tqwt_TKEO_std_dec_26,0.0007830967078916728,0.0011257364915211493,371.0,PD_SPEECH_FEATURES,N/A
XGBoost,native,tqwt_meanValue_dec_4,0.0007684224052354694,0.0011753085798558054,372.0,PD_SPEECH_FEATURES,N/A
XGBoost,native,tqwt_entropy_log_dec_21,0.00076770723098889,0.001078630194731445,373.0,PD_SPEECH_FEATURES,N/A
XGBoost,native,IMF_SNR_entropy,0.0007674712454900145,0.0009626236225716801,374.0,PD_SPEECH_FEATURES,N/A
XGBoost,native,std_12th_delta_delta,0.0007652563857845962,0.0014722097945796184,375.0,PD_SPEECH_FEATURES,N/A
XGBoost,native,GNE_std,0.0007616105664055795,0.001105424172314273,376.0,PD_SPEECH_FEATURES,N/A
XGBoost,native,det_LT_TKEO_mean_4_coef,0.0007585565792396665,0.0010536409483535001,377.0,PD_SPEECH_FEATURES,N/A
XGBoost,native,tqwt_maxValue_dec_27,0.0007577137788757682,0.00148267331941191,378.0,PD_SPEECH_FEATURES,N/A
XGBoost,native,tqwt_entropy_log_dec_24,0.000755106145516038,0.001688468671601709,379.0,PD_SPEECH_FEATURES,N/A
XGBoost,native,tqwt_medianValue_dec_10,0.0007513032178394496,0.000683612853173564,380.0,PD_SPEECH_FEATURES,N/A
XGBoost,native,tqwt_kurtosisValue_dec_6,0.0007502690656110645,0.0014051335485140584,381.0,PD_SPEECH_FEATURES,N/A
XGBoost,native,mean_10th_delta_delta,0.0007495750294765457,0.0015546710989847634,382.0,PD_SPEECH_FEATURES,N/A
XGBoost,native,std_11th_delta,0.0007491214899346232,0.0007103404598216327,383.0,PD_SPEECH_FEATURES,N/A
XGBoost,native,mean_6th_delta_delta,0.000746199798595626,0.0014389295489347308,384.0,PD_SPEECH_FEATURES,N/A
XGBoost,native,mean_7th_delta,0.0007404469244647772,0.0008685846778226936,385.0,PD_SPEECH_FEATURES,N/A
XGBoost,native,tqwt_minValue_dec_5,0.0007346715312451125,0.0011033974625527753,386.0,PD_SPEECH_FEATURES,N/A
XGBoost,native,tqwt_medianValue_dec_14,0.0007320383796468377,0.001083754383279851,387.0,PD_SPEECH_FEATURES,N/A
XGBoost,native,tqwt_kurtosisValue_dec_15,0.0007300685712834821,0.0011160876955731416,388.0,PD_SPEECH_FEATURES,N/A
XGBoost,native,std_5th_delta,0.0007300118333660067,0.0013406681697249816,389.0,PD_SPEECH_FEATURES,N/A
XGBoost,native,tqwt_medianValue_dec_4,0.000724472850561142,0.0015214594855711913,390.0,PD_SPEECH_FEATURES,N/A
XGBoost,native,tqwt_stdValue_dec_28,0.0007201373809948564,0.0012162102143072257,391.0,PD_SPEECH_FEATURES,N/A
XGBoost,native,tqwt_skewnessValue_dec_21,0.0007173255435191095,0.0013588867741656755,392.0,PD_SPEECH_FEATURES,N/A
XGBoost,native,tqwt_TKEO_mean_dec_28,0.0007107441662810743,0.0011699107042467019,393.0,PD_SPEECH_FEATURES,N/A
XGBoost,native,tqwt_TKEO_std_dec_29,0.0007079401286318899,0.0012865757504897269,394.0,PD_SPEECH_FEATURES,N/A
XGBoost,native,tqwt_meanValue_dec_26,0.0006939333747141063,0.0009662709126009165,395.0,PD_SPEECH_FEATURES,N/A
XGBoost,native,PPE,0.0006748740721377544,0.0013224543518530784,396.0,PD_SPEECH_FEATURES,N/A
XGBoost,native,app_LT_TKEO_mean_4_coef,0.0006727477535605431,0.000719754487493038,397.0,PD_SPEECH_FEATURES,N/A
XGBoost,native,tqwt_kurtosisValue_dec_10,0.0006700438738334924,0.0002840285826240821,398.0,PD_SPEECH_FEATURES,N/A
XGBoost,native,std_1st_delta,0.0006698845594655722,0.0009715557910338496,399.0,PD_SPEECH_FEATURES,N/A
XGBoost,native,det_LT_TKEO_mean_8_coef,0.0006695629155728966,0.0014149890947795195,400.0,PD_SPEECH_FEATURES,N/A
XGBoost,native,tqwt_kurtosisValue_dec_16,0.0006691630551358685,0.0014867997113532205,401.0,PD_SPEECH_FEATURES,N/A
XGBoost,native,tqwt_TKEO_mean_dec_32,0.0006650219467701391,0.0008328287220508711,402.0,PD_SPEECH_FEATURES,N/A
XGBoost,native,tqwt_minValue_dec_8,0.0006638530088821426,0.0013837050309651784,403.0,PD_SPEECH_FEATURES,N/A
XGBoost,native,tqwt_stdValue_dec_33,0.0006629335228353738,0.0014823644216233052,404.0,PD_SPEECH_FEATURES,N/A
XGBoost,native,mean_8th_delta,0.0006578459520824254,0.0011152829495419984,405.0,PD_SPEECH_FEATURES,N/A
XGBoost,native,app_TKEO_std_7_coef,0.0006447605788707733,0.0014417284835671637,406.0,PD_SPEECH_FEATURES,N/A
XGBoost,native,Ed_3_coef,0.0006444724276661873,0.001441084157885911,407.0,PD_SPEECH_FEATURES,N/A
XGBoost,native,Ed_10_coef,0.0006434780079871416,0.0014388605678854012,408.0,PD_SPEECH_FEATURES,N/A
XGBoost,native,tqwt_TKEO_mean_dec_16,0.0006330944190267474,0.0009144199523273952,409.0,PD_SPEECH_FEATURES,N/A
XGBoost,native,mean_3rd_delta_delta,0.0006243545816687401,0.001376611739209718,410.0,PD_SPEECH_FEATURES,N/A
XGBoost,native,tqwt_minValue_dec_26,0.0006235981694771908,0.0008731734735933542,411.0,PD_SPEECH_FEATURES,N/A
XGBoost,native,tqwt_skewnessValue_dec_35,0.0005957454792223871,0.0008775936557205073,412.0,PD_SPEECH_FEATURES,N/A
XGBoost,native,tqwt_meanValue_dec_7,0.0005947873287368566,0.00018764839271998138,413.0,PD_SPEECH_FEATURES,N/A
XGBoost,native,app_LT_TKEO_mean_7_coef,0.000578195252455771,0.0008103877303012984,414.0,PD_SPEECH_FEATURES,N/A
XGBoost,native,app_det_TKEO_mean_3_coef,0.0005781060550361872,0.0012926844372651491,415.0,PD_SPEECH_FEATURES,N/A
XGBoost,native,tqwt_kurtosisValue_dec_30,0.0005779545579571276,0.0006543732874450195,416.0,PD_SPEECH_FEATURES,N/A
XGBoost,native,det_LT_entropy_log_2_coef,0.0005750445183366537,0.001285838633089382,417.0,PD_SPEECH_FEATURES,N/A
XGBoost,native,Ed_5_coef,0.0005747856572270394,0.0012852598020515532,418.0,PD_SPEECH_FEATURES,N/A
XGBoost,native,tqwt_skewnessValue_dec_29,0.0005711704376153648,0.00036325513678523466,419.0,PD_SPEECH_FEATURES,N/A
XGBoost,native,tqwt_medianValue_dec_8,0.0005698254855815322,0.0008514470135691746,420.0,PD_SPEECH_FEATURES,N/A
XGBoost,native,tqwt_meanValue_dec_10,0.0005696816835552454,0.0008082772539672883,421.0,PD_SPEECH_FEATURES,N/A
XGBoost,native,tqwt_kurtosisValue_dec_13,0.0005640924850013107,0.001109158354827782,422.0,PD_SPEECH_FEATURES,N/A
XGBoost,native,std_2nd_delta_delta,0.0005610786320175976,0.0005695936072065829,423.0,PD_SPEECH_FEATURES,N/A
XGBoost,native,mean_0th_delta,0.0005600633332505823,0.00074989767679039,424.0,PD_SPEECH_FEATURES,N/A
XGBoost,native,GNE_SNR_SEO,0.0005541994876693934,0.0010661026734780608,425.0,PD_SPEECH_FEATURES,N/A
XGBoost,native,tqwt_stdValue_dec_17,0.0005524461623281241,0.0008378368075458799,426.0,PD_SPEECH_FEATURES,N/A
XGBoost,native,b3,0.0005513966927537695,0.0006451714824326641,427.0,PD_SPEECH_FEATURES,N/A
XGBoost,native,Ed_4_coef,0.0005492304044310004,0.0010380701163859207,428.0,PD_SPEECH_FEATURES,N/A
XGBoost,native,det_TKEO_mean_3_coef,0.0005460063926875591,0.0012209074101988263,429.0,PD_SPEECH_FEATURES,N/A
XGBoost,native,std_9th_delta,0.0005372749466914684,0.00033641051910136415,430.0,PD_SPEECH_FEATURES,N/A
XGBoost,native,std_MFCC_10th_coef,0.0005365919787436724,0.0008910024534290601,431.0,PD_SPEECH_FEATURES,N/A
XGBoost,native,tqwt_entropy_log_dec_11,0.0005363238626159728,0.00034658161278902384,432.0,PD_SPEECH_FEATURES,N/A
XGBoost,native,tqwt_energy_dec_32,0.0005299605982145295,0.0006787240246493509,433.0,PD_SPEECH_FEATURES,N/A
XGBoost,native,det_entropy_log_10_coef,0.0005260392892523669,0.0008572056593071166,434.0,PD_SPEECH_FEATURES,N/A
XGBoost,native,mean_MFCC_0th_coef,0.0005231782677583396,0.0008836245901395236,435.0,PD_SPEECH_FEATURES,N/A
XGBoost,native,tqwt_medianValue_dec_32,0.000521874037804082,0.0006153206044363206,436.0,PD_SPEECH_FEATURES,N/A
XGBoost,native,det_entropy_log_7_coef,0.0005189597140997648,0.0007242616025875928,437.0,PD_SPEECH_FEATURES,N/A
XGBoost,native,apq3Shimmer,0.0005128477234393359,0.0007061936236694987,438.0,PD_SPEECH_FEATURES,N/A
XGBoost,native,det_entropy_log_5_coef,0.0005086390767246485,0.001137351551569045,439.0,PD_SPEECH_FEATURES,N/A
XGBoost,native,tqwt_medianValue_dec_28,0.0005037590861320495,0.00036662004587920317,440.0,PD_SPEECH_FEATURES,N/A
XGBoost,native,tqwt_stdValue_dec_30,0.0004975863208528608,0.0005849763705819874,441.0,PD_SPEECH_FEATURES,N/A
XGBoost,native,tqwt_entropy_log_dec_6,0.0004927275644149631,0.0005665328639673725,442.0,PD_SPEECH_FEATURES,N/A
XGBoost,native,tqwt_skewnessValue_dec_19,0.0004879073385382071,0.0006430363958132812,443.0,PD_SPEECH_FEATURES,N/A
XGBoost,native,tqwt_medianValue_dec_25,0.00048733929870650174,0.0005443408563189195,444.0,PD_SPEECH_FEATURES,N/A
XGBoost,native,tqwt_kurtosisValue_dec_7,0.00048378064821008593,0.0004040418924387482,445.0,PD_SPEECH_FEATURES,N/A
XGBoost,native,det_LT_entropy_shannon_1_coef,0.0004691568436101079,0.0007687317180252598,446.0,PD_SPEECH_FEATURES,N/A
XGBoost,native,det_entropy_log_3_coef,0.00046564093790948393,0.001041204790272365,447.0,PD_SPEECH_FEATURES,N/A
XGBoost,native,GQ_std_cycle_closed,0.000461076176725328,0.0007370555190125719,448.0,PD_SPEECH_FEATURES,N/A
XGBoost,native,det_LT_entropy_log_1_coef,0.0004435941460542381,0.0008552353196477627,449.0,PD_SPEECH_FEATURES,N/A
XGBoost,native,tqwt_skewnessValue_dec_7,0.0004386844811961055,0.0007261483632410566,450.0,PD_SPEECH_FEATURES,N/A
XGBoost,native,det_entropy_log_2_coef,0.00043771202908828857,0.0006204286880187842,451.0,PD_SPEECH_FEATURES,N/A
XGBoost,native,tqwt_maxValue_dec_28,0.00042984071187675,0.0009611530512533143,452.0,PD_SPEECH_FEATURES,N/A
XGBoost,native,tqwt_maxValue_dec_4,0.00042555038817226887,0.0009515595958046156,453.0,PD_SPEECH_FEATURES,N/A
XGBoost,native,tqwt_entropy_shannon_dec_2,0.0004247464064974338,0.0007366566097963702,454.0,PD_SPEECH_FEATURES,N/A
XGBoost,native,tqwt_TKEO_mean_dec_14,0.0004247203469276428,0.0009497035671575033,455.0,PD_SPEECH_FEATURES,N/A
XGBoost,native,tqwt_entropy_log_dec_22,0.0004132898757234216,0.0005660838998152674,456.0,PD_SPEECH_FEATURES,N/A
XGBoost,native,tqwt_meanValue_dec_1,0.0004086964298039675,0.0007695877984048754,457.0,PD_SPEECH_FEATURES,N/A
XGBoost,native,det_entropy_shannon_9_coef,0.0004078953992575407,0.0009120818404492782,458.0,PD_SPEECH_FEATURES,N/A
XGBoost,native,tqwt_TKEO_std_dec_7,0.0004042192653287202,0.000706845994104379,459.0,PD_SPEECH_FEATURES,N/A
XGBoost,native,tqwt_minValue_dec_16,0.0004019960295408964,0.000898890448738458,460.0,PD_SPEECH_FEATURES,N/A
XGBoost,native,tqwt_kurtosisValue_dec_35,0.00040128193795681,0.0003694844938862148,461.0,PD_SPEECH_FEATURES,N/A
XGBoost,native,app_det_TKEO_mean_2_coef,0.00039835660718381407,0.0008907524529491894,462.0,PD_SPEECH_FEATURES,N/A
XGBoost,native,tqwt_entropy_shannon_dec_1,0.000397934837747016,0.0008730645270287365,463.0,PD_SPEECH_FEATURES,N/A
XGBoost,native,tqwt_TKEO_mean_dec_30,0.0003916106536053121,0.0005378079656276896,464.0,PD_SPEECH_FEATURES,N/A
XGBoost,native,tqwt_maxValue_dec_31,0.00038981379475444555,0.0005575691359204586,465.0,PD_SPEECH_FEATURES,N/A
XGBoost,native,tqwt_minValue_dec_1,0.0003878507333865855,0.0006351434179821564,466.0,PD_SPEECH_FEATURES,N/A
XGBoost,native,Ed_2_coef,0.00038282281020656227,0.000574987833936776,467.0,PD_SPEECH_FEATURES,N/A
XGBoost,native,tqwt_medianValue_dec_17,0.00037854420952498913,0.000846450584986799,468.0,PD_SPEECH_FEATURES,N/A
XGBoost,native,Ed2_7_coef,0.0003779290709644556,0.0008450750933498648,469.0,PD_SPEECH_FEATURES,N/A
XGBoost,native,det_TKEO_std_4_coef,0.00037783982697874307,0.0008448755377312285,470.0,PD_SPEECH_FEATURES,N/A
XGBoost,native,tqwt_skewnessValue_dec_2,0.00037659077206626536,0.000660367552491631,471.0,PD_SPEECH_FEATURES,N/A
XGBoost,native,app_LT_TKEO_std_8_coef,0.00037397027481347325,0.0008362229560472036,472.0,PD_SPEECH_FEATURES,N/A
XGBoost,native,mean_12th_delta,0.0003660969086922705,0.00034608386347559556,473.0,PD_SPEECH_FEATURES,N/A
XGBoost,native,tqwt_meanValue_dec_23,0.0003632724634371698,0.00031283441133836415,474.0,PD_SPEECH_FEATURES,N/A
XGBoost,native,app_det_TKEO_mean_4_coef,0.0003577871015295386,0.0005471538875718387,475.0,PD_SPEECH_FEATURES,N/A
XGBoost,native,mean_8th_delta_delta,0.0003554724098648876,0.0004383799304195279,476.0,PD_SPEECH_FEATURES,N/A
XGBoost,native,det_LT_entropy_shannon_4_coef,0.00035160903062205764,0.0007293820604249549,477.0,PD_SPEECH_FEATURES,N/A
XGBoost,native,tqwt_entropy_shannon_dec_6,0.0003509449539706111,0.0004143480431856379,478.0,PD_SPEECH_FEATURES,N/A
XGBoost,native,tqwt_TKEO_mean_dec_3,0.0003448609379120171,0.000594573904631939,479.0,PD_SPEECH_FEATURES,N/A
XGBoost,native,tqwt_TKEO_mean_dec_4,0.00034269709140062333,0.0007662939920632523,480.0,PD_SPEECH_FEATURES,N/A
XGBoost,native,tqwt_TKEO_mean_dec_15,0.00033811174798756836,0.0007560408524914807,481.0,PD_SPEECH_FEATURES,N/A
XGBoost,native,mean_6th_delta,0.00033764390100259333,0.00033341564164553585,482.0,PD_SPEECH_FEATURES,N/A
XGBoost,native,app_det_TKEO_mean_5_coef,0.0003376193577423692,0.0007549398344317575,483.0,PD_SPEECH_FEATURES,N/A
XGBoost,native,tqwt_minValue_dec_10,0.0003342125797644258,0.0007473220472888266,484.0,PD_SPEECH_FEATURES,N/A
XGBoost,native,det_TKEO_mean_8_coef,0.0003324636272736825,0.0007046900563169906,485.0,PD_SPEECH_FEATURES,N/A
XGBoost,native,tqwt_skewnessValue_dec_36,0.0003272928326623514,0.0006268181436350696,486.0,PD_SPEECH_FEATURES,N/A
XGBoost,native,mean_11th_delta,0.00032563605054747313,0.0006322426925750346,487.0,PD_SPEECH_FEATURES,N/A
XGBoost,native,tqwt_stdValue_dec_1,0.00032212953083217145,0.0007203035285008497,488.0,PD_SPEECH_FEATURES,N/A
XGBoost,native,tqwt_entropy_shannon_dec_11,0.0003204768116120249,0.0006811587321134109,489.0,PD_SPEECH_FEATURES,N/A
XGBoost,native,tqwt_entropy_shannon_dec_12,0.00031817033886909484,0.0007114505061354396,490.0,PD_SPEECH_FEATURES,N/A
XGBoost,native,tqwt_energy_dec_2,0.00030902866274118423,0.00045615546228780566,491.0,PD_SPEECH_FEATURES,N/A
XGBoost,native,tqwt_medianValue_dec_21,0.0003088398021645844,0.0004500935887590957,492.0,PD_SPEECH_FEATURES,N/A
XGBoost,native,tqwt_meanValue_dec_28,0.0003054975590202957,0.00018297936154614683,493.0,PD_SPEECH_FEATURES,N/A
XGBoost,native,app_LT_entropy_shannon_6_coef,0.0003015226684510708,0.0006742251834137255,494.0,PD_SPEECH_FEATURES,N/A
XGBoost,native,tqwt_stdValue_dec_13,0.0002976055257022381,0.0006654661859497651,495.0,PD_SPEECH_FEATURES,N/A
XGBoost,native,tqwt_entropy_log_dec_2,0.00029721518512815237,0.00036670295196487184,496.0,PD_SPEECH_FEATURES,N/A
XGBoost,native,tqwt_TKEO_mean_dec_1,0.00028051374247297647,0.0003863520624839901,497.0,PD_SPEECH_FEATURES,N/A
XGBoost,native,tqwt_TKEO_mean_dec_8,0.00027945968613494185,0.0005630512449055252,498.0,PD_SPEECH_FEATURES,N/A
XGBoost,native,tqwt_maxValue_dec_2,0.0002704957005335018,0.000493155236798016,499.0,PD_SPEECH_FEATURES,N/A
XGBoost,native,tqwt_energy_dec_16,0.00026673105312511323,0.0002663591469448143,500.0,PD_SPEECH_FEATURES,N/A
XGBoost,native,det_LT_entropy_log_7_coef,0.0002663701074197888,0.0005956216673645689,501.0,PD_SPEECH_FEATURES,N/A
XGBoost,native,tqwt_skewnessValue_dec_4,0.00026456625200808046,0.0005915881240424082,502.0,PD_SPEECH_FEATURES,N/A
XGBoost,native,tqwt_minValue_dec_22,0.00025708749308250844,0.0002882118969580103,503.0,PD_SPEECH_FEATURES,N/A
XGBoost,native,app_LT_TKEO_mean_9_coef,0.00024929970968514683,0.0005574510976269509,504.0,PD_SPEECH_FEATURES,N/A
XGBoost,native,app_entropy_shannon_5_coef,0.0002488507889211178,0.0005564472802820709,505.0,PD_SPEECH_FEATURES,N/A
XGBoost,native,tqwt_energy_dec_13,0.00024823650310281666,0.00029360937567209344,506.0,PD_SPEECH_FEATURES,N/A
XGBoost,native,tqwt_entropy_log_dec_14,0.0002460724674165249,0.0005502347645344517,507.0,PD_SPEECH_FEATURES,N/A
XGBoost,native,tqwt_maxValue_dec_23,0.00024594321148470045,0.00039385681308395644,508.0,PD_SPEECH_FEATURES,N/A
XGBoost,native,b2,0.00024566966312704607,0.00030956742712083855,509.0,PD_SPEECH_FEATURES,N/A
XGBoost,native,tqwt_TKEO_mean_dec_24,0.0002423716359771788,0.0002381393077840339,510.0,PD_SPEECH_FEATURES,N/A
XGBoost,native,tqwt_entropy_shannon_dec_13,0.0002346675843000412,0.0002327198455659502,511.0,PD_SPEECH_FEATURES,N/A
XGBoost,native,tqwt_stdValue_dec_31,0.00023374638985842466,0.000522672817218605,512.0,PD_SPEECH_FEATURES,N/A
XGBoost,native,tqwt_entropy_shannon_dec_29,0.00023221747105708345,0.00038590261909683866,513.0,PD_SPEECH_FEATURES,N/A
XGBoost,native,tqwt_kurtosisValue_dec_2,0.00023182597360573708,0.0002324332197681801,514.0,PD_SPEECH_FEATURES,N/A
XGBoost,native,tqwt_energy_dec_29,0.00022262374986894428,0.0003154016800428232,515.0,PD_SPEECH_FEATURES,N/A
XGBoost,native,det_LT_TKEO_std_7_coef,0.0002219206653535366,0.00041432189769597164,516.0,PD_SPEECH_FEATURES,N/A
XGBoost,native,tqwt_energy_dec_31,0.00021570987883023918,0.000157829143972131,517.0,PD_SPEECH_FEATURES,N/A
XGBoost,native,meanNoiseToHarmHarmonicity,0.00021536977219511756,0.000474240473436783,518.0,PD_SPEECH_FEATURES,N/A
XGBoost,native,det_entropy_shannon_5_coef,0.00020847413106821476,0.0004226750346450373,519.0,PD_SPEECH_FEATURES,N/A
XGBoost,native,det_LT_entropy_log_3_coef,0.00020805680396733804,0.00027629270641127787,520.0,PD_SPEECH_FEATURES,N/A
XGBoost,native,tqwt_TKEO_mean_dec_6,0.00020728218369185923,0.0004634970532595956,521.0,PD_SPEECH_FEATURES,N/A
XGBoost,native,tqwt_skewnessValue_dec_22,0.000206176470965147,0.00046102460443908037,522.0,PD_SPEECH_FEATURES,N/A
XGBoost,native,tqwt_stdValue_dec_23,0.00020361600909382104,0.0004552992376409992,523.0,PD_SPEECH_FEATURES,N/A
XGBoost,native,tqwt_medianValue_dec_5,0.00020211825612932445,0.00045195016019888303,524.0,PD_SPEECH_FEATURES,N/A
XGBoost,native,det_LT_entropy_log_5_coef,0.00019469622056931258,0.0003092782334360244,525.0,PD_SPEECH_FEATURES,N/A
XGBoost,native,mean_delta_delta_0th,0.0001923179952427745,0.000430036110659325,526.0,PD_SPEECH_FEATURES,N/A
XGBoost,native,tqwt_maxValue_dec_8,0.00019164307741448283,0.0002672605808183839,527.0,PD_SPEECH_FEATURES,N/A
XGBoost,native,Ed2_5_coef,0.00018901873845607043,0.00042265874820902714,528.0,PD_SPEECH_FEATURES,N/A
XGBoost,native,tqwt_energy_dec_10,0.00018755610162770608,0.0004134622886682074,529.0,PD_SPEECH_FEATURES,N/A
XGBoost,native,tqwt_meanValue_dec_35,0.00018690460419747978,0.00032147531783176665,530.0,PD_SPEECH_FEATURES,N/A
XGBoost,native,det_entropy_shannon_10_coef,0.00018212554859928787,0.0002496230358947975,531.0,PD_SPEECH_FEATURES,N/A
XGBoost,native,Ed2_2_coef,0.0001805069565307349,0.0002489450947630264,532.0,PD_SPEECH_FEATURES,N/A
XGBoost,native,tqwt_medianValue_dec_29,0.00017870348528958857,0.00024512428375653107,533.0,PD_SPEECH_FEATURES,N/A
XGBoost,native,tqwt_minValue_dec_33,0.00017832593293860556,0.00039874890820179083,534.0,PD_SPEECH_FEATURES,N/A
XGBoost,native,tqwt_TKEO_mean_dec_2,0.00017764074145816268,0.00024690720168086535,535.0,PD_SPEECH_FEATURES,N/A
XGBoost,native,tqwt_minValue_dec_36,0.00017687074141576887,0.00039549500103644664,536.0,PD_SPEECH_FEATURES,N/A
XGBoost,native,mean_12th_delta_delta,0.0001761898136464879,0.00023290754514745354,537.0,PD_SPEECH_FEATURES,N/A
XGBoost,native,tqwt_TKEO_mean_dec_22,0.00017609965289011598,0.0003937707946764166,538.0,PD_SPEECH_FEATURES,N/A
XGBoost,native,tqwt_meanValue_dec_22,0.0001750952797010541,0.00024210343740784323,539.0,PD_SPEECH_FEATURES,N/A
XGBoost,native,tqwt_maxValue_dec_36,0.0001687638461589813,0.00037736743215579903,540.0,PD_SPEECH_FEATURES,N/A
XGBoost,native,tqwt_TKEO_std_dec_10,0.00016560498042963445,0.0002778046076126371,541.0,PD_SPEECH_FEATURES,N/A
XGBoost,native,tqwt_entropy_shannon_dec_21,0.00016405003843829037,0.0003668270376594707,542.0,PD_SPEECH_FEATURES,N/A
XGBoost,native,tqwt_skewnessValue_dec_1,0.0001633328094612807,0.0003088601979953721,543.0,PD_SPEECH_FEATURES,N/A
XGBoost,native,tqwt_medianValue_dec_31,0.00016163098625838758,0.00026529976468773613,544.0,PD_SPEECH_FEATURES,N/A
XGBoost,native,tqwt_meanValue_dec_20,0.00016144613473443315,0.00020704125092477362,545.0,PD_SPEECH_FEATURES,N/A
XGBoost,native,tqwt_stdValue_dec_6,0.0001604067743755877,0.0002223488840559984,546.0,PD_SPEECH_FEATURES,N/A
XGBoost,native,tqwt_kurtosisValue_dec_3,0.00015909941139398144,0.00018465737641331018,547.0,PD_SPEECH_FEATURES,N/A
XGBoost,native,tqwt_minValue_dec_31,0.0001576235401444137,0.00035245695061707607,548.0,PD_SPEECH_FEATURES,N/A
XGBoost,native,std_MFCC_9th_coef,0.0001570261287270114,0.0001008571467787266,549.0,PD_SPEECH_FEATURES,N/A
XGBoost,native,det_entropy_shannon_6_coef,0.00015279639046639204,0.0003416631157994534,550.0,PD_SPEECH_FEATURES,N/A
XGBoost,native,tqwt_entropy_shannon_dec_3,0.00015210628625936807,0.00021981288709502144,551.0,PD_SPEECH_FEATURES,N/A
XGBoost,native,app_LT_TKEO_std_6_coef,0.0001475556055083871,0.00024163427006184955,552.0,PD_SPEECH_FEATURES,N/A
XGBoost,native,tqwt_TKEO_std_dec_33,0.00014736740122316404,0.00029478839984677004,553.0,PD_SPEECH_FEATURES,N/A
XGBoost,native,app_LT_entropy_log_5_coef,0.00014545046724379063,0.00032523713211622234,554.0,PD_SPEECH_FEATURES,N/A
XGBoost,native,tqwt_minValue_dec_2,0.00014383592642843723,0.0003216269091006442,555.0,PD_SPEECH_FEATURES,N/A
XGBoost,native,tqwt_maxValue_dec_33,0.00014345084200613202,0.00021259330415890245,556.0,PD_SPEECH_FEATURES,N/A
XGBoost,native,tqwt_TKEO_std_dec_14,0.00014328950783237815,0.00021124435532986088,557.0,PD_SPEECH_FEATURES,N/A
XGBoost,native,tqwt_stdValue_dec_22,0.00013953991001471877,0.00031202072436711483,558.0,PD_SPEECH_FEATURES,N/A
XGBoost,native,app_LT_TKEO_mean_5_coef,0.00013819605810567738,0.00030901578014680544,559.0,PD_SPEECH_FEATURES,N/A
XGBoost,native,det_TKEO_std_5_coef,0.00013760776491835713,0.00030770031658925736,560.0,PD_SPEECH_FEATURES,N/A
XGBoost,native,det_LT_entropy_shannon_3_coef,0.000137265174271306,0.00027718568106453446,561.0,PD_SPEECH_FEATURES,N/A
XGBoost,native,app_LT_entropy_log_6_coef,0.0001370823010802269,0.00030652534372748016,562.0,PD_SPEECH_FEATURES,N/A
XGBoost,native,tqwt_TKEO_mean_dec_29,0.00013041871279710903,0.00023708167591944074,563.0,PD_SPEECH_FEATURES,N/A
XGBoost,native,tqwt_minValue_dec_34,0.00012709242582786828,0.00018141724706563248,564.0,PD_SPEECH_FEATURES,N/A
XGBoost,native,tqwt_meanValue_dec_14,0.00012579280300997197,0.00017225209448724205,565.0,PD_SPEECH_FEATURES,N/A
XGBoost,native,tqwt_energy_dec_22,0.00012347179872449488,0.0002493650754402262,566.0,PD_SPEECH_FEATURES,N/A
XGBoost,native,det_entropy_log_8_coef,0.00012228072155267,0.00027342800572949374,567.0,PD_SPEECH_FEATURES,N/A
XGBoost,native,app_entropy_log_8_coef,0.00012127399677410721,0.000271176900689994,568.0,PD_SPEECH_FEATURES,N/A
XGBoost,native,tqwt_stdValue_dec_24,0.00012005663011223078,0.00016650448729956682,569.0,PD_SPEECH_FEATURES,N/A
XGBoost,native,det_LT_TKEO_std_1_coef,0.00011668893275782466,0.00016533069544426957,570.0,PD_SPEECH_FEATURES,N/A
XGBoost,native,tqwt_medianValue_dec_7,0.00011640092125162483,0.0001896625208891496,571.0,PD_SPEECH_FEATURES,N/A
XGBoost,native,tqwt_TKEO_mean_dec_7,0.00011637068819254636,0.0002602127693869658,572.0,PD_SPEECH_FEATURES,N/A
XGBoost,native,det_LT_entropy_shannon_6_coef,0.00011500382097437978,0.0002571563613709293,573.0,PD_SPEECH_FEATURES,N/A
XGBoost,native,tqwt_meanValue_dec_13,0.00011329394183121622,0.00018674149714746678,574.0,PD_SPEECH_FEATURES,N/A
XGBoost,native,tqwt_TKEO_std_dec_15,0.0001114921411499381,0.00015798911564141312,575.0,PD_SPEECH_FEATURES,N/A
XGBoost,native,app_entropy_shannon_6_coef,0.00011112745851278305,0.0002484885514013706,576.0,PD_SPEECH_FEATURES,N/A
XGBoost,native,tqwt_medianValue_dec_22,0.00011038676602765918,0.00024683231265421035,577.0,PD_SPEECH_FEATURES,N/A
XGBoost,native,app_LT_TKEO_std_4_coef,0.00010872137499973178,0.00024310838510664643,578.0,PD_SPEECH_FEATURES,N/A
XGBoost,native,tqwt_meanValue_dec_34,0.00010765695478767156,0.00024072826915585508,579.0,PD_SPEECH_FEATURES,N/A
XGBoost,native,tqwt_meanValue_dec_3,0.00010605592979118228,0.00023714826843002865,580.0,PD_SPEECH_FEATURES,N/A
XGBoost,native,tqwt_maxValue_dec_34,9.730075253173709e-05,0.00021757109692284888,581.0,PD_SPEECH_FEATURES,N/A
XGBoost,native,tqwt_meanValue_dec_18,9.468336356803775e-05,0.00021171843727645943,582.0,PD_SPEECH_FEATURES,N/A
XGBoost,native,tqwt_stdValue_dec_14,9.182875510305166e-05,0.0002053353386996042,583.0,PD_SPEECH_FEATURES,N/A
XGBoost,native,det_entropy_shannon_3_coef,9.120298200286925e-05,0.00020393606750910556,584.0,PD_SPEECH_FEATURES,N/A
XGBoost,native,mean_Log_energy,9.09143767785281e-05,0.00020329072660881715,585.0,PD_SPEECH_FEATURES,N/A
XGBoost,native,tqwt_TKEO_std_dec_34,9.078484727069736e-05,0.00020300108982421552,586.0,PD_SPEECH_FEATURES,N/A
XGBoost,native,app_LT_TKEO_std_2_coef,8.950191549956798e-05,0.00020013236717347606,587.0,PD_SPEECH_FEATURES,N/A
XGBoost,native,tqwt_maxValue_dec_35,8.765346137806773e-05,0.00019599909810451185,588.0,PD_SPEECH_FEATURES,N/A
XGBoost,native,det_entropy_shannon_1_coef,8.33885045722127e-05,0.00011562928115087576,589.0,PD_SPEECH_FEATURES,N/A
XGBoost,native,apq5Shimmer,8.141110301949084e-05,0.0001820407604748199,590.0,PD_SPEECH_FEATURES,N/A
XGBoost,native,tqwt_medianValue_dec_15,8.032139739952982e-05,0.00011078705799003914,591.0,PD_SPEECH_FEATURES,N/A
XGBoost,native,tqwt_stdValue_dec_21,7.80476548243314e-05,0.00017451986167164442,592.0,PD_SPEECH_FEATURES,N/A
XGBoost,native,det_TKEO_mean_6_coef,7.734846440143883e-05,0.0001729564243568398,593.0,PD_SPEECH_FEATURES,N/A
XGBoost,native,app_det_TKEO_mean_8_coef,7.602980476804078e-05,0.0001700078117773768,594.0,PD_SPEECH_FEATURES,N/A
XGBoost,native,app_LT_TKEO_mean_6_coef,7.51853222027421e-05,0.00016811949135555555,595.0,PD_SPEECH_FEATURES,N/A
XGBoost,native,tqwt_TKEO_std_dec_36,7.48301565181464e-05,0.00016732531674152433,596.0,PD_SPEECH_FEATURES,N/A
XGBoost,native,det_LT_entropy_shannon_7_coef,7.406112854368985e-05,0.00016560571791404048,597.0,PD_SPEECH_FEATURES,N/A
XGBoost,native,tqwt_maxValue_dec_16,7.293286034837365e-05,0.00016308283353246247,598.0,PD_SPEECH_FEATURES,N/A
XGBoost,native,det_TKEO_mean_5_coef,7.198637977126054e-05,0.00014863831489101686,599.0,PD_SPEECH_FEATURES,N/A
XGBoost,native,mean_5th_delta_delta,7.143918192014098e-05,0.00015974286703040918,600.0,PD_SPEECH_FEATURES,N/A
XGBoost,native,Ed2_4_coef,7.04897742252797e-05,0.00011004233644998083,601.0,PD_SPEECH_FEATURES,N/A
XGBoost,native,std_delta_delta_0th,6.850072386441753e-05,0.0001297533030340419,602.0,PD_SPEECH_FEATURES,N/A
XGBoost,native,tqwt_entropy_shannon_dec_4,6.740086828358472e-05,0.000150712923224605,603.0,PD_SPEECH_FEATURES,N/A
XGBoost,native,tqwt_TKEO_mean_dec_13,6.246980046853423e-05,0.00013968672038849075,604.0,PD_SPEECH_FEATURES,N/A
XGBoost,native,det_LT_TKEO_mean_3_coef,6.153698777779936e-05,0.0001376008878017331,605.0,PD_SPEECH_FEATURES,N/A
XGBoost,native,app_LT_entropy_log_3_coef,5.840742378495634e-05,0.00013060296997380042,606.0,PD_SPEECH_FEATURES,N/A
XGBoost,native,det_LT_TKEO_mean_6_coef,5.6231528287753466e-05,0.0001257375197301191,607.0,PD_SPEECH_FEATURES,N/A
XGBoost,native,det_LT_TKEO_std_9_coef,5.162993329577148e-05,0.00011544804052312478,608.0,PD_SPEECH_FEATURES,N/A
XGBoost,native,tqwt_maxValue_dec_22,4.9507262883707884e-05,0.00011070160518792309,609.0,PD_SPEECH_FEATURES,N/A
XGBoost,native,det_entropy_shannon_8_coef,4.895656602457166e-05,0.00010947020957589887,610.0,PD_SPEECH_FEATURES,N/A
XGBoost,native,tqwt_entropy_shannon_dec_5,4.6329485485330224e-05,0.00010359587890778821,611.0,PD_SPEECH_FEATURES,N/A
XGBoost,native,tqwt_kurtosisValue_dec_29,4.629388859029859e-05,0.00010351628183070957,612.0,PD_SPEECH_FEATURES,N/A
XGBoost,native,tqwt_maxValue_dec_6,4.5892770867794755e-05,0.00010261935533621109,613.0,PD_SPEECH_FEATURES,N/A
XGBoost,native,app_entropy_log_6_coef,4.514691245276481e-05,0.00010095156521861389,614.0,PD_SPEECH_FEATURES,N/A
XGBoost,native,app_det_TKEO_mean_1_coef,4.286181356292218e-05,9.584192876561645e-05,615.0,PD_SPEECH_FEATURES,N/A
XGBoost,native,tqwt_skewnessValue_dec_34,4.227772587910295e-05,9.453586899977625e-05,616.0,PD_SPEECH_FEATURES,N/A
XGBoost,native,VFER_entropy,4.1150156175717714e-05,9.201454649363759e-05,617.0,PD_SPEECH_FEATURES,N/A
XGBoost,native,tqwt_minValue_dec_14,3.815955715253949e-05,8.532736378436661e-05,618.0,PD_SPEECH_FEATURES,N/A
XGBoost,native,tqwt_minValue_dec_29,3.755086509045213e-05,8.396628695617477e-05,619.0,PD_SPEECH_FEATURES,N/A
XGBoost,native,app_LT_TKEO_mean_8_coef,3.317939699627459e-05,7.419138713612232e-05,620.0,PD_SPEECH_FEATURES,N/A
XGBoost,native,det_TKEO_std_9_coef,2.579924766905606e-05,5.768887155636234e-05,621.0,PD_SPEECH_FEATURES,N/A
XGBoost,native,det_LT_entropy_log_10_coef,2.0275851420592515e-05,4.5338182078130546e-05,622.0,PD_SPEECH_FEATURES,N/A
XGBoost,native,tqwt_maxValue_dec_19,1.9741919822990893e-05,4.414427473055825e-05,623.0,PD_SPEECH_FEATURES,N/A
XGBoost,native,tqwt_stdValue_dec_32,1.9328446069266646e-05,4.321971931031883e-05,624.0,PD_SPEECH_FEATURES,N/A
XGBoost,native,tqwt_maxValue_dec_24,1.7200141155626624e-05,3.8460684846572926e-05,625.0,PD_SPEECH_FEATURES,N/A
XGBoost,native,det_LT_TKEO_std_6_coef,1.595706125954166e-05,3.568107369746357e-05,626.0,PD_SPEECH_FEATURES,N/A
XGBoost,native,det_TKEO_mean_7_coef,1.4443251711782067e-05,3.22960926436849e-05,627.0,PD_SPEECH_FEATURES,N/A
XGBoost,native,det_LT_entropy_shannon_2_coef,1.1051923502236605e-05,2.4712852233128597e-05,628.0,PD_SPEECH_FEATURES,N/A
XGBoost,native,meanHarmToNoiseHarmonicity,1.1001253733411432e-05,2.4599551185631312e-05,629.0,PD_SPEECH_FEATURES,N/A
XGBoost,native,det_LT_TKEO_std_3_coef,1.0946731345029548e-05,2.4477635418913778e-05,630.0,PD_SPEECH_FEATURES,N/A
XGBoost,native,tqwt_TKEO_std_dec_28,6.711273454129696e-06,1.5006863659023818e-05,631.0,PD_SPEECH_FEATURES,N/A
XGBoost,native,tqwt_TKEO_std_dec_27,6.702791870338842e-06,1.4987898261110609e-05,632.0,PD_SPEECH_FEATURES,N/A
XGBoost,native,det_entropy_shannon_4_coef,6.193722219904884e-06,1.3849583917458223e-05,633.0,PD_SPEECH_FEATURES,N/A
XGBoost,native,tqwt_energy_dec_5,5.314555528457276e-06,1.1883707431827788e-05,634.0,PD_SPEECH_FEATURES,N/A
XGBoost,native,det_LT_entropy_log_4_coef,2.039871287706774e-06,4.561290864662377e-06,635.0,PD_SPEECH_FEATURES,N/A
XGBoost,native,tqwt_maxValue_dec_15,8.66462414705893e-07,1.9374688592309904e-06,636.0,PD_SPEECH_FEATURES,N/A
XGBoost,native,Ea,0.0,0.0,637.0,PD_SPEECH_FEATURES,N/A
XGBoost,native,Ea2,0.0,0.0,637.0,PD_SPEECH_FEATURES,N/A
XGBoost,native,Ed2_10_coef,0.0,0.0,637.0,PD_SPEECH_FEATURES,N/A
XGBoost,native,Ed2_1_coef,0.0,0.0,637.0,PD_SPEECH_FEATURES,N/A
XGBoost,native,Ed2_3_coef,0.0,0.0,637.0,PD_SPEECH_FEATURES,N/A
XGBoost,native,Ed2_6_coef,0.0,0.0,637.0,PD_SPEECH_FEATURES,N/A
XGBoost,native,Ed2_8_coef,0.0,0.0,637.0,PD_SPEECH_FEATURES,N/A
XGBoost,native,Ed2_9_coef,0.0,0.0,637.0,PD_SPEECH_FEATURES,N/A
XGBoost,native,Ed_6_coef,0.0,0.0,637.0,PD_SPEECH_FEATURES,N/A
XGBoost,native,Ed_7_coef,0.0,0.0,637.0,PD_SPEECH_FEATURES,N/A
XGBoost,native,Ed_9_coef,0.0,0.0,637.0,PD_SPEECH_FEATURES,N/A
XGBoost,native,app_LT_TKEO_mean_10_coef,0.0,0.0,637.0,PD_SPEECH_FEATURES,N/A
XGBoost,native,app_LT_TKEO_std_10_coef,0.0,0.0,637.0,PD_SPEECH_FEATURES,N/A
XGBoost,native,app_LT_TKEO_std_5_coef,0.0,0.0,637.0,PD_SPEECH_FEATURES,N/A
XGBoost,native,app_LT_TKEO_std_7_coef,0.0,0.0,637.0,PD_SPEECH_FEATURES,N/A
XGBoost,native,app_LT_TKEO_std_9_coef,0.0,0.0,637.0,PD_SPEECH_FEATURES,N/A
XGBoost,native,app_LT_entropy_log_10_coef,0.0,0.0,637.0,PD_SPEECH_FEATURES,N/A
XGBoost,native,app_LT_entropy_log_2_coef,0.0,0.0,637.0,PD_SPEECH_FEATURES,N/A
XGBoost,native,app_LT_entropy_log_4_coef,0.0,0.0,637.0,PD_SPEECH_FEATURES,N/A
XGBoost,native,app_LT_entropy_log_7_coef,0.0,0.0,637.0,PD_SPEECH_FEATURES,N/A
XGBoost,native,app_LT_entropy_log_8_coef,0.0,0.0,637.0,PD_SPEECH_FEATURES,N/A
XGBoost,native,app_LT_entropy_log_9_coef,0.0,0.0,637.0,PD_SPEECH_FEATURES,N/A
XGBoost,native,app_LT_entropy_shannon_10_coef,0.0,0.0,637.0,PD_SPEECH_FEATURES,N/A
XGBoost,native,app_LT_entropy_shannon_1_coef,0.0,0.0,637.0,PD_SPEECH_FEATURES,N/A
XGBoost,native,app_LT_entropy_shannon_2_coef,0.0,0.0,637.0,PD_SPEECH_FEATURES,N/A
XGBoost,native,app_LT_entropy_shannon_3_coef,0.0,0.0,637.0,PD_SPEECH_FEATURES,N/A
XGBoost,native,app_LT_entropy_shannon_4_coef,0.0,0.0,637.0,PD_SPEECH_FEATURES,N/A
XGBoost,native,app_LT_entropy_shannon_5_coef,0.0,0.0,637.0,PD_SPEECH_FEATURES,N/A
XGBoost,native,app_LT_entropy_shannon_8_coef,0.0,0.0,637.0,PD_SPEECH_FEATURES,N/A
XGBoost,native,app_LT_entropy_shannon_9_coef,0.0,0.0,637.0,PD_SPEECH_FEATURES,N/A
XGBoost,native,app_TKEO_std_10_coef,0.0,0.0,637.0,PD_SPEECH_FEATURES,N/A
XGBoost,native,app_TKEO_std_1_coef,0.0,0.0,637.0,PD_SPEECH_FEATURES,N/A
XGBoost,native,app_TKEO_std_2_coef,0.0,0.0,637.0,PD_SPEECH_FEATURES,N/A
XGBoost,native,app_TKEO_std_3_coef,0.0,0.0,637.0,PD_SPEECH_FEATURES,N/A
XGBoost,native,app_TKEO_std_4_coef,0.0,0.0,637.0,PD_SPEECH_FEATURES,N/A
XGBoost,native,app_TKEO_std_6_coef,0.0,0.0,637.0,PD_SPEECH_FEATURES,N/A
XGBoost,native,app_TKEO_std_8_coef,0.0,0.0,637.0,PD_SPEECH_FEATURES,N/A
XGBoost,native,app_TKEO_std_9_coef,0.0,0.0,637.0,PD_SPEECH_FEATURES,N/A
XGBoost,native,app_det_TKEO_mean_10_coef,0.0,0.0,637.0,PD_SPEECH_FEATURES,N/A
XGBoost,native,app_det_TKEO_mean_7_coef,0.0,0.0,637.0,PD_SPEECH_FEATURES,N/A
XGBoost,native,app_det_TKEO_mean_9_coef,0.0,0.0,637.0,PD_SPEECH_FEATURES,N/A
XGBoost,native,app_entropy_log_10_coef,0.0,0.0,637.0,PD_SPEECH_FEATURES,N/A
XGBoost,native,app_entropy_log_1_coef,0.0,0.0,637.0,PD_SPEECH_FEATURES,N/A
XGBoost,native,app_entropy_log_2_coef,0.0,0.0,637.0,PD_SPEECH_FEATURES,N/A
XGBoost,native,app_entropy_log_3_coef,0.0,0.0,637.0,PD_SPEECH_FEATURES,N/A
XGBoost,native,app_entropy_log_4_coef,0.0,0.0,637.0,PD_SPEECH_FEATURES,N/A
XGBoost,native,app_entropy_log_5_coef,0.0,0.0,637.0,PD_SPEECH_FEATURES,N/A
XGBoost,native,app_entropy_log_7_coef,0.0,0.0,637.0,PD_SPEECH_FEATURES,N/A
XGBoost,native,app_entropy_log_9_coef,0.0,0.0,637.0,PD_SPEECH_FEATURES,N/A
XGBoost,native,app_entropy_shannon_10_coef,0.0,0.0,637.0,PD_SPEECH_FEATURES,N/A
XGBoost,native,app_entropy_shannon_2_coef,0.0,0.0,637.0,PD_SPEECH_FEATURES,N/A
XGBoost,native,app_entropy_shannon_4_coef,0.0,0.0,637.0,PD_SPEECH_FEATURES,N/A
XGBoost,native,app_entropy_shannon_7_coef,0.0,0.0,637.0,PD_SPEECH_FEATURES,N/A
XGBoost,native,app_entropy_shannon_8_coef,0.0,0.0,637.0,PD_SPEECH_FEATURES,N/A
XGBoost,native,app_entropy_shannon_9_coef,0.0,0.0,637.0,PD_SPEECH_FEATURES,N/A
XGBoost,native,ddaShimmer,0.0,0.0,637.0,PD_SPEECH_FEATURES,N/A
XGBoost,native,ddpJitter,0.0,0.0,637.0,PD_SPEECH_FEATURES,N/A
XGBoost,native,det_LT_TKEO_mean_10_coef,0.0,0.0,637.0,PD_SPEECH_FEATURES,N/A
XGBoost,native,det_LT_TKEO_mean_5_coef,0.0,0.0,637.0,PD_SPEECH_FEATURES,N/A
XGBoost,native,det_LT_TKEO_mean_7_coef,0.0,0.0,637.0,PD_SPEECH_FEATURES,N/A
XGBoost,native,det_LT_TKEO_mean_9_coef,0.0,0.0,637.0,PD_SPEECH_FEATURES,N/A
XGBoost,native,det_LT_TKEO_std_10_coef,0.0,0.0,637.0,PD_SPEECH_FEATURES,N/A
XGBoost,native,det_LT_TKEO_std_5_coef,0.0,0.0,637.0,PD_SPEECH_FEATURES,N/A
XGBoost,native,det_LT_TKEO_std_8_coef,0.0,0.0,637.0,PD_SPEECH_FEATURES,N/A
XGBoost,native,det_LT_entropy_shannon_10_coef,0.0,0.0,637.0,PD_SPEECH_FEATURES,N/A
XGBoost,native,det_LT_entropy_shannon_5_coef,0.0,0.0,637.0,PD_SPEECH_FEATURES,N/A
XGBoost,native,det_LT_entropy_shannon_9_coef,0.0,0.0,637.0,PD_SPEECH_FEATURES,N/A
XGBoost,native,det_TKEO_mean_10_coef,0.0,0.0,637.0,PD_SPEECH_FEATURES,N/A
XGBoost,native,det_TKEO_mean_4_coef,0.0,0.0,637.0,PD_SPEECH_FEATURES,N/A
XGBoost,native,det_TKEO_mean_9_coef,0.0,0.0,637.0,PD_SPEECH_FEATURES,N/A
XGBoost,native,det_TKEO_std_10_coef,0.0,0.0,637.0,PD_SPEECH_FEATURES,N/A
XGBoost,native,det_TKEO_std_3_coef,0.0,0.0,637.0,PD_SPEECH_FEATURES,N/A
XGBoost,native,det_TKEO_std_6_coef,0.0,0.0,637.0,PD_SPEECH_FEATURES,N/A
XGBoost,native,det_TKEO_std_7_coef,0.0,0.0,637.0,PD_SPEECH_FEATURES,N/A
XGBoost,native,det_entropy_shannon_2_coef,0.0,0.0,637.0,PD_SPEECH_FEATURES,N/A
XGBoost,native,det_entropy_shannon_7_coef,0.0,0.0,637.0,PD_SPEECH_FEATURES,N/A
XGBoost,native,mean_4th_delta,0.0,0.0,637.0,PD_SPEECH_FEATURES,N/A
XGBoost,native,rapJitter,0.0,0.0,637.0,PD_SPEECH_FEATURES,N/A
XGBoost,native,std_MFCC_11th_coef,0.0,0.0,637.0,PD_SPEECH_FEATURES,N/A
XGBoost,native,tqwt_TKEO_mean_dec_10,0.0,0.0,637.0,PD_SPEECH_FEATURES,N/A
XGBoost,native,tqwt_TKEO_mean_dec_33,0.0,0.0,637.0,PD_SPEECH_FEATURES,N/A
XGBoost,native,tqwt_TKEO_mean_dec_35,0.0,0.0,637.0,PD_SPEECH_FEATURES,N/A
XGBoost,native,tqwt_TKEO_mean_dec_5,0.0,0.0,637.0,PD_SPEECH_FEATURES,N/A
XGBoost,native,tqwt_TKEO_std_dec_1,0.0,0.0,637.0,PD_SPEECH_FEATURES,N/A
XGBoost,native,tqwt_TKEO_std_dec_23,0.0,0.0,637.0,PD_SPEECH_FEATURES,N/A
XGBoost,native,tqwt_TKEO_std_dec_30,0.0,0.0,637.0,PD_SPEECH_FEATURES,N/A
XGBoost,native,tqwt_TKEO_std_dec_35,0.0,0.0,637.0,PD_SPEECH_FEATURES,N/A
XGBoost,native,tqwt_TKEO_std_dec_8,0.0,0.0,637.0,PD_SPEECH_FEATURES,N/A
XGBoost,native,tqwt_entropy_log_dec_15,0.0,0.0,637.0,PD_SPEECH_FEATURES,N/A
XGBoost,native,tqwt_entropy_log_dec_4,0.0,0.0,637.0,PD_SPEECH_FEATURES,N/A
XGBoost,native,tqwt_entropy_log_dec_5,0.0,0.0,637.0,PD_SPEECH_FEATURES,N/A
XGBoost,native,tqwt_entropy_shannon_dec_10,0.0,0.0,637.0,PD_SPEECH_FEATURES,N/A
XGBoost,native,tqwt_entropy_shannon_dec_9,0.0,0.0,637.0,PD_SPEECH_FEATURES,N/A
XGBoost,native,tqwt_maxValue_dec_14,0.0,0.0,637.0,PD_SPEECH_FEATURES,N/A
XGBoost,native,tqwt_maxValue_dec_18,0.0,0.0,637.0,PD_SPEECH_FEATURES,N/A
XGBoost,native,tqwt_maxValue_dec_29,0.0,0.0,637.0,PD_SPEECH_FEATURES,N/A
XGBoost,native,tqwt_maxValue_dec_30,0.0,0.0,637.0,PD_SPEECH_FEATURES,N/A
XGBoost,native,tqwt_maxValue_dec_9,0.0,0.0,637.0,PD_SPEECH_FEATURES,N/A
XGBoost,native,tqwt_minValue_dec_15,0.0,0.0,637.0,PD_SPEECH_FEATURES,N/A
XGBoost,native,tqwt_minValue_dec_23,0.0,0.0,637.0,PD_SPEECH_FEATURES,N/A
XGBoost,native,tqwt_minValue_dec_35,0.0,0.0,637.0,PD_SPEECH_FEATURES,N/A
XGBoost,native,tqwt_skewnessValue_dec_5,0.0,0.0,637.0,PD_SPEECH_FEATURES,N/A
XGBoost,native,tqwt_stdValue_dec_10,0.0,0.0,637.0,PD_SPEECH_FEATURES,N/A
XGBoost,native,tqwt_stdValue_dec_12,0.0,0.0,637.0,PD_SPEECH_FEATURES,N/A
XGBoost,native,tqwt_stdValue_dec_15,0.0,0.0,637.0,PD_SPEECH_FEATURES,N/A
XGBoost,native,tqwt_stdValue_dec_16,0.0,0.0,637.0,PD_SPEECH_FEATURES,N/A
XGBoost,native,tqwt_stdValue_dec_18,0.0,0.0,637.0,PD_SPEECH_FEATURES,N/A
XGBoost,native,tqwt_stdValue_dec_19,0.0,0.0,637.0,PD_SPEECH_FEATURES,N/A
XGBoost,native,tqwt_stdValue_dec_2,0.0,0.0,637.0,PD_SPEECH_FEATURES,N/A
XGBoost,native,tqwt_stdValue_dec_3,0.0,0.0,637.0,PD_SPEECH_FEATURES,N/A
XGBoost,native,tqwt_stdValue_dec_34,0.0,0.0,637.0,PD_SPEECH_FEATURES,N/A
XGBoost,native,tqwt_stdValue_dec_35,0.0,0.0,637.0,PD_SPEECH_FEATURES,N/A
XGBoost,native,tqwt_stdValue_dec_36,0.0,0.0,637.0,PD_SPEECH_FEATURES,N/A
XGBoost,native,tqwt_stdValue_dec_7,0.0,0.0,637.0,PD_SPEECH_FEATURES,N/A
XGBoost,native,tqwt_stdValue_dec_8,0.0,0.0,637.0,PD_SPEECH_FEATURES,N/A
XGBoost,native,tqwt_stdValue_dec_9,0.0,0.0,637.0,PD_SPEECH_FEATURES,N/A
